id_cliente,nome_cliente,cidade,estado,data_cadastro,status_cliente
1,Gestão Liberdade Móveis S.A.,Anápolis,GO,2026-02-11,Ativo
2,Negócios Capital Tecnologia Comércio e Serviços,Palmas,TO,2025-04-27,Ativo
3,Consultoria Imperial Materiais S.A.,Porto Alegre,RS,2024-01-07,Ativo
4,Grupo Continental Suprimentos Ltda.,Campinas,SP,2024-09-04,Ativo
5,Logística Atlântica Serviços Empresariais Empresarial,Manaus,AM,2025-01-02,Ativo
6,Distribuidora Veredas Equipamentos Ltda.,Uberlândia,MG,2023-07-07,Ativo
7,Consultoria Sinergia Equipamentos S.A.,Joinville,SC,2022-01-05,Ativo
8,Empreendimentos Sinergia Transportes Empresarial,Santos,SP,2023-12-27,Ativo
9,Corporativa Buriti Serviços Empresariais Comércio e Serviços,Londrina,PR,2025-03-31,Ativo
10,Grupo Nacional Materiais Comércio e Serviços,Joinville,SC,2024-03-16,Ativo
11,Indústria Araucária Comunicação Empresarial,Londrina,PR,2025-05-14,Inativo
12,Importadora Estrela Materiais Comércio e Serviços,Natal,RN,2022-07-09,Ativo
13,Comercial Master Sistemas Ltda.,Londrina,PR,2024-03-03,Inativo
14,Varejista Monte Azul Materiais Ltda.,Belém,PA,2025-11-20,Ativo
15,Integração Prime Comércio Ltda.,Joinville,SC,2024-06-24,Ativo
16,Soluções Jatobá Engenharia Empresarial,Salvador,BA,2026-07-27,Ativo
17,Representações Continental Construção S.A.,São Luís,MA,2024-02-10,Ativo
18,Importadora Monte Azul Comunicação Comércio e Serviços,Ribeirão Preto,SP,2022-07-25,Ativo
19,Empreendimentos Prime Transportes Comércio e Serviços,Recife,PE,2022-07-12,Ativo
20,Consultoria Araucária Sistemas Comércio e Serviços,Anápolis,GO,2023-10-28,Ativo
21,Tecnologia Alvorada Comércio S.A.,São Paulo,SP,2025-12-19,Inativo
22,Consultoria Delta Sistemas Ltda.,São Luís,MA,2022-12-10,Ativo
23,Grupo Real Suprimentos Ltda.,Rio de Janeiro,RJ,2023-08-27,Ativo
24,Companhia Nova Era Suprimentos Ltda.,Campo Grande,MS,2025-01-27,Ativo
25,Distribuidora Capital Transportes Empresarial,São Paulo,SP,2023-10-23,Ativo
26,Representações Confiança Equipamentos Empresarial,Porto Alegre,RS,2023-01-30,Ativo
27,Varejista Bandeirante Sistemas Comércio e Serviços,Manaus,AM,2024-11-01,Ativo
28,Serviços Cristal Tecnologia Empresarial,Porto Alegre,RS,2025-06-13,Ativo
29,Logística Amazônia Transportes Comércio e Serviços,Rio de Janeiro,RJ,2022-08-13,Ativo
30,Serviços Esperança Serviços Empresariais S.A.,Teresina,PI,2026-02-16,Ativo
31,Serviços Primavera Equipamentos Comércio e Serviços,Cuiabá,MT,2025-01-08,Ativo
32,Companhia Nova Era Alimentos Ltda.,Recife,PE,2022-12-06,Ativo
33,Integração Real Comércio Empresarial,Maceió,AL,2023-06-18,Ativo
34,Consultoria Buriti Alimentos Ltda.,Campo Grande,MS,2023-09-14,Ativo
35,Serviços Nova Era Engenharia Ltda.,Brasília,DF,2023-03-09,Ativo
36,Soluções União Serviços Empresariais Ltda.,Uberlândia,MG,2023-11-17,Ativo
37,Indústria Planalto Comunicação Ltda.,João Pessoa,PB,2025-01-11,Ativo
38,Indústria Diamante Serviços Empresariais Empresarial,Boa Vista,RR,2026-01-12,Ativo
39,Companhia Global Suprimentos S.A.,Macapá,AP,2026-04-05,Ativo
40,Gestão Alvorada Equipamentos S.A.,Boa Vista,RR,2026-04-13,Ativo
41,Grupo Bandeirante Sistemas Empresarial,Manaus,AM,2025-10-30,Ativo
42,Representações Primavera Construção Ltda.,Aracaju,SE,2022-08-25,Ativo
43,Consultoria Dinâmica Construção Comércio e Serviços,Rio Branco,AC,2024-09-01,Ativo
44,Serviços Orbe Móveis Ltda.,Recife,PE,2024-01-26,Ativo
45,Soluções Veredas Sistemas Ltda.,São Paulo,SP,2024-01-05,Ativo
46,Soluções Safira Construção Empresarial,Rio de Janeiro,RJ,2026-05-02,Ativo
47,Indústria Liberdade Serviços Empresariais Empresarial,Fortaleza,CE,2023-07-20,Ativo
48,Soluções Pantanal Alimentos Empresarial,Niterói,RJ,2025-06-07,Ativo
49,Importadora Ápice Soluções Digitais Ltda.,João Pessoa,PB,2024-08-05,Ativo
50,Negócios Dinâmica Construção S.A.,Belo Horizonte,MG,2023-06-16,Inativo
51,Serviços Imperial Transportes Empresarial,João Pessoa,PB,2022-03-05,Ativo
52,Indústria Amazônia Alimentos Ltda.,Belo Horizonte,MG,2022-08-13,Ativo
53,Comercial Continental Soluções Digitais Empresarial,Juiz de Fora,MG,2024-12-13,Ativo
54,Indústria Vale Verde Comércio Comércio e Serviços,João Pessoa,PB,2023-03-26,Ativo
55,Serviços Ouro Alimentos Ltda.,Recife,PE,2026-06-16,Ativo
56,Corporativa Buriti Sistemas Empresarial,Porto Alegre,RS,2025-02-25,Ativo
57,Gestão Progresso Engenharia Comércio e Serviços,Campo Grande,MS,2025-02-15,Ativo
58,Grupo Continental Soluções Digitais Empresarial,Santos,SP,2023-09-18,Ativo
59,Integração Vanguarda Comércio S.A.,Uberlândia,MG,2025-11-08,Ativo
60,Serviços Safira Tecnologia Empresarial,Anápolis,GO,2026-03-17,Ativo
61,Distribuidora Progresso Soluções Digitais Comércio e Serviços,Londrina,PR,2025-09-14,Ativo
62,Tecnologia Cerrado Comunicação Empresarial,Fortaleza,CE,2022-05-15,Ativo
63,Mercantil Cedro Construção Comércio e Serviços,Maringá,PR,2022-08-26,Ativo
64,Negócios Planalto Equipamentos Ltda.,São Paulo,SP,2023-10-10,Ativo
65,Empreendimentos Cedro Sistemas Comércio e Serviços,Brasília,DF,2023-11-15,Ativo
66,Negócios Horizonte Alimentos Empresarial,Anápolis,GO,2024-08-25,Ativo
67,Negócios Excelência Engenharia Comércio e Serviços,Uberlândia,MG,2023-03-27,Ativo
68,Logística Alvorada Alimentos Ltda.,Niterói,RJ,2026-06-03,Ativo
69,Grupo Referência Alimentos Empresarial,Campinas,SP,2024-04-27,Ativo
70,Representações Pioneira Equipamentos Comércio e Serviços,São Paulo,SP,2025-03-28,Ativo
71,Corporativa Sol Nascente Serviços Empresariais S.A.,Natal,RN,2024-07-21,Ativo
72,Representações Prime Materiais Ltda.,Curitiba,PR,2023-02-16,Ativo
73,Tecnologia Sinergia Sistemas Empresarial,Belo Horizonte,MG,2023-11-13,Inativo
74,Empreendimentos Alvorada Energia Empresarial,Brasília,DF,2024-02-21,Ativo
75,Representações Brasília Comunicação Ltda.,Brasília,DF,2022-10-20,Ativo
76,Integração União Serviços Empresariais Empresarial,Palmas,TO,2024-12-17,Ativo
77,Atacadista Confiança Tecnologia Ltda.,Santos,SP,2024-06-05,Ativo
78,Varejista Excelência Engenharia Empresarial,Curitiba,PR,2022-12-28,Ativo
79,Representações Central Comunicação Ltda.,Belo Horizonte,MG,2026-02-06,Ativo
80,Importadora Diamante Comunicação Empresarial,Joinville,SC,2025-07-19,Ativo
81,Empreendimentos Avante Transportes Comércio e Serviços,Niterói,RJ,2025-11-15,Ativo
82,Negócios Referência Transportes S.A.,Uberlândia,MG,2023-05-13,Ativo
83,Gestão Primavera Materiais S.A.,Goiânia,GO,2022-04-20,Ativo
84,Corporativa Aroeira Comunicação S.A.,Aracaju,SE,2025-10-15,Ativo
85,Companhia Aroeira Energia Empresarial,Londrina,PR,2023-04-08,Inativo
86,Negócios Diamante Transportes Ltda.,São Paulo,SP,2023-12-01,Ativo
87,Grupo Nacional Soluções Digitais Empresarial,Teresina,PI,2023-08-26,Ativo
88,Empreendimentos Alvorada Materiais Ltda.,Goiânia,GO,2023-01-13,Ativo
89,Distribuidora Vector Comércio S.A.,Aracaju,SE,2025-05-07,Ativo
90,Companhia Imperial Engenharia S.A.,Porto Alegre,RS,2022-02-20,Ativo
91,Gestão Pioneira Equipamentos S.A.,Boa Vista,RR,2025-06-20,Ativo
92,Varejista Pantanal Serviços Empresariais S.A.,Porto Velho,RO,2022-11-21,Ativo
93,Soluções Estrela Engenharia Comércio e Serviços,Boa Vista,RR,2022-12-15,Ativo
94,Gestão Cerrado Comunicação S.A.,Fortaleza,CE,2025-05-21,Ativo
95,Serviços Planalto Transportes S.A.,Juiz de Fora,MG,2026-04-05,Ativo
96,Comercial Progresso Suprimentos Comércio e Serviços,Cuiabá,MT,2026-02-04,Ativo
97,Logística Pacífico Construção Comércio e Serviços,Fortaleza,CE,2023-10-30,Ativo
98,Distribuidora Estrela Sistemas S.A.,Anápolis,GO,2023-05-07,Ativo
99,Logística Confiança Transportes S.A.,Manaus,AM,2023-10-11,Ativo
100,Negócios Ipê Construção S.A.,Cuiabá,MT,2022-12-13,Ativo
101,Distribuidora Cristal Tecnologia S.A.,Joinville,SC,2025-11-24,Ativo
102,Importadora Real Transportes Ltda.,Santos,SP,2024-10-26,Ativo
103,Integração Primavera Serviços Empresariais Empresarial,Manaus,AM,2026-07-17,Ativo
104,Negócios Serra Equipamentos S.A.,Vitória,ES,2026-05-01,Inativo
105,Gestão Suprema Equipamentos Empresarial,Curitiba,PR,2025-11-15,Ativo
106,Atacadista Ipê Tecnologia Comércio e Serviços,Recife,PE,2026-04-16,Ativo
107,Representações Luz Sistemas S.A.,Ribeirão Preto,SP,2024-04-23,Ativo
108,Companhia Buriti Transportes S.A.,São Paulo,SP,2023-12-19,Ativo
109,Importadora Cerrado Suprimentos S.A.,Teresina,PI,2024-01-28,Ativo
110,Negócios Excelência Comércio Ltda.,Boa Vista,RR,2023-02-03,Ativo
111,Mercantil Continental Móveis Comércio e Serviços,Fortaleza,CE,2023-09-11,Ativo
112,Logística Litoral Equipamentos Empresarial,Joinville,SC,2024-08-26,Ativo
113,Varejista Serra Sistemas Comércio e Serviços,São Luís,MA,2022-09-21,Ativo
114,Comercial Orbe Serviços Empresariais Comércio e Serviços,Porto Velho,RO,2023-09-01,Ativo
115,Negócios Conquista Materiais Empresarial,Palmas,TO,2022-06-08,Ativo
116,Consultoria Avante Transportes S.A.,Palmas,TO,2022-05-22,Ativo
117,Representações Planalto Construção Ltda.,Florianópolis,SC,2024-02-22,Ativo
118,Indústria Sol Nascente Materiais S.A.,Londrina,PR,2025-01-01,Ativo
119,Empreendimentos Esperança Comércio Ltda.,Fortaleza,CE,2022-06-06,Inativo
120,Representações Diamante Móveis Comércio e Serviços,Juiz de Fora,MG,2024-11-28,Ativo
121,Logística Premium Tecnologia S.A.,Joinville,SC,2025-01-04,Ativo
122,Integração Referência Alimentos Ltda.,Rio Branco,AC,2022-04-17,Ativo
123,Comercial Primavera Tecnologia Ltda.,Macapá,AP,2024-07-13,Ativo
124,Integração Metropolitana Sistemas Empresarial,Rio de Janeiro,RJ,2025-06-10,Ativo
125,Distribuidora Cedro Sistemas Empresarial,Juiz de Fora,MG,2025-09-26,Ativo
126,Consultoria Ipê Comércio S.A.,Palmas,TO,2023-08-13,Ativo
127,Soluções Liberdade Tecnologia Ltda.,Manaus,AM,2023-06-06,Ativo
128,Comercial Ideal Alimentos Empresarial,Recife,PE,2024-07-03,Ativo
129,Gestão Master Equipamentos Empresarial,Ribeirão Preto,SP,2022-05-06,Ativo
130,Empreendimentos Sigma Suprimentos S.A.,Macapá,AP,2023-02-05,Ativo
131,Indústria Central Transportes S.A.,Uberlândia,MG,2022-07-27,Inativo
132,Empreendimentos Monte Azul Tecnologia Empresarial,Aracaju,SE,2026-01-05,Ativo
133,Consultoria Monte Azul Suprimentos Ltda.,São Paulo,SP,2025-01-22,Ativo
134,Soluções Nova Era Alimentos S.A.,São Luís,MA,2022-09-01,Ativo
135,Serviços Aroeira Energia S.A.,Goiânia,GO,2023-12-03,Ativo
136,Varejista Atlântica Engenharia Empresarial,Manaus,AM,2026-05-15,Inativo
137,Importadora Integra Móveis S.A.,Florianópolis,SC,2023-12-13,Ativo
138,Mercantil Dinâmica Serviços Empresariais Empresarial,Joinville,SC,2024-03-24,Ativo
139,Grupo Master Energia S.A.,Porto Velho,RO,2022-01-20,Ativo
140,Distribuidora Sol Nascente Construção S.A.,Belo Horizonte,MG,2025-09-08,Ativo
141,Representações Nexus Energia Comércio e Serviços,Curitiba,PR,2024-10-22,Ativo
142,Mercantil Amazônia Tecnologia Empresarial,Rio de Janeiro,RJ,2025-02-19,Ativo
143,Importadora Planalto Engenharia Comércio e Serviços,Fortaleza,CE,2022-01-15,Ativo
144,Soluções Capital Equipamentos Empresarial,Aracaju,SE,2023-09-08,Ativo
145,Companhia Metropolitana Comércio Comércio e Serviços,Goiânia,GO,2023-12-18,Inativo
146,Comercial Estrela Soluções Digitais Comércio e Serviços,Maringá,PR,2025-05-01,Ativo
147,Logística Essencial Comunicação Ltda.,Maringá,PR,2022-04-30,Ativo
148,Gestão Planalto Engenharia Comércio e Serviços,Rio Branco,AC,2024-09-28,Inativo
149,Representações Liberdade Alimentos S.A.,Porto Alegre,RS,2025-03-22,Ativo
150,Serviços Progresso Equipamentos Empresarial,Natal,RN,2022-09-09,Ativo
151,Distribuidora Brasília Soluções Digitais Comércio e Serviços,Goiânia,GO,2026-05-26,Ativo
152,Comercial Estrela Sistemas S.A.,Joinville,SC,2024-08-04,Ativo
153,Varejista Horizonte Suprimentos Empresarial,Salvador,BA,2026-02-14,Ativo
154,Logística Pantanal Sistemas Comércio e Serviços,Belo Horizonte,MG,2024-09-07,Ativo
155,Tecnologia Integra Materiais Ltda.,Maceió,AL,2022-09-11,Ativo
156,Grupo Pantanal Equipamentos Empresarial,Curitiba,PR,2026-07-20,Ativo
157,Mercantil Suprema Engenharia Comércio e Serviços,Natal,RN,2023-12-14,Ativo
158,Importadora Buriti Serviços Empresariais S.A.,Ribeirão Preto,SP,2022-04-27,Ativo
159,Comercial Veredas Equipamentos S.A.,Aracaju,SE,2026-04-05,Ativo
160,Integração Serra Comércio Comércio e Serviços,Florianópolis,SC,2026-06-12,Ativo
161,Distribuidora Master Engenharia Ltda.,Natal,RN,2024-03-26,Ativo
162,Representações Prime Tecnologia Empresarial,Porto Velho,RO,2022-07-10,Ativo
163,Negócios Serra Materiais Comércio e Serviços,Boa Vista,RR,2022-09-16,Ativo
164,Distribuidora Cedro Comércio S.A.,Ribeirão Preto,SP,2023-10-05,Ativo
165,Consultoria Nova Era Materiais Comércio e Serviços,Macapá,AP,2025-05-16,Ativo
166,Varejista União Construção Comércio e Serviços,Cuiabá,MT,2024-09-05,Ativo
167,Logística Delta Serviços Empresariais Comércio e Serviços,Londrina,PR,2024-01-25,Ativo
168,Comercial Pantanal Engenharia Comércio e Serviços,Salvador,BA,2026-02-12,Ativo
169,Companhia Conquista Móveis Empresarial,Rio de Janeiro,RJ,2024-08-27,Ativo
170,Integração Liberdade Transportes Empresarial,Santos,SP,2025-01-22,Ativo
171,Serviços Alvorada Comunicação Comércio e Serviços,Florianópolis,SC,2022-12-07,Ativo
172,Atacadista Safira Engenharia Comércio e Serviços,Porto Velho,RO,2025-05-23,Ativo
173,Grupo Fortaleza Materiais Ltda.,Ribeirão Preto,SP,2023-11-16,Inativo
174,Empreendimentos Veredas Equipamentos Ltda.,Aracaju,SE,2025-04-09,Ativo
175,Grupo Sinergia Suprimentos Empresarial,João Pessoa,PB,2025-01-17,Ativo
176,Logística Suprema Energia Empresarial,Goiânia,GO,2023-07-21,Ativo
177,Atacadista Conecta Energia S.A.,Salvador,BA,2022-05-12,Ativo
178,Representações Continental Materiais Empresarial,Aracaju,SE,2026-07-14,Inativo
179,Logística Ouro Tecnologia S.A.,Feira de Santana,BA,2022-12-31,Ativo
180,Integração Pantanal Comunicação Ltda.,Juiz de Fora,MG,2025-09-22,Ativo
181,Empreendimentos Continental Tecnologia Ltda.,Brasília,DF,2022-09-21,Ativo
182,Comercial Monte Azul Construção Empresarial,Feira de Santana,BA,2022-04-15,Ativo
183,Integração Atlântica Serviços Empresariais Comércio e Serviços,Goiânia,GO,2023-09-19,Ativo
184,Mercantil Evolução Transportes Comércio e Serviços,Porto Alegre,RS,2022-05-14,Inativo
185,Logística Referência Energia Empresarial,Florianópolis,SC,2025-10-26,Ativo
186,Representações Cedro Soluções Digitais Comércio e Serviços,Brasília,DF,2025-05-22,Ativo
187,Consultoria Cerrado Alimentos Comércio e Serviços,Rio de Janeiro,RJ,2022-03-14,Ativo
188,Logística Sol Nascente Móveis S.A.,Boa Vista,RR,2025-04-05,Inativo
189,Logística Alvorada Suprimentos Ltda.,Palmas,TO,2024-08-07,Ativo
190,Varejista Fortaleza Tecnologia Comércio e Serviços,Maceió,AL,2026-07-14,Ativo
191,Grupo Premium Materiais Empresarial,Caxias do Sul,RS,2022-11-23,Ativo
192,Integração Primavera Tecnologia Empresarial,São Luís,MA,2024-02-19,Ativo
193,Serviços União Comunicação S.A.,Rio de Janeiro,RJ,2025-02-08,Ativo
194,Tecnologia Atlântica Serviços Empresariais Ltda.,Porto Velho,RO,2026-03-05,Ativo
195,Logística Conquista Comércio Comércio e Serviços,Fortaleza,CE,2024-06-01,Ativo
196,Serviços Nexus Materiais Empresarial,Recife,PE,2024-11-28,Ativo
197,Comercial Dinâmica Tecnologia S.A.,Joinville,SC,2022-11-08,Ativo
198,Representações Central Materiais Empresarial,Rio Branco,AC,2024-08-30,Ativo
199,Importadora Primavera Móveis Comércio e Serviços,Anápolis,GO,2023-12-04,Ativo
200,Grupo Sol Nascente Sistemas Comércio e Serviços,Natal,RN,2023-09-01,Ativo
201,Consultoria Metropolitana Energia Comércio e Serviços,Porto Velho,RO,2022-12-08,Ativo
202,Logística Litoral Comércio Empresarial,Salvador,BA,2026-01-16,Ativo
203,Empreendimentos Nacional Construção Empresarial,Porto Velho,RO,2022-08-03,Ativo
204,Tecnologia Excelência Serviços Empresariais Comércio e Serviços,Niterói,RJ,2022-02-19,Ativo
205,Distribuidora Nova Era Soluções Digitais Comércio e Serviços,Brasília,DF,2023-08-03,Inativo
206,Soluções Nacional Serviços Empresariais Ltda.,Caxias do Sul,RS,2026-06-29,Ativo
207,Representações Ideal Móveis S.A.,Fortaleza,CE,2022-01-11,Ativo
208,Corporativa Litoral Alimentos Ltda.,Niterói,RJ,2025-04-05,Ativo
209,Corporativa Atlântica Engenharia S.A.,São Luís,MA,2023-06-14,Ativo
210,Companhia Ômega Suprimentos S.A.,Niterói,RJ,2024-04-20,Ativo
211,Representações Araucária Alimentos Comércio e Serviços,Fortaleza,CE,2024-09-03,Ativo
212,Comercial Progresso Alimentos Ltda.,Manaus,AM,2022-02-23,Ativo
213,Gestão Fortaleza Alimentos Empresarial,Curitiba,PR,2023-07-08,Ativo
214,Importadora Essencial Equipamentos Empresarial,Rio Branco,AC,2024-09-14,Ativo
215,Comercial Ápice Comércio S.A.,Campinas,SP,2024-06-13,Ativo
216,Empreendimentos Orbe Engenharia S.A.,Campinas,SP,2023-04-13,Ativo
217,Logística Premium Alimentos Ltda.,Feira de Santana,BA,2024-11-23,Ativo
218,Integração Cristal Suprimentos Comércio e Serviços,Londrina,PR,2025-05-16,Ativo
219,Gestão Global Construção Ltda.,São Luís,MA,2025-02-17,Ativo
220,Gestão Luz Engenharia S.A.,Goiânia,GO,2025-06-19,Ativo
221,Negócios Ômega Comunicação Comércio e Serviços,Juiz de Fora,MG,2023-05-14,Ativo
222,Representações Dinâmica Móveis Ltda.,Belo Horizonte,MG,2022-06-15,Ativo
223,Companhia Estrela Transportes Empresarial,Anápolis,GO,2025-12-25,Ativo
224,Atacadista Fortaleza Materiais Comércio e Serviços,Florianópolis,SC,2024-10-04,Ativo
225,Atacadista Horizonte Móveis Comércio e Serviços,João Pessoa,PB,2022-04-06,Ativo
226,Serviços Excelência Comunicação Empresarial,Belo Horizonte,MG,2025-02-14,Ativo
227,Soluções Pantanal Energia Ltda.,Feira de Santana,BA,2025-12-05,Ativo
228,Grupo Luz Construção Empresarial,Campo Grande,MS,2023-10-20,Ativo
229,Companhia Ouro Serviços Empresariais Ltda.,Caxias do Sul,RS,2023-03-21,Ativo
230,Indústria Esperança Alimentos Comércio e Serviços,Rio Branco,AC,2025-04-17,Ativo
231,Companhia Planalto Equipamentos Empresarial,Manaus,AM,2025-10-04,Ativo
232,Tecnologia Regional Alimentos S.A.,Boa Vista,RR,2023-01-19,Ativo
233,Empreendimentos Horizonte Alimentos Comércio e Serviços,Uberlândia,MG,2023-04-01,Ativo
234,Consultoria Global Engenharia Empresarial,Campinas,SP,2024-12-07,Ativo
235,Negócios Jatobá Equipamentos Ltda.,Palmas,TO,2023-09-06,Ativo
236,Representações Safira Energia S.A.,Porto Alegre,RS,2022-04-27,Ativo
237,Comercial Sol Nascente Móveis Empresarial,Belém,PA,2022-05-24,Ativo
238,Logística Alvorada Serviços Empresariais Ltda.,Manaus,AM,2024-10-01,Ativo
239,Importadora Sinergia Construção Ltda.,Recife,PE,2024-01-09,Ativo
240,Integração Sigma Comunicação Ltda.,Niterói,RJ,2026-07-12,Ativo
241,Importadora Vanguarda Materiais Comércio e Serviços,Juiz de Fora,MG,2022-03-02,Inativo
242,Distribuidora Bandeirante Energia Empresarial,Juiz de Fora,MG,2025-01-29,Ativo
243,Negócios Bandeirante Comércio S.A.,Curitiba,PR,2022-08-05,Ativo
244,Empreendimentos Real Suprimentos S.A.,Uberlândia,MG,2022-07-08,Ativo
245,Atacadista Real Materiais Comércio e Serviços,Rio de Janeiro,RJ,2025-01-26,Ativo
246,Varejista Ouro Comunicação Ltda.,Feira de Santana,BA,2022-07-01,Ativo
247,Grupo Referência Materiais Empresarial,Natal,RN,2024-06-09,Ativo
248,Negócios União Construção S.A.,Caxias do Sul,RS,2022-11-23,Ativo
249,Corporativa Orbe Construção Ltda.,Uberlândia,MG,2025-12-30,Ativo
250,Corporativa Essencial Comércio Ltda.,Salvador,BA,2024-05-28,Ativo
251,Tecnologia Sinergia Soluções Digitais Empresarial,Maringá,PR,2025-08-28,Ativo
252,Mercantil Pioneira Suprimentos S.A.,Aracaju,SE,2025-11-13,Ativo
253,Negócios Esperança Soluções Digitais Comércio e Serviços,Fortaleza,CE,2022-03-24,Ativo
254,Gestão Delta Transportes Ltda.,Brasília,DF,2023-10-21,Ativo
255,Tecnologia Primavera Comunicação Ltda.,Brasília,DF,2025-12-19,Ativo
256,Negócios Orbe Engenharia Empresarial,Palmas,TO,2023-09-23,Ativo
257,Mercantil Nova Era Equipamentos S.A.,João Pessoa,PB,2023-05-16,Ativo
258,Negócios Progresso Engenharia S.A.,João Pessoa,PB,2023-08-26,Ativo
259,Mercantil Diamante Tecnologia Empresarial,Juiz de Fora,MG,2022-09-06,Ativo
260,Integração Monte Azul Transportes Ltda.,Manaus,AM,2025-12-16,Ativo
261,Integração Prime Materiais S.A.,Porto Velho,RO,2025-03-19,Ativo
262,Mercantil Excelência Móveis S.A.,Santos,SP,2022-09-12,Ativo
263,Serviços Cristal Suprimentos Comércio e Serviços,Brasília,DF,2023-08-12,Ativo
264,Grupo Vale Verde Construção Comércio e Serviços,Feira de Santana,BA,2022-02-04,Ativo
265,Atacadista Diamante Suprimentos Ltda.,Curitiba,PR,2022-07-04,Ativo
266,Mercantil Aroeira Serviços Empresariais S.A.,Fortaleza,CE,2025-11-06,Ativo
267,Corporativa Vitória Serviços Empresariais Empresarial,Brasília,DF,2023-02-08,Ativo
268,Empreendimentos Ouro Construção Ltda.,Belém,PA,2025-11-14,Ativo
269,Comercial Ideal Tecnologia Comércio e Serviços,Juiz de Fora,MG,2025-04-13,Ativo
270,Gestão Alvorada Alimentos S.A.,Ribeirão Preto,SP,2026-07-17,Ativo
271,Logística Master Móveis Empresarial,Porto Velho,RO,2025-08-09,Ativo
272,Atacadista Cerrado Tecnologia Comércio e Serviços,Palmas,TO,2025-10-15,Ativo
273,Consultoria Metropolitana Materiais Ltda.,Palmas,TO,2023-06-05,Ativo
274,Soluções Metropolitana Suprimentos S.A.,Vitória,ES,2023-06-05,Ativo
275,Tecnologia Horizonte Suprimentos Ltda.,Aracaju,SE,2025-06-02,Ativo
276,Serviços Imperial Sistemas Empresarial,Porto Velho,RO,2022-08-06,Ativo
277,Companhia Sol Nascente Soluções Digitais Ltda.,Manaus,AM,2024-04-29,Ativo
278,Integração Sol Nascente Serviços Empresariais S.A.,Macapá,AP,2022-03-17,Ativo
279,Logística Estrela Equipamentos Ltda.,Porto Velho,RO,2025-05-23,Ativo
280,Mercantil Global Equipamentos S.A.,Goiânia,GO,2024-07-05,Ativo
281,Mercantil Cerrado Comunicação Ltda.,Campinas,SP,2024-03-05,Ativo
282,Varejista Alvorada Alimentos S.A.,Belém,PA,2026-02-09,Ativo
283,Logística Atlântica Materiais Ltda.,Santos,SP,2024-02-08,Ativo
284,Grupo Conecta Comércio Ltda.,Boa Vista,RR,2022-03-05,Ativo
285,Gestão Real Engenharia Ltda.,Porto Alegre,RS,2024-11-29,Ativo
286,Negócios Estrela Suprimentos Ltda.,Aracaju,SE,2024-10-27,Ativo
287,Importadora Diamante Materiais S.A.,Campinas,SP,2022-07-09,Ativo
288,Importadora Esperança Soluções Digitais S.A.,Caxias do Sul,RS,2025-02-24,Ativo
289,Integração Global Comércio Comércio e Serviços,Natal,RN,2024-01-30,Ativo
290,Atacadista Buriti Equipamentos S.A.,Florianópolis,SC,2025-12-26,Ativo
291,Importadora Regional Tecnologia Comércio e Serviços,Santos,SP,2023-07-05,Ativo
292,Consultoria Pantanal Comunicação Empresarial,São Paulo,SP,2024-03-07,Ativo
293,Companhia União Construção Ltda.,Anápolis,GO,2024-12-23,Ativo
294,Corporativa Vector Equipamentos Ltda.,Belo Horizonte,MG,2023-12-10,Ativo
295,Comercial Fortaleza Energia S.A.,Vitória,ES,2024-10-08,Inativo
296,Grupo Sinergia Equipamentos S.A.,Maringá,PR,2026-01-24,Ativo
297,Tecnologia Jatobá Alimentos Empresarial,Recife,PE,2025-10-13,Ativo
298,Comercial Imperial Construção S.A.,Manaus,AM,2024-12-02,Ativo
299,Companhia Sigma Móveis Empresarial,Maceió,AL,2025-02-27,Ativo
300,Varejista Delta Construção S.A.,Natal,RN,2022-05-06,Ativo
301,Empreendimentos Real Móveis S.A.,Macapá,AP,2023-11-14,Ativo
302,Consultoria Suprema Materiais Ltda.,Vitória,ES,2023-05-05,Ativo
303,Comercial Ápice Energia Ltda.,Londrina,PR,2022-02-06,Ativo
304,Consultoria Cristal Equipamentos Ltda.,Curitiba,PR,2024-03-19,Ativo
305,Distribuidora Sol Nascente Tecnologia Empresarial,Teresina,PI,2023-01-30,Ativo
306,Soluções Suprema Alimentos Ltda.,Natal,RN,2025-03-31,Ativo
307,Tecnologia Sinergia Suprimentos Ltda.,Teresina,PI,2023-06-04,Ativo
308,Logística Planalto Serviços Empresariais S.A.,Porto Velho,RO,2023-12-22,Ativo
309,Indústria Cedro Móveis Ltda.,Boa Vista,RR,2025-09-29,Ativo
310,Tecnologia Regional Equipamentos S.A.,Vitória,ES,2022-11-07,Ativo
311,Varejista Suprema Alimentos Ltda.,Belo Horizonte,MG,2024-10-22,Ativo
312,Soluções Real Energia Ltda.,Palmas,TO,2022-11-01,Ativo
313,Gestão Dinâmica Suprimentos Ltda.,Feira de Santana,BA,2023-06-03,Ativo
314,Serviços Premium Alimentos Comércio e Serviços,Maringá,PR,2025-03-23,Ativo
315,Logística Vector Comércio Empresarial,Feira de Santana,BA,2026-06-06,Ativo
316,Serviços Brasília Alimentos Empresarial,Caxias do Sul,RS,2026-07-15,Ativo
317,Representações Conquista Soluções Digitais Empresarial,Palmas,TO,2022-11-22,Ativo
318,Mercantil Horizonte Comércio S.A.,João Pessoa,PB,2023-07-21,Ativo
319,Grupo Araucária Alimentos Comércio e Serviços,Caxias do Sul,RS,2023-05-15,Ativo
320,Importadora Excelência Tecnologia S.A.,Manaus,AM,2025-12-07,Ativo
321,Consultoria Excelência Equipamentos Empresarial,Brasília,DF,2026-05-14,Ativo
322,Varejista Orbe Materiais S.A.,Joinville,SC,2025-06-12,Ativo
323,Tecnologia Sol Nascente Serviços Empresariais Comércio e Serviços,Macapá,AP,2023-04-02,Ativo
324,Integração Amazônia Materiais Empresarial,Maceió,AL,2024-10-27,Ativo
325,Representações Brasília Alimentos Ltda.,Curitiba,PR,2022-12-13,Ativo
326,Representações Pioneira Engenharia Ltda.,Goiânia,GO,2025-01-03,Ativo
327,Companhia Ideal Materiais Comércio e Serviços,Ribeirão Preto,SP,2022-02-26,Ativo
328,Soluções Metropolitana Construção Comércio e Serviços,Natal,RN,2022-12-19,Ativo
329,Importadora Pacífico Comunicação Ltda.,Teresina,PI,2023-10-10,Ativo
330,Grupo Aroeira Transportes Ltda.,Macapá,AP,2022-07-14,Ativo
331,Mercantil Estrela Alimentos S.A.,Feira de Santana,BA,2025-02-09,Ativo
332,Importadora Suprema Móveis Empresarial,Aracaju,SE,2023-06-19,Ativo
333,Serviços Conecta Soluções Digitais S.A.,São Paulo,SP,2026-03-01,Ativo
334,Gestão Nexus Engenharia Comércio e Serviços,Londrina,PR,2025-10-15,Ativo
335,Representações Nova Era Comunicação Comércio e Serviços,Caxias do Sul,RS,2026-06-15,Ativo
336,Empreendimentos Litoral Alimentos Empresarial,Teresina,PI,2025-10-07,Ativo
337,Companhia Real Alimentos Ltda.,Boa Vista,RR,2022-11-22,Ativo
338,Negócios Pacífico Comércio Empresarial,Joinville,SC,2023-07-26,Ativo
339,Grupo Essencial Soluções Digitais Comércio e Serviços,Florianópolis,SC,2025-11-10,Ativo
340,Grupo Sol Nascente Engenharia S.A.,Anápolis,GO,2023-11-11,Ativo
341,Atacadista Nexus Tecnologia Comércio e Serviços,Recife,PE,2023-06-24,Ativo
342,Comercial Aroeira Suprimentos Empresarial,Salvador,BA,2024-05-17,Ativo
343,Importadora Sinergia Tecnologia Comércio e Serviços,Porto Alegre,RS,2023-11-08,Ativo
344,Importadora Primavera Serviços Empresariais Ltda.,Londrina,PR,2026-07-14,Ativo
345,Empreendimentos Sigma Comunicação Ltda.,Manaus,AM,2022-03-28,Inativo
346,Companhia Vanguarda Equipamentos S.A.,Vitória,ES,2025-12-16,Ativo
347,Atacadista Excelência Energia Comércio e Serviços,Cuiabá,MT,2025-07-03,Ativo
348,Gestão Fortaleza Serviços Empresariais Empresarial,Juiz de Fora,MG,2023-01-27,Ativo
349,Indústria Brasília Equipamentos S.A.,Porto Velho,RO,2024-12-18,Ativo
350,Indústria Metropolitana Alimentos Ltda.,Niterói,RJ,2022-02-15,Ativo
351,Logística Serra Tecnologia Empresarial,Rio de Janeiro,RJ,2023-09-25,Ativo
352,Mercantil Integra Materiais Comércio e Serviços,Maringá,PR,2022-12-21,Ativo
353,Consultoria Integra Tecnologia S.A.,Londrina,PR,2024-06-03,Ativo
354,Negócios Progresso Serviços Empresariais Ltda.,Campinas,SP,2025-10-16,Ativo
355,Logística Sigma Materiais Comércio e Serviços,Palmas,TO,2023-08-24,Inativo
356,Soluções Avante Engenharia Ltda.,Joinville,SC,2025-11-07,Ativo
357,Empreendimentos Fortaleza Comércio S.A.,Joinville,SC,2023-12-07,Inativo
358,Companhia Ideal Comunicação Ltda.,Anápolis,GO,2022-05-30,Ativo
359,Indústria Orbe Serviços Empresariais S.A.,Rio de Janeiro,RJ,2024-02-09,Inativo
360,Soluções Ipê Suprimentos Ltda.,Rio de Janeiro,RJ,2025-07-18,Ativo
361,Gestão Central Equipamentos S.A.,Manaus,AM,2022-04-21,Ativo
362,Grupo Suprema Energia S.A.,Ribeirão Preto,SP,2026-03-09,Ativo
363,Comercial Metropolitana Equipamentos Comércio e Serviços,Niterói,RJ,2025-12-13,Ativo
364,Soluções Amazônia Soluções Digitais Empresarial,Anápolis,GO,2025-06-28,Ativo
365,Importadora Referência Materiais Empresarial,Vitória,ES,2022-08-08,Ativo
366,Importadora Progresso Tecnologia Ltda.,Rio Branco,AC,2023-09-01,Ativo
367,Consultoria Real Alimentos Comércio e Serviços,Cuiabá,MT,2022-09-02,Ativo
368,Comercial Luz Tecnologia Ltda.,Niterói,RJ,2023-11-04,Ativo
369,Comercial Serra Energia Empresarial,Feira de Santana,BA,2026-04-03,Ativo
370,Importadora Vale Verde Transportes S.A.,Brasília,DF,2024-03-23,Ativo
371,Consultoria Nexus Serviços Empresariais S.A.,Natal,RN,2023-09-16,Ativo
372,Serviços Vector Sistemas Empresarial,Joinville,SC,2026-03-13,Ativo
373,Tecnologia Amazônia Energia S.A.,Rio de Janeiro,RJ,2025-12-03,Ativo
374,Corporativa Cedro Alimentos S.A.,Belém,PA,2025-05-25,Ativo
375,Logística Central Materiais Comércio e Serviços,Fortaleza,CE,2024-10-06,Inativo
376,Varejista Confiança Alimentos Empresarial,Palmas,TO,2024-12-24,Ativo
377,Gestão Sol Nascente Materiais Ltda.,Teresina,PI,2025-06-05,Ativo
378,Mercantil Diamante Sistemas Empresarial,João Pessoa,PB,2023-09-28,Ativo
379,Consultoria Diamante Tecnologia Comércio e Serviços,Ribeirão Preto,SP,2022-04-01,Ativo
380,Companhia Buriti Alimentos Empresarial,Natal,RN,2023-06-22,Ativo
381,Indústria Bandeirante Tecnologia S.A.,Rio de Janeiro,RJ,2026-02-08,Ativo
382,Importadora Cerrado Energia S.A.,Aracaju,SE,2023-06-16,Ativo
383,Grupo Cristal Soluções Digitais Comércio e Serviços,Campo Grande,MS,2024-12-05,Ativo
384,Mercantil Ipê Comunicação Comércio e Serviços,Vitória,ES,2024-04-20,Ativo
385,Corporativa Araucária Construção Empresarial,João Pessoa,PB,2025-08-27,Ativo
386,Gestão Atlântica Sistemas S.A.,Porto Alegre,RS,2022-04-26,Ativo
387,Empreendimentos Avante Sistemas Ltda.,Macapá,AP,2025-10-16,Ativo
388,Integração Amazônia Comércio S.A.,Brasília,DF,2022-01-31,Ativo
389,Representações Horizonte Sistemas Ltda.,Teresina,PI,2025-06-16,Ativo
390,Negócios Sigma Materiais S.A.,Rio de Janeiro,RJ,2026-02-25,Ativo
391,Gestão Ideal Suprimentos S.A.,Juiz de Fora,MG,2025-03-15,Ativo
392,Distribuidora Delta Móveis Ltda.,Santos,SP,2025-08-21,Ativo
393,Serviços Ipê Transportes Empresarial,Joinville,SC,2022-05-04,Ativo
394,Consultoria Metropolitana Móveis Empresarial,Porto Velho,RO,2024-09-11,Ativo
395,Indústria Essencial Transportes Comércio e Serviços,Ribeirão Preto,SP,2022-10-17,Ativo
396,Negócios Brasília Comércio Ltda.,Palmas,TO,2025-08-20,Ativo
397,Serviços Continental Móveis Comércio e Serviços,Londrina,PR,2022-07-09,Ativo
398,Atacadista Atlântica Tecnologia S.A.,Vitória,ES,2025-09-17,Ativo
399,Distribuidora Jatobá Sistemas Empresarial,Porto Alegre,RS,2024-03-16,Ativo
400,Integração Avante Energia Ltda.,Rio de Janeiro,RJ,2024-05-28,Ativo
401,Representações Sol Nascente Soluções Digitais S.A.,Uberlândia,MG,2026-05-20,Ativo
402,Mercantil Amazônia Comunicação Comércio e Serviços,Manaus,AM,2026-05-05,Ativo
403,Integração Referência Comércio Comércio e Serviços,Belém,PA,2025-10-25,Ativo
404,Varejista Confiança Tecnologia S.A.,Niterói,RJ,2023-09-03,Ativo
405,Soluções Sigma Construção Ltda.,Rio Branco,AC,2022-10-10,Ativo
406,Mercantil Master Materiais Comércio e Serviços,Campinas,SP,2023-12-19,Inativo
407,Logística Pioneira Sistemas Empresarial,Belo Horizonte,MG,2022-07-06,Ativo
408,Consultoria Luz Equipamentos Comércio e Serviços,Feira de Santana,BA,2025-10-24,Ativo
409,Consultoria Metropolitana Tecnologia Comércio e Serviços,Niterói,RJ,2025-07-29,Ativo
410,Corporativa Nexus Alimentos Ltda.,Anápolis,GO,2025-03-28,Ativo
411,Indústria Pantanal Móveis Comércio e Serviços,Feira de Santana,BA,2026-04-12,Ativo
412,Varejista Suprema Tecnologia Ltda.,Belém,PA,2023-02-07,Ativo
413,Atacadista Amazônia Construção Ltda.,Feira de Santana,BA,2024-08-04,Ativo
414,Grupo Evolução Tecnologia Comércio e Serviços,Teresina,PI,2022-06-13,Ativo
415,Soluções Nacional Comunicação S.A.,João Pessoa,PB,2024-01-06,Ativo
416,Empreendimentos Alvorada Engenharia S.A.,Macapá,AP,2023-07-18,Ativo
417,Negócios Araucária Serviços Empresariais Comércio e Serviços,Porto Velho,RO,2025-01-16,Ativo
418,Comercial Prime Móveis Empresarial,Juiz de Fora,MG,2023-05-30,Ativo
419,Varejista Pantanal Construção S.A.,Ribeirão Preto,SP,2025-12-22,Ativo
420,Serviços Cerrado Tecnologia Comércio e Serviços,Juiz de Fora,MG,2022-12-08,Ativo
421,Importadora Cedro Suprimentos Empresarial,Rio Branco,AC,2026-06-30,Ativo
422,Soluções Veredas Transportes Comércio e Serviços,Recife,PE,2026-01-05,Ativo
423,Distribuidora Avante Serviços Empresariais Ltda.,Feira de Santana,BA,2025-10-20,Ativo
424,Mercantil Global Soluções Digitais Comércio e Serviços,Feira de Santana,BA,2024-06-23,Ativo
425,Negócios Cerrado Energia Comércio e Serviços,Salvador,BA,2024-12-08,Ativo
426,Corporativa Pacífico Comunicação Comércio e Serviços,Palmas,TO,2024-08-07,Inativo
427,Corporativa União Transportes Ltda.,Vitória,ES,2026-03-24,Ativo
428,Serviços Ipê Equipamentos S.A.,Londrina,PR,2024-10-17,Inativo
429,Comercial Conecta Materiais S.A.,Porto Alegre,RS,2025-11-16,Ativo
430,Empreendimentos Planalto Construção Ltda.,Belo Horizonte,MG,2026-07-05,Inativo
431,Integração Regional Móveis S.A.,Boa Vista,RR,2025-09-13,Ativo
432,Soluções Avante Materiais Ltda.,Manaus,AM,2023-03-23,Ativo
433,Varejista Global Tecnologia Empresarial,Vitória,ES,2026-05-30,Ativo
434,Corporativa Buriti Comércio Empresarial,Londrina,PR,2022-11-14,Ativo
435,Empreendimentos Cerrado Móveis Ltda.,Cuiabá,MT,2025-10-24,Ativo
436,Mercantil Premium Suprimentos Ltda.,Aracaju,SE,2025-08-17,Ativo
437,Varejista Planalto Móveis Empresarial,Curitiba,PR,2023-11-03,Ativo
438,Gestão Cedro Soluções Digitais Comércio e Serviços,Maceió,AL,2023-12-07,Ativo
439,Serviços Pioneira Construção Ltda.,Goiânia,GO,2026-06-10,Ativo
440,Distribuidora Sinergia Construção Empresarial,Boa Vista,RR,2024-11-13,Ativo
441,Consultoria Global Soluções Digitais Comércio e Serviços,Brasília,DF,2024-02-23,Ativo
442,Consultoria Nacional Soluções Digitais Empresarial,Goiânia,GO,2026-07-11,Ativo
443,Varejista Pioneira Engenharia Comércio e Serviços,Uberlândia,MG,2025-07-25,Ativo
444,Mercantil Real Móveis Empresarial,São Paulo,SP,2026-04-13,Ativo
445,Mercantil Vale Verde Móveis Comércio e Serviços,Boa Vista,RR,2022-05-12,Ativo
446,Distribuidora Central Engenharia Empresarial,Florianópolis,SC,2024-03-15,Ativo
447,Representações Ouro Alimentos Ltda.,Porto Velho,RO,2024-09-26,Ativo
448,Representações Central Energia Empresarial,Caxias do Sul,RS,2022-06-03,Ativo
449,Corporativa Conquista Sistemas Empresarial,Belo Horizonte,MG,2024-02-23,Ativo
450,Atacadista Essencial Comunicação Comércio e Serviços,Cuiabá,MT,2023-05-15,Ativo
451,Varejista Veredas Suprimentos Ltda.,João Pessoa,PB,2024-03-10,Ativo
452,Distribuidora Excelência Energia Empresarial,Rio Branco,AC,2022-08-13,Ativo
453,Soluções Ipê Tecnologia Ltda.,Joinville,SC,2022-11-22,Ativo
454,Consultoria Nexus Construção S.A.,Florianópolis,SC,2024-03-05,Ativo
455,Grupo Ouro Alimentos Empresarial,Niterói,RJ,2024-01-21,Ativo
456,Atacadista Ouro Alimentos Ltda.,Uberlândia,MG,2023-07-26,Ativo
457,Grupo Evolução Serviços Empresariais S.A.,Ribeirão Preto,SP,2025-05-20,Ativo
458,Indústria Orbe Engenharia Comércio e Serviços,Teresina,PI,2024-02-28,Ativo
459,Comercial Orbe Comunicação Empresarial,Porto Alegre,RS,2025-10-08,Ativo
460,Companhia Real Alimentos S.A.,Aracaju,SE,2025-08-16,Ativo
461,Representações Araucária Comércio Ltda.,São Paulo,SP,2022-09-28,Ativo
462,Atacadista Sinergia Materiais Comércio e Serviços,Porto Alegre,RS,2023-01-12,Ativo
463,Indústria Evolução Soluções Digitais S.A.,Maringá,PR,2022-01-13,Ativo
464,Corporativa Nova Era Alimentos S.A.,Macapá,AP,2023-03-30,Ativo
465,Serviços Metropolitana Engenharia Ltda.,Curitiba,PR,2025-12-08,Ativo
466,Atacadista Ápice Tecnologia Comércio e Serviços,Feira de Santana,BA,2025-11-03,Ativo
467,Negócios Avante Alimentos Ltda.,Porto Velho,RO,2022-09-13,Ativo
468,Empreendimentos Vanguarda Sistemas S.A.,Caxias do Sul,RS,2024-03-03,Ativo
469,Distribuidora Sol Nascente Serviços Empresariais Comércio e Serviços,Santos,SP,2024-04-02,Ativo
470,Indústria Bandeirante Construção S.A.,São Paulo,SP,2022-10-16,Ativo
471,Representações Vector Materiais Comércio e Serviços,Santos,SP,2024-10-09,Ativo
472,Empreendimentos Referência Tecnologia Empresarial,Goiânia,GO,2022-12-06,Ativo
473,Indústria Evolução Construção Comércio e Serviços,Curitiba,PR,2026-03-17,Ativo
474,Atacadista Bandeirante Engenharia S.A.,Macapá,AP,2022-07-23,Ativo
475,Negócios Liberdade Comércio Comércio e Serviços,Vitória,ES,2025-07-02,Ativo
476,Comercial Amazônia Suprimentos S.A.,Cuiabá,MT,2024-01-24,Ativo
477,Tecnologia Planalto Comércio Ltda.,Teresina,PI,2024-02-24,Ativo
478,Distribuidora Ômega Transportes Ltda.,Santos,SP,2024-09-09,Ativo
479,Corporativa Luz Comunicação S.A.,Vitória,ES,2024-01-20,Inativo
480,Grupo Liberdade Soluções Digitais Empresarial,Anápolis,GO,2024-05-03,Ativo
481,Consultoria Regional Comércio Empresarial,Teresina,PI,2023-08-06,Ativo
482,Soluções Ipê Suprimentos S.A.,Recife,PE,2022-11-12,Ativo
483,Consultoria Real Energia Empresarial,Goiânia,GO,2025-02-06,Ativo
484,Comercial Evolução Móveis S.A.,Maringá,PR,2024-04-17,Inativo
485,Importadora Conquista Construção Comércio e Serviços,Rio de Janeiro,RJ,2025-05-25,Ativo
486,Empreendimentos Conecta Alimentos Ltda.,Campinas,SP,2025-09-15,Ativo
487,Consultoria Vanguarda Suprimentos Comércio e Serviços,Vitória,ES,2024-03-20,Ativo
488,Consultoria Ouro Suprimentos Empresarial,Curitiba,PR,2023-10-06,Ativo
489,Tecnologia Delta Equipamentos Empresarial,São Paulo,SP,2026-03-11,Ativo
490,Consultoria Ômega Serviços Empresariais Empresarial,Recife,PE,2024-09-13,Ativo
491,Gestão Sol Nascente Energia Comércio e Serviços,Campo Grande,MS,2025-07-17,Ativo
492,Companhia Premium Construção Ltda.,Manaus,AM,2024-02-06,Ativo
493,Logística Master Materiais S.A.,Recife,PE,2023-06-23,Ativo
494,Soluções Litoral Engenharia Comércio e Serviços,Maceió,AL,2023-04-15,Ativo
495,Grupo Cristal Móveis Ltda.,Juiz de Fora,MG,2024-07-27,Ativo
496,Indústria Atlântica Comunicação Ltda.,Manaus,AM,2024-06-30,Ativo
497,Integração Monte Azul Suprimentos S.A.,Feira de Santana,BA,2022-07-23,Ativo
498,Distribuidora Bandeirante Serviços Empresariais Comércio e Serviços,Rio de Janeiro,RJ,2024-01-24,Ativo
499,Companhia Metropolitana Construção Comércio e Serviços,Porto Velho,RO,2025-01-10,Ativo
500,Empreendimentos Fortaleza Tecnologia S.A.,Juiz de Fora,MG,2026-03-29,Ativo
501,Distribuidora Serra Equipamentos Comércio e Serviços,Recife,PE,2023-09-15,Ativo
502,Atacadista Ápice Soluções Digitais S.A.,Belo Horizonte,MG,2022-02-19,Ativo
503,Comercial Sigma Energia Empresarial,Maringá,PR,2025-11-25,Ativo
504,Comercial Global Comunicação Empresarial,Porto Velho,RO,2023-08-05,Ativo
505,Empreendimentos Capital Soluções Digitais Ltda.,Juiz de Fora,MG,2026-04-23,Ativo
506,Comercial Delta Móveis Comércio e Serviços,Maringá,PR,2024-08-13,Ativo
507,Empreendimentos Prime Materiais Comércio e Serviços,Salvador,BA,2022-03-07,Ativo
508,Gestão Excelência Transportes S.A.,Feira de Santana,BA,2023-09-17,Ativo
509,Companhia Litoral Serviços Empresariais Empresarial,Porto Alegre,RS,2024-04-21,Ativo
510,Consultoria Aroeira Sistemas S.A.,Macapá,AP,2022-11-23,Ativo
511,Soluções Ipê Móveis Ltda.,Joinville,SC,2023-05-11,Ativo
512,Integração Primavera Móveis Empresarial,Campinas,SP,2024-10-14,Ativo
513,Companhia Cedro Suprimentos S.A.,Goiânia,GO,2022-01-11,Ativo
514,Consultoria Safira Alimentos Ltda.,Brasília,DF,2024-07-13,Ativo
515,Grupo Nacional Móveis Ltda.,Salvador,BA,2023-06-02,Ativo
516,Indústria Master Comunicação Empresarial,Curitiba,PR,2023-06-10,Ativo
517,Distribuidora Brasília Transportes Ltda.,Niterói,RJ,2025-01-02,Ativo
518,Tecnologia Regional Tecnologia Comércio e Serviços,Vitória,ES,2024-07-16,Ativo
519,Empreendimentos Central Materiais Empresarial,Cuiabá,MT,2026-01-16,Ativo
520,Importadora Capital Móveis Empresarial,Campinas,SP,2024-02-04,Ativo
521,Soluções Horizonte Energia Empresarial,Maceió,AL,2025-02-28,Ativo
522,Mercantil Safira Construção Comércio e Serviços,Vitória,ES,2026-04-08,Ativo
523,Distribuidora Monte Azul Sistemas Comércio e Serviços,Porto Velho,RO,2023-09-16,Ativo
524,Gestão Essencial Móveis Empresarial,São Paulo,SP,2026-06-25,Ativo
525,Logística Vitória Comunicação Ltda.,Natal,RN,2022-06-18,Ativo
526,Soluções Essencial Suprimentos S.A.,Maceió,AL,2022-07-20,Inativo
527,Integração Essencial Suprimentos S.A.,Teresina,PI,2024-04-02,Ativo
528,Companhia Estrela Alimentos Ltda.,Aracaju,SE,2025-04-22,Ativo
529,Distribuidora Real Comunicação Empresarial,Uberlândia,MG,2025-03-10,Ativo
530,Indústria Sigma Tecnologia S.A.,Porto Alegre,RS,2025-09-09,Ativo
531,Varejista Delta Alimentos Comércio e Serviços,Juiz de Fora,MG,2023-07-21,Ativo
532,Logística Orbe Alimentos Comércio e Serviços,Manaus,AM,2023-06-19,Ativo
533,Mercantil Premium Transportes Comércio e Serviços,Goiânia,GO,2026-04-18,Inativo
534,Varejista Nova Era Materiais S.A.,Porto Alegre,RS,2023-11-27,Ativo
535,Indústria Amazônia Energia Empresarial,Londrina,PR,2025-07-09,Ativo
536,Companhia Ipê Transportes S.A.,Palmas,TO,2023-07-31,Ativo
537,Atacadista Aroeira Serviços Empresariais Comércio e Serviços,Londrina,PR,2025-07-27,Inativo
538,Indústria Evolução Sistemas Comércio e Serviços,Florianópolis,SC,2023-12-21,Inativo
539,Distribuidora Cerrado Soluções Digitais S.A.,São Luís,MA,2024-03-25,Ativo
540,Gestão Sigma Alimentos Ltda.,Belém,PA,2026-01-10,Ativo
541,Representações Essencial Comunicação Comércio e Serviços,Curitiba,PR,2026-07-21,Ativo
542,Logística Ômega Sistemas Empresarial,Natal,RN,2023-08-11,Ativo
543,Empreendimentos Pioneira Suprimentos Empresarial,Rio Branco,AC,2022-01-18,Ativo
544,Corporativa Orbe Soluções Digitais Ltda.,Teresina,PI,2025-01-13,Ativo
545,Soluções Referência Alimentos S.A.,Natal,RN,2026-01-08,Ativo
546,Negócios Evolução Transportes Empresarial,Natal,RN,2025-05-18,Ativo
547,Gestão Metropolitana Suprimentos Comércio e Serviços,Londrina,PR,2023-02-14,Inativo
548,Serviços Alvorada Serviços Empresariais Ltda.,Natal,RN,2024-07-13,Ativo
549,Grupo Ápice Materiais Comércio e Serviços,Cuiabá,MT,2026-06-04,Ativo
550,Indústria Continental Suprimentos S.A.,Rio de Janeiro,RJ,2022-10-10,Inativo
551,Importadora Primavera Energia S.A.,Campinas,SP,2023-03-13,Ativo
552,Companhia Continental Equipamentos Empresarial,São Paulo,SP,2023-03-25,Ativo
553,Soluções Ipê Construção Empresarial,Londrina,PR,2022-09-06,Ativo
554,Gestão Continental Soluções Digitais Ltda.,Palmas,TO,2026-01-11,Ativo
555,Varejista Central Sistemas Empresarial,Londrina,PR,2024-05-02,Ativo
556,Integração Alvorada Tecnologia Ltda.,Uberlândia,MG,2026-06-28,Ativo
557,Indústria Buriti Soluções Digitais Ltda.,Rio Branco,AC,2023-05-18,Ativo
558,Logística Araucária Energia Ltda.,Natal,RN,2024-01-08,Ativo
559,Comercial Sinergia Engenharia Empresarial,São Luís,MA,2025-01-06,Ativo
560,Empreendimentos Monte Azul Tecnologia Ltda.,Manaus,AM,2023-09-02,Inativo
561,Representações Alvorada Sistemas Empresarial,Rio de Janeiro,RJ,2026-03-24,Ativo
562,Negócios Conquista Engenharia S.A.,Feira de Santana,BA,2024-07-31,Ativo
563,Indústria Nacional Móveis Empresarial,Niterói,RJ,2024-12-27,Ativo
564,Empreendimentos Serra Comércio S.A.,Rio Branco,AC,2024-12-09,Ativo
565,Logística Conquista Alimentos Comércio e Serviços,Feira de Santana,BA,2023-06-15,Ativo
566,Atacadista Araucária Serviços Empresariais Ltda.,Maceió,AL,2022-11-18,Ativo
567,Grupo União Comunicação Empresarial,Porto Alegre,RS,2024-05-08,Ativo
568,Comercial Premium Transportes Ltda.,Belo Horizonte,MG,2026-04-01,Ativo
569,Grupo Cristal Tecnologia Empresarial,Uberlândia,MG,2026-05-01,Ativo
570,Logística Brasília Construção S.A.,Cuiabá,MT,2023-09-08,Ativo
571,Negócios Cristal Sistemas Ltda.,Cuiabá,MT,2025-08-24,Ativo
572,Empreendimentos Avante Energia Comércio e Serviços,Juiz de Fora,MG,2024-08-23,Ativo
573,Negócios Safira Energia Empresarial,Caxias do Sul,RS,2025-05-05,Ativo
574,Gestão Nova Era Comunicação S.A.,Brasília,DF,2023-04-01,Ativo
575,Varejista Evolução Materiais Empresarial,Florianópolis,SC,2024-06-14,Ativo
576,Mercantil Alvorada Soluções Digitais Ltda.,Caxias do Sul,RS,2023-09-17,Ativo
577,Comercial Suprema Equipamentos S.A.,Londrina,PR,2023-06-18,Ativo
578,Atacadista Veredas Soluções Digitais S.A.,Anápolis,GO,2023-10-12,Ativo
579,Atacadista Araucária Soluções Digitais S.A.,Florianópolis,SC,2025-05-26,Ativo
580,Empreendimentos Vitória Transportes S.A.,Aracaju,SE,2023-05-15,Ativo
581,Empreendimentos Cerrado Suprimentos S.A.,Santos,SP,2025-09-15,Ativo
582,Representações Vitória Comércio S.A.,Cuiabá,MT,2022-03-06,Ativo
583,Negócios Central Tecnologia Comércio e Serviços,Caxias do Sul,RS,2022-03-19,Ativo
584,Representações Veredas Transportes Empresarial,Niterói,RJ,2026-07-26,Ativo
585,Mercantil Imperial Serviços Empresariais S.A.,João Pessoa,PB,2022-12-20,Ativo
586,Distribuidora Conquista Tecnologia Empresarial,São Luís,MA,2026-05-11,Ativo
587,Consultoria Prime Energia S.A.,São Luís,MA,2025-12-12,Ativo
588,Corporativa Sigma Construção Ltda.,Palmas,TO,2023-08-30,Ativo
589,Distribuidora Dinâmica Engenharia Ltda.,Macapá,AP,2022-02-27,Ativo
590,Soluções Global Energia Ltda.,Aracaju,SE,2022-01-06,Ativo
591,Comercial Bandeirante Construção Ltda.,Uberlândia,MG,2026-04-30,Ativo
592,Consultoria Ápice Transportes Empresarial,Londrina,PR,2024-11-21,Ativo
593,Atacadista Litoral Soluções Digitais Comércio e Serviços,Niterói,RJ,2023-01-31,Ativo
594,Importadora Cristal Móveis Comércio e Serviços,Ribeirão Preto,SP,2025-07-24,Ativo
595,Soluções Cerrado Transportes Ltda.,Maringá,PR,2022-03-21,Ativo
596,Corporativa Essencial Tecnologia Ltda.,Rio Branco,AC,2025-10-20,Ativo
597,Importadora Metropolitana Equipamentos Ltda.,São Paulo,SP,2026-07-29,Ativo
598,Corporativa Capital Suprimentos Ltda.,Boa Vista,RR,2023-11-13,Ativo
599,Comercial Continental Transportes Ltda.,Uberlândia,MG,2022-06-22,Inativo
600,Consultoria Cristal Comunicação S.A.,Porto Alegre,RS,2023-10-23,Ativo
601,Soluções Nexus Equipamentos S.A.,Palmas,TO,2023-03-28,Ativo
602,Distribuidora Avante Construção Empresarial,Teresina,PI,2025-02-23,Ativo
603,Gestão Liberdade Energia Comércio e Serviços,Ribeirão Preto,SP,2025-05-10,Ativo
604,Logística Master Comunicação Comércio e Serviços,Caxias do Sul,RS,2025-10-28,Ativo
605,Importadora Ipê Construção Empresarial,Curitiba,PR,2024-08-10,Ativo
606,Companhia Ômega Engenharia Comércio e Serviços,Brasília,DF,2025-06-05,Ativo
607,Grupo Vale Verde Engenharia Comércio e Serviços,Belo Horizonte,MG,2025-04-25,Ativo
608,Distribuidora Araucária Serviços Empresariais Comércio e Serviços,Aracaju,SE,2023-08-29,Ativo
609,Consultoria Metropolitana Materiais Comércio e Serviços,Curitiba,PR,2022-12-05,Ativo
610,Negócios Integra Construção Empresarial,Belo Horizonte,MG,2022-04-09,Ativo
611,Indústria Conecta Construção Empresarial,Rio de Janeiro,RJ,2024-11-30,Ativo
612,Logística Alvorada Móveis Empresarial,Cuiabá,MT,2025-01-22,Ativo
613,Consultoria Progresso Suprimentos Empresarial,Feira de Santana,BA,2024-09-11,Ativo
614,Varejista Bandeirante Equipamentos Empresarial,São Paulo,SP,2024-04-22,Inativo
615,Grupo Pioneira Transportes Comércio e Serviços,Palmas,TO,2022-08-10,Ativo
616,Consultoria Esperança Construção Empresarial,Brasília,DF,2023-07-13,Ativo
617,Importadora Vitória Tecnologia Empresarial,Cuiabá,MT,2022-09-09,Ativo
618,Logística Delta Equipamentos Ltda.,Maceió,AL,2022-03-08,Ativo
619,Grupo Ouro Transportes Empresarial,Campinas,SP,2022-11-23,Ativo
620,Negócios Liberdade Alimentos Empresarial,Ribeirão Preto,SP,2026-04-24,Ativo
621,Integração Luz Sistemas S.A.,Brasília,DF,2026-01-20,Ativo
622,Varejista Ômega Energia Ltda.,Campinas,SP,2022-09-16,Ativo
623,Soluções Atlântica Materiais S.A.,Recife,PE,2022-02-01,Ativo
624,Gestão Pantanal Comércio Ltda.,Feira de Santana,BA,2025-03-04,Ativo
625,Serviços Nova Era Tecnologia Comércio e Serviços,Joinville,SC,2026-03-04,Ativo
626,Integração Evolução Soluções Digitais Ltda.,Porto Velho,RO,2025-05-02,Ativo
627,Consultoria Dinâmica Soluções Digitais Comércio e Serviços,São Paulo,SP,2024-01-21,Ativo
628,Importadora Orbe Serviços Empresariais S.A.,Fortaleza,CE,2025-12-02,Ativo
629,Representações Ipê Tecnologia S.A.,Manaus,AM,2025-05-03,Ativo
630,Grupo Integra Sistemas Ltda.,Uberlândia,MG,2026-04-04,Ativo
631,Varejista Fortaleza Serviços Empresariais Empresarial,Maceió,AL,2026-05-20,Ativo
632,Mercantil Essencial Equipamentos S.A.,Belém,PA,2024-03-08,Ativo
633,Distribuidora Delta Transportes Comércio e Serviços,Teresina,PI,2024-01-21,Ativo
634,Logística Litoral Engenharia S.A.,Rio de Janeiro,RJ,2023-07-26,Ativo
635,Soluções Pioneira Sistemas Empresarial,Rio de Janeiro,RJ,2022-07-11,Ativo
636,Consultoria Excelência Construção Comércio e Serviços,Fortaleza,CE,2023-02-12,Ativo
637,Corporativa Progresso Comércio Empresarial,Cuiabá,MT,2023-05-05,Inativo
638,Grupo Ômega Equipamentos Empresarial,Salvador,BA,2024-11-10,Ativo
639,Grupo Referência Sistemas S.A.,Goiânia,GO,2026-06-23,Inativo
640,Logística Ápice Engenharia Empresarial,Belo Horizonte,MG,2024-05-03,Ativo
641,Distribuidora Esperança Tecnologia S.A.,Campo Grande,MS,2025-01-15,Ativo
642,Soluções Integra Alimentos Comércio e Serviços,Juiz de Fora,MG,2024-02-09,Ativo
643,Indústria Confiança Serviços Empresariais Ltda.,Goiânia,GO,2023-01-25,Ativo
644,Serviços Nova Era Sistemas Ltda.,Feira de Santana,BA,2023-06-04,Ativo
645,Distribuidora Safira Tecnologia Empresarial,Florianópolis,SC,2023-08-15,Ativo
646,Gestão Excelência Tecnologia S.A.,Rio Branco,AC,2024-10-04,Ativo
647,Representações Primavera Engenharia Ltda.,Rio de Janeiro,RJ,2026-01-16,Inativo
648,Comercial Evolução Construção Comércio e Serviços,Natal,RN,2025-02-17,Ativo
649,Grupo Conquista Suprimentos Empresarial,Londrina,PR,2024-08-22,Ativo
650,Gestão Continental Serviços Empresariais Comércio e Serviços,Belém,PA,2023-04-05,Ativo
651,Integração Imperial Energia S.A.,Rio de Janeiro,RJ,2026-01-28,Ativo
652,Representações Imperial Móveis Empresarial,Campo Grande,MS,2022-06-09,Ativo
653,Negócios Referência Serviços Empresariais S.A.,Aracaju,SE,2026-02-13,Ativo
654,Tecnologia Ômega Energia Ltda.,Natal,RN,2022-07-11,Ativo
655,Integração Regional Soluções Digitais Comércio e Serviços,São Paulo,SP,2024-06-10,Ativo
656,Companhia Pioneira Equipamentos Empresarial,Palmas,TO,2025-09-20,Ativo
657,Integração Premium Energia Empresarial,Anápolis,GO,2026-01-18,Inativo
658,Mercantil Luz Energia Ltda.,Feira de Santana,BA,2025-07-14,Ativo
659,Varejista Pantanal Tecnologia Ltda.,Belém,PA,2024-07-31,Ativo
660,Logística Prime Engenharia S.A.,Manaus,AM,2025-04-18,Ativo
661,Corporativa Vector Soluções Digitais Empresarial,Belo Horizonte,MG,2025-02-26,Ativo
662,Comercial Litoral Soluções Digitais S.A.,Macapá,AP,2022-07-30,Ativo
663,Grupo Capital Alimentos Empresarial,Londrina,PR,2025-07-14,Inativo
664,Indústria Nacional Engenharia Ltda.,Salvador,BA,2024-10-20,Ativo
665,Comercial Buriti Tecnologia S.A.,Santos,SP,2025-08-17,Ativo
666,Comercial Evolução Soluções Digitais S.A.,Florianópolis,SC,2024-03-13,Ativo
667,Consultoria Pioneira Alimentos Empresarial,Rio de Janeiro,RJ,2023-04-04,Ativo
668,Negócios Cerrado Energia Ltda.,Porto Velho,RO,2022-03-15,Ativo
669,Empreendimentos Referência Soluções Digitais Empresarial,Maceió,AL,2023-04-05,Ativo
670,Atacadista Referência Móveis Comércio e Serviços,Brasília,DF,2024-02-24,Ativo
671,Representações Nova Era Energia Ltda.,Londrina,PR,2025-08-07,Ativo
672,Varejista Fortaleza Comércio Ltda.,Cuiabá,MT,2024-03-22,Ativo
673,Integração Cerrado Móveis Comércio e Serviços,Juiz de Fora,MG,2022-12-21,Ativo
674,Indústria União Móveis Ltda.,Anápolis,GO,2022-09-18,Ativo
675,Companhia Master Comunicação Empresarial,Vitória,ES,2022-07-02,Ativo
676,Distribuidora União Suprimentos Ltda.,Maceió,AL,2024-04-24,Ativo
677,Atacadista Jatobá Sistemas Empresarial,Porto Alegre,RS,2023-03-29,Ativo
678,Companhia Safira Serviços Empresariais S.A.,Cuiabá,MT,2023-09-03,Ativo
679,Distribuidora Real Soluções Digitais Comércio e Serviços,Fortaleza,CE,2025-04-23,Ativo
680,Comercial Cedro Comunicação S.A.,Rio de Janeiro,RJ,2025-02-25,Ativo
681,Negócios Fortaleza Soluções Digitais Empresarial,Florianópolis,SC,2024-04-16,Ativo
682,Logística Sol Nascente Engenharia Comércio e Serviços,Florianópolis,SC,2024-12-27,Ativo
683,Gestão Esperança Tecnologia S.A.,Campo Grande,MS,2023-10-21,Ativo
684,Indústria Regional Suprimentos Ltda.,Teresina,PI,2023-05-27,Inativo
685,Comercial Ideal Construção Comércio e Serviços,Feira de Santana,BA,2026-05-11,Ativo
686,Logística Pantanal Transportes Comércio e Serviços,Juiz de Fora,MG,2022-06-09,Ativo
687,Indústria Avante Soluções Digitais S.A.,Maringá,PR,2022-11-07,Ativo
688,Negócios Jatobá Comunicação Empresarial,Londrina,PR,2024-01-30,Inativo
689,Logística Horizonte Transportes Ltda.,Campo Grande,MS,2022-10-02,Ativo
690,Negócios Excelência Sistemas Empresarial,Uberlândia,MG,2026-06-04,Inativo
691,Soluções Progresso Construção Ltda.,Niterói,RJ,2026-03-11,Ativo
692,Comercial Metropolitana Suprimentos Comércio e Serviços,Palmas,TO,2022-01-19,Ativo
693,Distribuidora Sol Nascente Construção Empresarial,Teresina,PI,2022-04-30,Ativo
694,Representações Imperial Soluções Digitais Ltda.,Anápolis,GO,2024-10-16,Ativo
695,Consultoria Veredas Móveis Comércio e Serviços,Fortaleza,CE,2022-03-27,Ativo
696,Varejista Horizonte Tecnologia Empresarial,Manaus,AM,2025-12-26,Ativo
697,Soluções Central Tecnologia Empresarial,Recife,PE,2022-12-24,Ativo
698,Mercantil Luz Construção Ltda.,São Luís,MA,2025-06-26,Ativo
699,Importadora Buriti Tecnologia Empresarial,Feira de Santana,BA,2025-04-02,Ativo
700,Serviços Pioneira Engenharia Ltda.,Campinas,SP,2025-02-03,Ativo
701,Distribuidora Pioneira Engenharia S.A.,Curitiba,PR,2023-07-13,Inativo
702,Soluções Real Transportes Ltda.,Santos,SP,2022-12-01,Ativo
703,Grupo Atlântica Energia S.A.,Aracaju,SE,2024-06-08,Inativo
704,Comercial Esperança Energia Comércio e Serviços,Rio Branco,AC,2024-04-18,Inativo
705,Companhia Master Construção Comércio e Serviços,São Luís,MA,2025-04-17,Ativo
706,Negócios Metropolitana Energia Empresarial,Curitiba,PR,2024-09-20,Inativo
707,Varejista Buriti Serviços Empresariais Empresarial,Porto Alegre,RS,2023-05-21,Ativo
708,Tecnologia Ômega Sistemas Empresarial,Boa Vista,RR,2025-09-11,Ativo
709,Serviços Vector Materiais Ltda.,Vitória,ES,2025-03-17,Ativo
710,Distribuidora Nova Era Construção Comércio e Serviços,Belo Horizonte,MG,2023-03-29,Ativo
711,Corporativa Referência Tecnologia Ltda.,Cuiabá,MT,2026-04-14,Ativo
712,Integração Veredas Serviços Empresariais S.A.,Maringá,PR,2026-07-11,Ativo
713,Varejista Conquista Materiais Ltda.,Palmas,TO,2023-01-09,Ativo
714,Soluções Ideal Sistemas Comércio e Serviços,Anápolis,GO,2024-04-27,Ativo
715,Distribuidora Fortaleza Suprimentos Comércio e Serviços,Macapá,AP,2025-05-30,Ativo
716,Indústria Ideal Tecnologia Ltda.,Belo Horizonte,MG,2025-11-29,Ativo
717,Soluções Real Tecnologia Ltda.,Uberlândia,MG,2022-03-08,Ativo
718,Corporativa União Serviços Empresariais S.A.,Caxias do Sul,RS,2025-12-11,Ativo
719,Negócios Liberdade Transportes S.A.,Maceió,AL,2026-05-20,Ativo
720,Consultoria Vale Verde Móveis Empresarial,Fortaleza,CE,2022-07-23,Ativo
721,Corporativa Imperial Construção Comércio e Serviços,Vitória,ES,2022-12-03,Ativo
722,Logística Cristal Materiais S.A.,Maceió,AL,2024-05-06,Ativo
723,Logística Essencial Energia S.A.,Salvador,BA,2024-01-23,Ativo
724,Serviços Prime Soluções Digitais Empresarial,Maceió,AL,2022-10-17,Inativo
725,Serviços Suprema Suprimentos Comércio e Serviços,Porto Alegre,RS,2026-05-13,Ativo
726,Consultoria Vitória Alimentos Empresarial,Juiz de Fora,MG,2023-12-23,Ativo
727,Varejista Cerrado Sistemas Ltda.,Recife,PE,2026-01-09,Ativo
728,Grupo Nexus Construção Empresarial,Campo Grande,MS,2026-05-11,Ativo
729,Representações Ideal Transportes Ltda.,Boa Vista,RR,2024-02-24,Ativo
730,Gestão Sinergia Comunicação Comércio e Serviços,Feira de Santana,BA,2026-03-22,Ativo
731,Logística Cerrado Suprimentos S.A.,Recife,PE,2024-02-06,Ativo
732,Companhia Planalto Suprimentos S.A.,Recife,PE,2022-09-05,Ativo
733,Integração Conquista Serviços Empresariais Empresarial,Teresina,PI,2023-05-01,Ativo
734,Companhia Nexus Engenharia Empresarial,Vitória,ES,2024-10-09,Ativo
735,Logística Regional Transportes Ltda.,São Luís,MA,2026-01-14,Ativo
736,Serviços Cerrado Serviços Empresariais Empresarial,Campo Grande,MS,2025-03-16,Ativo
737,Atacadista Brasília Materiais S.A.,Santos,SP,2024-09-20,Inativo
738,Comercial Luz Energia S.A.,Teresina,PI,2022-03-20,Ativo
739,Consultoria Fortaleza Sistemas S.A.,Santos,SP,2025-10-28,Ativo
740,Serviços Nexus Engenharia Empresarial,Vitória,ES,2024-05-10,Ativo
741,Soluções Cedro Engenharia S.A.,Cuiabá,MT,2025-12-02,Ativo
742,Varejista Amazônia Comunicação Ltda.,Porto Alegre,RS,2024-02-08,Ativo
743,Atacadista Real Engenharia Ltda.,Joinville,SC,2025-09-04,Ativo
744,Companhia Cedro Alimentos Comércio e Serviços,Santos,SP,2024-04-16,Ativo
745,Mercantil Imperial Comércio S.A.,Maceió,AL,2023-02-18,Ativo
746,Grupo Nova Era Transportes Ltda.,Goiânia,GO,2023-07-03,Ativo
747,Empreendimentos Litoral Equipamentos Comércio e Serviços,Florianópolis,SC,2025-10-02,Ativo
748,Companhia Horizonte Sistemas Comércio e Serviços,Joinville,SC,2023-11-15,Ativo
749,Companhia Planalto Sistemas Ltda.,Florianópolis,SC,2023-06-23,Ativo
750,Atacadista Ômega Energia Empresarial,Manaus,AM,2022-07-23,Ativo
751,Distribuidora Integra Equipamentos Empresarial,Maringá,PR,2022-02-21,Ativo
752,Negócios Conecta Tecnologia Comércio e Serviços,Rio Branco,AC,2023-04-30,Ativo
753,Soluções Alvorada Comércio Empresarial,Palmas,TO,2024-12-09,Ativo
754,Serviços Ômega Energia Comércio e Serviços,Aracaju,SE,2024-04-18,Ativo
755,Mercantil Progresso Transportes Ltda.,Maceió,AL,2023-07-06,Ativo
756,Serviços Jatobá Engenharia Comércio e Serviços,Anápolis,GO,2026-07-20,Ativo
757,Varejista Capital Equipamentos Ltda.,Curitiba,PR,2022-01-30,Ativo
758,Distribuidora Vale Verde Materiais S.A.,Cuiabá,MT,2023-12-05,Inativo
759,Serviços Nexus Materiais Ltda.,São Luís,MA,2026-06-10,Ativo
760,Varejista Cerrado Soluções Digitais Empresarial,Feira de Santana,BA,2022-10-19,Ativo
761,Tecnologia Planalto Suprimentos Empresarial,Rio Branco,AC,2022-11-20,Inativo
762,Serviços Essencial Construção S.A.,Feira de Santana,BA,2024-04-08,Ativo
763,Integração Sinergia Móveis Empresarial,Cuiabá,MT,2025-08-01,Ativo
764,Distribuidora Cristal Soluções Digitais Ltda.,Goiânia,GO,2023-08-07,Ativo
765,Importadora Estrela Comunicação Comércio e Serviços,Santos,SP,2025-12-28,Ativo
766,Comercial União Transportes Empresarial,João Pessoa,PB,2024-08-17,Ativo
767,Companhia Central Soluções Digitais S.A.,Natal,RN,2022-05-15,Ativo
768,Comercial Imperial Móveis Empresarial,Fortaleza,CE,2025-10-03,Ativo
769,Comercial Fortaleza Móveis S.A.,Maceió,AL,2024-06-26,Ativo
770,Serviços Pantanal Energia Empresarial,Maceió,AL,2025-01-17,Ativo
771,Gestão Essencial Soluções Digitais S.A.,Niterói,RJ,2022-06-07,Ativo
772,Varejista Bandeirante Tecnologia Empresarial,Porto Velho,RO,2026-02-23,Ativo
773,Empreendimentos Central Energia Comércio e Serviços,Belo Horizonte,MG,2022-05-30,Ativo
774,Mercantil Bandeirante Equipamentos Ltda.,Goiânia,GO,2025-12-11,Ativo
775,Atacadista Buriti Móveis Ltda.,Vitória,ES,2025-04-19,Ativo
776,Negócios Ouro Engenharia Ltda.,Belém,PA,2026-07-20,Ativo
777,Comercial Fortaleza Comércio Empresarial,Rio de Janeiro,RJ,2023-06-30,Inativo
778,Integração Veredas Comércio Ltda.,Maringá,PR,2024-03-30,Ativo
779,Tecnologia Horizonte Alimentos Ltda.,Uberlândia,MG,2022-07-22,Ativo
780,Tecnologia Sol Nascente Transportes Comércio e Serviços,Rio Branco,AC,2026-06-23,Ativo
781,Soluções Vale Verde Engenharia S.A.,Fortaleza,CE,2024-01-06,Ativo
782,Atacadista Bandeirante Soluções Digitais Comércio e Serviços,Uberlândia,MG,2024-06-14,Ativo
783,Varejista Premium Engenharia Comércio e Serviços,João Pessoa,PB,2025-06-01,Ativo
784,Corporativa Vanguarda Transportes Ltda.,Manaus,AM,2024-04-02,Ativo
785,Distribuidora União Materiais Ltda.,Maringá,PR,2024-06-21,Ativo
786,Negócios Suprema Sistemas S.A.,Boa Vista,RR,2024-06-17,Ativo
787,Consultoria Esperança Tecnologia Empresarial,Boa Vista,RR,2024-07-18,Ativo
788,Comercial Central Engenharia Ltda.,Goiânia,GO,2023-10-17,Ativo
789,Mercantil Cedro Sistemas Empresarial,Brasília,DF,2023-08-18,Ativo
790,Mercantil Master Alimentos Comércio e Serviços,Manaus,AM,2022-01-07,Ativo
791,Corporativa Suprema Soluções Digitais Empresarial,Florianópolis,SC,2022-04-08,Ativo
792,Importadora Prime Alimentos Empresarial,Campinas,SP,2024-02-23,Ativo
793,Varejista Sigma Comércio S.A.,Juiz de Fora,MG,2023-05-21,Ativo
794,Grupo Evolução Transportes Empresarial,Florianópolis,SC,2026-05-02,Ativo
795,Mercantil Alvorada Engenharia S.A.,João Pessoa,PB,2022-11-07,Inativo
796,Varejista Primavera Equipamentos Empresarial,Uberlândia,MG,2026-05-19,Ativo
797,Companhia Conquista Alimentos S.A.,Porto Alegre,RS,2024-05-01,Ativo
798,Corporativa Jatobá Materiais Empresarial,Ribeirão Preto,SP,2022-05-22,Inativo
799,Grupo Confiança Materiais S.A.,Niterói,RJ,2023-12-12,Ativo
800,Varejista Referência Soluções Digitais Ltda.,Florianópolis,SC,2025-07-05,Ativo
801,Indústria Evolução Soluções Digitais Empresarial,Campinas,SP,2023-02-28,Ativo
802,Soluções Liberdade Comércio Empresarial,Florianópolis,SC,2022-03-13,Ativo
803,Soluções Horizonte Engenharia Empresarial,Londrina,PR,2023-11-27,Ativo
804,Importadora Serra Engenharia S.A.,Aracaju,SE,2025-06-24,Ativo
805,Companhia Safira Energia Empresarial,Maringá,PR,2022-06-22,Ativo
806,Gestão Sigma Serviços Empresariais Empresarial,Feira de Santana,BA,2023-10-09,Ativo
807,Representações Prime Engenharia Ltda.,São Luís,MA,2024-01-23,Ativo
808,Importadora Serra Engenharia Comércio e Serviços,Recife,PE,2025-04-21,Ativo
809,Logística Avante Soluções Digitais Ltda.,Aracaju,SE,2025-01-08,Ativo
810,Gestão Amazônia Sistemas Ltda.,Curitiba,PR,2026-06-30,Ativo
811,Corporativa Vanguarda Comunicação Ltda.,João Pessoa,PB,2025-08-10,Ativo
812,Gestão Esperança Energia Empresarial,Feira de Santana,BA,2023-07-07,Ativo
813,Integração Master Energia Empresarial,Belém,PA,2025-11-28,Ativo
814,Atacadista Capital Serviços Empresariais Empresarial,Juiz de Fora,MG,2025-11-29,Ativo
815,Indústria Alvorada Equipamentos Empresarial,João Pessoa,PB,2024-07-30,Ativo
816,Comercial Vale Verde Engenharia Empresarial,São Paulo,SP,2024-05-12,Ativo
817,Representações Metropolitana Sistemas Ltda.,Ribeirão Preto,SP,2025-05-21,Ativo
818,Companhia Sigma Sistemas Comércio e Serviços,Belém,PA,2022-11-17,Inativo
819,Grupo Nexus Energia Comércio e Serviços,Vitória,ES,2022-11-14,Ativo
820,Serviços Luz Comércio Ltda.,Fortaleza,CE,2025-03-30,Ativo
821,Companhia Avante Equipamentos Empresarial,Manaus,AM,2026-02-05,Ativo
822,Companhia Ápice Alimentos Empresarial,Vitória,ES,2022-06-11,Ativo
823,Indústria Essencial Energia Comércio e Serviços,São Luís,MA,2023-06-16,Ativo
824,Negócios Nexus Soluções Digitais Ltda.,São Paulo,SP,2022-09-13,Ativo
825,Companhia Evolução Soluções Digitais S.A.,São Luís,MA,2025-03-29,Ativo
826,Integração Ômega Comunicação S.A.,Teresina,PI,2024-11-17,Ativo
827,Grupo Liberdade Equipamentos S.A.,São Luís,MA,2023-09-11,Ativo
828,Consultoria União Sistemas Empresarial,Cuiabá,MT,2023-04-06,Inativo
829,Serviços Ideal Serviços Empresariais Comércio e Serviços,Anápolis,GO,2026-02-08,Ativo
830,Importadora Conquista Materiais S.A.,Maceió,AL,2024-03-17,Ativo
831,Consultoria Evolução Transportes S.A.,Curitiba,PR,2022-01-31,Ativo
832,Indústria Sinergia Materiais Ltda.,Campo Grande,MS,2026-07-16,Ativo
833,Empreendimentos Nexus Equipamentos Empresarial,Belo Horizonte,MG,2024-07-01,Ativo
834,Gestão Cristal Engenharia Comércio e Serviços,Feira de Santana,BA,2023-02-26,Ativo
835,Comercial Capital Móveis S.A.,São Paulo,SP,2024-06-21,Ativo
836,Consultoria Master Engenharia Ltda.,Aracaju,SE,2023-05-28,Ativo
837,Importadora Conquista Equipamentos S.A.,Teresina,PI,2026-01-06,Ativo
838,Atacadista Delta Serviços Empresariais Ltda.,São Paulo,SP,2023-01-06,Ativo
839,Integração Master Comércio Empresarial,Juiz de Fora,MG,2025-10-30,Ativo
840,Atacadista Ápice Engenharia Empresarial,Salvador,BA,2022-10-19,Ativo
841,Consultoria Veredas Serviços Empresariais Empresarial,Porto Velho,RO,2022-08-12,Ativo
842,Soluções Capital Sistemas S.A.,Maceió,AL,2025-04-21,Ativo
843,Comercial Nacional Transportes Empresarial,Goiânia,GO,2026-01-01,Ativo
844,Integração Essencial Equipamentos Comércio e Serviços,Niterói,RJ,2024-06-07,Ativo
845,Corporativa Ouro Equipamentos Empresarial,Feira de Santana,BA,2022-07-25,Ativo
846,Logística Pacífico Equipamentos Ltda.,Teresina,PI,2023-08-14,Ativo
847,Integração Pacífico Alimentos Empresarial,Aracaju,SE,2023-06-05,Ativo
848,Atacadista Fortaleza Móveis Empresarial,Florianópolis,SC,2026-04-26,Ativo
849,Mercantil Cedro Equipamentos S.A.,João Pessoa,PB,2024-12-07,Ativo
850,Distribuidora Orbe Transportes Empresarial,Juiz de Fora,MG,2025-08-15,Ativo
851,Atacadista Imperial Soluções Digitais Ltda.,Campo Grande,MS,2022-08-15,Ativo
852,Atacadista Monte Azul Energia Ltda.,Porto Alegre,RS,2022-03-17,Ativo
853,Varejista Regional Engenharia Empresarial,Porto Velho,RO,2025-11-18,Ativo
854,Varejista Cerrado Móveis Ltda.,João Pessoa,PB,2023-07-06,Ativo
855,Tecnologia União Alimentos Ltda.,Teresina,PI,2024-08-24,Ativo
856,Gestão Dinâmica Comércio Ltda.,Brasília,DF,2025-11-15,Inativo
857,Importadora Luz Comércio Empresarial,Macapá,AP,2023-01-25,Ativo
858,Varejista Pioneira Móveis S.A.,Rio Branco,AC,2025-04-11,Ativo
859,Soluções Cerrado Soluções Digitais Empresarial,Porto Alegre,RS,2024-07-01,Ativo
860,Grupo Excelência Alimentos Empresarial,Rio de Janeiro,RJ,2022-05-09,Ativo
861,Gestão Pioneira Tecnologia Empresarial,Porto Alegre,RS,2025-06-03,Ativo
862,Atacadista Ideal Sistemas Ltda.,Porto Alegre,RS,2023-09-16,Ativo
863,Comercial Global Comunicação Ltda.,João Pessoa,PB,2026-01-14,Ativo
864,Companhia Atlântica Alimentos S.A.,Brasília,DF,2025-05-05,Ativo
865,Varejista Imperial Comércio Comércio e Serviços,Rio Branco,AC,2022-06-18,Ativo
866,Logística Evolução Transportes Ltda.,Niterói,RJ,2026-07-05,Ativo
867,Logística Dinâmica Equipamentos Empresarial,Maringá,PR,2023-01-05,Ativo
868,Gestão Aroeira Comércio Comércio e Serviços,Rio Branco,AC,2024-12-26,Ativo
869,Varejista Master Suprimentos Ltda.,São Luís,MA,2024-10-20,Ativo
870,Representações Pioneira Sistemas Ltda.,Macapá,AP,2025-10-31,Ativo
871,Tecnologia Litoral Comércio Ltda.,São Paulo,SP,2025-10-13,Ativo
872,Logística Aroeira Suprimentos S.A.,Porto Velho,RO,2025-10-20,Ativo
873,Atacadista Vitória Transportes Comércio e Serviços,Rio de Janeiro,RJ,2024-03-07,Ativo
874,Integração Atlântica Serviços Empresariais Ltda.,Campo Grande,MS,2024-07-14,Ativo
875,Tecnologia Cedro Sistemas S.A.,Brasília,DF,2024-01-14,Inativo
876,Empreendimentos Dinâmica Sistemas Empresarial,São Paulo,SP,2024-10-28,Ativo
877,Corporativa Atlântica Serviços Empresariais Comércio e Serviços,Palmas,TO,2023-10-28,Ativo
878,Soluções Prime Comunicação S.A.,Feira de Santana,BA,2024-06-18,Ativo
879,Consultoria Capital Sistemas S.A.,Maceió,AL,2022-07-14,Ativo
880,Grupo Prime Equipamentos Comércio e Serviços,Aracaju,SE,2022-03-25,Ativo
881,Negócios Ipê Comunicação Empresarial,Joinville,SC,2022-04-13,Ativo
882,Consultoria Araucária Sistemas Ltda.,Niterói,RJ,2025-11-27,Ativo
883,Distribuidora Safira Materiais Empresarial,Niterói,RJ,2022-10-14,Ativo
884,Atacadista Esperança Soluções Digitais Empresarial,Teresina,PI,2024-10-17,Ativo
885,Soluções Fortaleza Tecnologia Ltda.,Belo Horizonte,MG,2024-05-20,Ativo
886,Comercial Conecta Transportes Empresarial,Juiz de Fora,MG,2023-12-04,Ativo
887,Companhia Monte Azul Sistemas Comércio e Serviços,Fortaleza,CE,2023-05-12,Ativo
888,Corporativa Alvorada Soluções Digitais Comércio e Serviços,Goiânia,GO,2025-06-05,Ativo
889,Soluções Vale Verde Móveis S.A.,São Luís,MA,2022-02-15,Ativo
890,Negócios Liberdade Tecnologia S.A.,Florianópolis,SC,2022-02-07,Ativo
891,Consultoria Conquista Soluções Digitais Comércio e Serviços,Caxias do Sul,RS,2024-10-24,Ativo
892,Consultoria Esperança Construção Comércio e Serviços,Fortaleza,CE,2022-09-13,Ativo
893,Companhia Atlântica Comércio Ltda.,Palmas,TO,2023-10-28,Ativo
894,Representações Master Construção Empresarial,Belém,PA,2023-10-04,Ativo
895,Empreendimentos Capital Alimentos Ltda.,Maceió,AL,2023-06-06,Ativo
896,Logística Orbe Sistemas Ltda.,Campinas,SP,2023-04-10,Ativo
897,Companhia Monte Azul Soluções Digitais Comércio e Serviços,Joinville,SC,2022-01-19,Inativo
898,Soluções Integra Construção Ltda.,Recife,PE,2024-02-05,Ativo
899,Importadora Orbe Transportes S.A.,Uberlândia,MG,2023-08-26,Inativo
900,Representações Nova Era Sistemas S.A.,Juiz de Fora,MG,2023-10-22,Ativo
901,Consultoria Bandeirante Suprimentos Empresarial,Rio Branco,AC,2022-03-30,Ativo
902,Soluções Orbe Comércio Comércio e Serviços,Cuiabá,MT,2022-12-15,Ativo
903,Mercantil Real Equipamentos Ltda.,Maceió,AL,2024-03-12,Ativo
904,Soluções Conecta Energia S.A.,Anápolis,GO,2025-01-05,Ativo
905,Comercial Luz Serviços Empresariais Ltda.,Londrina,PR,2024-10-09,Ativo
906,Serviços Regional Móveis Ltda.,Campo Grande,MS,2024-01-11,Ativo
907,Varejista Evolução Engenharia Ltda.,Ribeirão Preto,SP,2022-10-09,Ativo
908,Consultoria Esperança Móveis S.A.,Uberlândia,MG,2023-09-13,Ativo
909,Grupo Cristal Materiais Comércio e Serviços,Caxias do Sul,RS,2024-10-18,Ativo
910,Comercial Continental Móveis Comércio e Serviços,Curitiba,PR,2025-12-20,Ativo
911,Comercial Diamante Transportes S.A.,Santos,SP,2026-04-14,Ativo
912,Integração Horizonte Móveis S.A.,Teresina,PI,2026-01-25,Ativo
913,Logística Pioneira Suprimentos Comércio e Serviços,João Pessoa,PB,2023-01-25,Ativo
914,Representações Alvorada Construção S.A.,Caxias do Sul,RS,2024-06-21,Ativo
915,Companhia Excelência Equipamentos S.A.,São Paulo,SP,2022-10-09,Ativo
916,Varejista Avante Móveis S.A.,Salvador,BA,2022-04-04,Ativo
917,Tecnologia Global Materiais Empresarial,Fortaleza,CE,2025-07-30,Ativo
918,Distribuidora Conquista Transportes Comércio e Serviços,Belém,PA,2025-09-11,Ativo
919,Consultoria Prime Serviços Empresariais Empresarial,Niterói,RJ,2024-04-13,Ativo
920,Empreendimentos Veredas Móveis Comércio e Serviços,Florianópolis,SC,2025-10-11,Inativo
921,Grupo Planalto Suprimentos Ltda.,Juiz de Fora,MG,2023-03-02,Ativo
922,Companhia Excelência Suprimentos Ltda.,Palmas,TO,2023-10-03,Ativo
923,Soluções Global Móveis Comércio e Serviços,Belém,PA,2025-09-02,Ativo
924,Integração Diamante Suprimentos Empresarial,Teresina,PI,2024-08-25,Ativo
925,Atacadista Buriti Alimentos Comércio e Serviços,Curitiba,PR,2024-05-14,Ativo
926,Negócios Horizonte Soluções Digitais S.A.,São Paulo,SP,2022-01-28,Ativo
927,Logística Delta Energia Ltda.,Maceió,AL,2022-09-21,Ativo
928,Corporativa Continental Soluções Digitais Comércio e Serviços,Porto Velho,RO,2026-05-31,Ativo
929,Gestão Fortaleza Transportes S.A.,Feira de Santana,BA,2026-07-17,Ativo
930,Serviços Conecta Suprimentos Comércio e Serviços,Goiânia,GO,2023-01-07,Ativo
931,Corporativa Jatobá Comunicação Ltda.,Aracaju,SE,2025-05-05,Ativo
932,Empreendimentos Evolução Móveis Empresarial,Cuiabá,MT,2022-01-22,Ativo
933,Indústria Ouro Energia Ltda.,Vitória,ES,2026-03-08,Ativo
934,Companhia Integra Tecnologia S.A.,Recife,PE,2024-03-09,Ativo
935,Corporativa Essencial Materiais Ltda.,Juiz de Fora,MG,2022-08-24,Ativo
936,Empreendimentos Premium Soluções Digitais S.A.,Maceió,AL,2025-06-10,Ativo
937,Companhia União Transportes Empresarial,São Luís,MA,2025-02-12,Ativo
938,Companhia Nova Era Materiais S.A.,Anápolis,GO,2022-09-11,Ativo
939,Atacadista Imperial Alimentos S.A.,João Pessoa,PB,2025-07-16,Inativo
940,Companhia Ipê Engenharia Ltda.,Fortaleza,CE,2023-09-29,Ativo
941,Varejista Orbe Tecnologia Ltda.,Boa Vista,RR,2025-12-13,Ativo
942,Representações Brasília Móveis S.A.,Londrina,PR,2025-01-04,Inativo
943,Empreendimentos Araucária Comércio Comércio e Serviços,Maceió,AL,2023-06-14,Ativo
944,Indústria Ideal Transportes Empresarial,Uberlândia,MG,2025-05-06,Ativo
945,Varejista Referência Transportes S.A.,Teresina,PI,2024-07-05,Ativo
946,Importadora Brasília Comunicação S.A.,Niterói,RJ,2022-01-11,Ativo
947,Mercantil Ouro Materiais Comércio e Serviços,Cuiabá,MT,2026-05-04,Ativo
948,Representações Cedro Energia S.A.,Porto Velho,RO,2026-07-03,Ativo
949,Corporativa Prime Transportes Comércio e Serviços,João Pessoa,PB,2023-05-08,Ativo
950,Mercantil Prime Engenharia Ltda.,Aracaju,SE,2025-01-22,Ativo
951,Distribuidora Ipê Serviços Empresariais Comércio e Serviços,Anápolis,GO,2022-12-11,Ativo
952,Gestão Continental Alimentos Empresarial,Fortaleza,CE,2023-03-09,Ativo
953,Logística Nexus Transportes Ltda.,Niterói,RJ,2025-08-11,Ativo
954,Atacadista Suprema Suprimentos Comércio e Serviços,Uberlândia,MG,2023-03-08,Ativo
955,Serviços Global Móveis Comércio e Serviços,Feira de Santana,BA,2022-05-12,Ativo
956,Negócios Buriti Soluções Digitais Ltda.,Maceió,AL,2022-06-24,Ativo
957,Atacadista Nova Era Alimentos Comércio e Serviços,Ribeirão Preto,SP,2024-07-19,Ativo
958,Comercial Nacional Suprimentos Ltda.,Belém,PA,2026-06-13,Ativo
959,Corporativa Esperança Sistemas Empresarial,Cuiabá,MT,2025-02-23,Inativo
960,Indústria Conquista Engenharia S.A.,Rio de Janeiro,RJ,2024-03-12,Ativo
961,Gestão Orbe Móveis S.A.,Natal,RN,2022-11-12,Ativo
962,Grupo Metropolitana Transportes Comércio e Serviços,São Paulo,SP,2024-06-02,Ativo
963,Empreendimentos Imperial Comunicação Comércio e Serviços,Natal,RN,2024-02-15,Ativo
964,Mercantil Progresso Comércio Ltda.,Natal,RN,2024-06-20,Ativo
965,Serviços Imperial Energia S.A.,Joinville,SC,2022-08-26,Ativo
966,Grupo Vector Móveis Comércio e Serviços,Cuiabá,MT,2022-08-30,Inativo
967,Varejista Cerrado Comércio S.A.,Aracaju,SE,2024-10-27,Ativo
968,Varejista Master Alimentos S.A.,Londrina,PR,2025-12-27,Ativo
969,Soluções Cedro Sistemas Comércio e Serviços,Belém,PA,2026-04-03,Ativo
970,Importadora Referência Alimentos Comércio e Serviços,Fortaleza,CE,2024-09-18,Ativo
971,Integração Ouro Soluções Digitais Ltda.,Vitória,ES,2022-05-13,Ativo
972,Empreendimentos Suprema Soluções Digitais S.A.,Anápolis,GO,2023-09-17,Ativo
973,Importadora Metropolitana Engenharia Ltda.,Vitória,ES,2024-09-11,Ativo
974,Tecnologia Premium Suprimentos Empresarial,Belo Horizonte,MG,2022-10-03,Ativo
975,Integração Referência Comunicação Ltda.,Rio Branco,AC,2023-07-24,Ativo
976,Gestão Pacífico Transportes Ltda.,Natal,RN,2025-09-04,Ativo
977,Consultoria Pantanal Engenharia Ltda.,Belém,PA,2025-05-20,Ativo
978,Importadora Pioneira Tecnologia S.A.,Rio Branco,AC,2024-07-12,Ativo
979,Comercial Alvorada Comunicação Ltda.,Macapá,AP,2026-05-05,Ativo
980,Gestão Capital Suprimentos Empresarial,João Pessoa,PB,2026-04-05,Ativo
981,Soluções Ômega Móveis Comércio e Serviços,Belém,PA,2026-03-09,Ativo
982,Serviços Monte Azul Tecnologia Empresarial,Salvador,BA,2022-08-02,Ativo
983,Importadora Litoral Materiais Comércio e Serviços,Porto Velho,RO,2023-12-18,Ativo
984,Representações Vanguarda Engenharia Ltda.,Porto Velho,RO,2024-01-20,Ativo
985,Companhia Vitória Comunicação Ltda.,Ribeirão Preto,SP,2022-03-20,Ativo
986,Mercantil União Soluções Digitais Empresarial,Maringá,PR,2024-03-28,Ativo
987,Empreendimentos Amazônia Tecnologia S.A.,Salvador,BA,2026-02-02,Ativo
988,Mercantil Sinergia Engenharia S.A.,João Pessoa,PB,2022-09-20,Ativo
989,Consultoria Planalto Equipamentos S.A.,Rio Branco,AC,2022-11-15,Ativo
990,Companhia Ápice Engenharia Ltda.,Campo Grande,MS,2026-01-03,Ativo
991,Grupo Cristal Soluções Digitais Ltda.,Palmas,TO,2024-07-20,Ativo
992,Soluções Buriti Comunicação S.A.,Santos,SP,2022-07-18,Inativo
993,Distribuidora Vitória Transportes S.A.,Campo Grande,MS,2024-07-28,Inativo
994,Distribuidora Brasília Móveis Ltda.,Rio de Janeiro,RJ,2025-02-15,Inativo
995,Mercantil Araucária Engenharia Ltda.,Joinville,SC,2024-07-11,Ativo
996,Soluções Sigma Transportes Empresarial,Palmas,TO,2024-09-14,Ativo
997,Gestão Sigma Serviços Empresariais Comércio e Serviços,Porto Velho,RO,2023-03-22,Ativo
998,Corporativa Diamante Tecnologia Ltda.,Londrina,PR,2024-11-16,Ativo
999,Soluções Central Suprimentos S.A.,Aracaju,SE,2022-01-19,Ativo
1000,Corporativa Pioneira Engenharia Empresarial,Santos,SP,2023-04-20,Ativo
1001,Comercial Buriti Engenharia Comércio e Serviços,Joinville,SC,2025-11-04,Inativo
1002,Importadora Estrela Transportes Empresarial,Uberlândia,MG,2024-05-16,Inativo
1003,Integração Cristal Comércio Comércio e Serviços,Juiz de Fora,MG,2026-03-25,Ativo
1004,Mercantil Esperança Transportes S.A.,Natal,RN,2024-08-15,Inativo
1005,Indústria Araucária Construção Empresarial,Brasília,DF,2023-12-29,Ativo
1006,Indústria Alvorada Serviços Empresariais Empresarial,Natal,RN,2022-02-13,Ativo
1007,Negócios Integra Móveis Comércio e Serviços,Teresina,PI,2022-08-12,Inativo
1008,Atacadista Sigma Sistemas Ltda.,Rio de Janeiro,RJ,2024-01-04,Ativo
1009,Comercial Confiança Alimentos Ltda.,Londrina,PR,2024-02-24,Ativo
1010,Companhia Metropolitana Serviços Empresariais Comércio e Serviços,Niterói,RJ,2025-07-10,Ativo
1011,Companhia Sigma Engenharia Empresarial,Manaus,AM,2022-12-01,Ativo
1012,Serviços Primavera Transportes Ltda.,Brasília,DF,2023-04-19,Ativo
1013,Corporativa Avante Suprimentos Empresarial,Santos,SP,2023-02-08,Inativo
1014,Companhia Orbe Engenharia Ltda.,Santos,SP,2023-04-08,Inativo
1015,Gestão Dinâmica Serviços Empresariais Ltda.,Cuiabá,MT,2024-02-07,Ativo
1016,Logística Excelência Materiais Empresarial,Florianópolis,SC,2025-05-17,Ativo
1017,Indústria Orbe Construção Comércio e Serviços,Curitiba,PR,2024-11-13,Ativo
1018,Grupo Ouro Soluções Digitais Empresarial,Feira de Santana,BA,2026-04-12,Ativo
1019,Tecnologia Veredas Materiais Ltda.,Belo Horizonte,MG,2026-03-04,Ativo
1020,Tecnologia Confiança Engenharia S.A.,Macapá,AP,2022-02-08,Ativo
1021,Integração Fortaleza Transportes S.A.,Porto Alegre,RS,2022-12-23,Ativo
1022,Indústria Conquista Materiais Empresarial,Santos,SP,2023-07-09,Ativo
1023,Importadora Referência Serviços Empresariais Ltda.,São Paulo,SP,2023-01-26,Ativo
1024,Integração Pioneira Construção Ltda.,Rio de Janeiro,RJ,2025-06-14,Ativo
1025,Logística Alvorada Tecnologia Comércio e Serviços,Palmas,TO,2025-03-11,Ativo
1026,Indústria Aroeira Móveis Comércio e Serviços,Niterói,RJ,2024-12-17,Ativo
1027,Indústria Vector Equipamentos Empresarial,Natal,RN,2024-02-08,Ativo
1028,Soluções Ideal Tecnologia Empresarial,Londrina,PR,2026-04-21,Ativo
1029,Mercantil Referência Construção S.A.,Londrina,PR,2024-02-14,Ativo
1030,Atacadista Orbe Materiais S.A.,São Paulo,SP,2024-09-09,Ativo
1031,Comercial Pantanal Tecnologia Comércio e Serviços,João Pessoa,PB,2023-07-13,Ativo
1032,Grupo Nacional Móveis Empresarial,Curitiba,PR,2026-06-01,Ativo
1033,Indústria Prime Materiais Comércio e Serviços,Campinas,SP,2026-04-29,Ativo
1034,Mercantil Referência Engenharia Ltda.,Ribeirão Preto,SP,2023-02-23,Ativo
1035,Serviços Ômega Engenharia Comércio e Serviços,Rio Branco,AC,2025-07-22,Ativo
1036,Distribuidora Esperança Equipamentos S.A.,Anápolis,GO,2024-06-07,Ativo
1037,Logística Amazônia Comércio Ltda.,São Paulo,SP,2024-12-23,Ativo
1038,Importadora Conecta Equipamentos Ltda.,Juiz de Fora,MG,2022-07-10,Ativo
1039,Varejista Veredas Comércio Ltda.,Salvador,BA,2025-04-26,Ativo
1040,Varejista Imperial Soluções Digitais Empresarial,Campinas,SP,2023-07-21,Ativo
1041,Soluções Safira Tecnologia Comércio e Serviços,Anápolis,GO,2024-05-05,Ativo
1042,Comercial Litoral Equipamentos S.A.,São Luís,MA,2024-06-26,Ativo
1043,Indústria Conecta Sistemas Empresarial,Teresina,PI,2024-12-05,Ativo
1044,Logística Ômega Equipamentos Comércio e Serviços,Natal,RN,2022-08-25,Ativo
1045,Serviços Litoral Suprimentos S.A.,Belo Horizonte,MG,2023-04-04,Ativo
1046,Gestão Estrela Sistemas Comércio e Serviços,João Pessoa,PB,2024-11-14,Ativo
1047,Soluções Dinâmica Soluções Digitais Comércio e Serviços,Aracaju,SE,2025-04-30,Ativo
1048,Gestão Vale Verde Transportes Ltda.,Belo Horizonte,MG,2023-09-10,Ativo
1049,Companhia Jatobá Transportes S.A.,Brasília,DF,2023-12-02,Ativo
1050,Companhia Esperança Construção Comércio e Serviços,Maringá,PR,2023-04-02,Ativo
1051,Representações Referência Transportes Empresarial,Rio Branco,AC,2024-09-02,Ativo
1052,Atacadista Monte Azul Transportes Comércio e Serviços,Natal,RN,2026-03-07,Inativo
1053,Importadora Evolução Alimentos Ltda.,Maringá,PR,2023-10-08,Ativo
1054,Mercantil Avante Suprimentos Ltda.,Curitiba,PR,2023-04-30,Ativo
1055,Companhia Conecta Tecnologia Empresarial,São Paulo,SP,2024-10-28,Ativo
1056,Comercial Luz Alimentos Empresarial,Natal,RN,2023-03-04,Ativo
1057,Companhia Master Construção Empresarial,Cuiabá,MT,2022-09-25,Ativo
1058,Atacadista Vale Verde Energia S.A.,Maringá,PR,2023-12-02,Ativo
1059,Serviços Continental Móveis S.A.,Fortaleza,CE,2024-06-07,Ativo
1060,Soluções Orbe Serviços Empresariais Ltda.,Niterói,RJ,2025-07-04,Inativo
1061,Grupo Vitória Construção S.A.,São Luís,MA,2024-12-31,Ativo
1062,Atacadista Orbe Suprimentos S.A.,Caxias do Sul,RS,2023-04-21,Ativo
1063,Soluções Continental Móveis S.A.,Joinville,SC,2026-05-02,Ativo
1064,Comercial Conquista Comércio Empresarial,Juiz de Fora,MG,2026-04-03,Ativo
1065,Integração Estrela Sistemas Empresarial,Santos,SP,2022-07-17,Ativo
1066,Companhia Metropolitana Móveis Ltda.,Juiz de Fora,MG,2026-04-10,Ativo
1067,Companhia Vale Verde Suprimentos Comércio e Serviços,São Paulo,SP,2025-09-10,Ativo
1068,Mercantil Ouro Energia Ltda.,Boa Vista,RR,2025-01-03,Ativo
1069,Grupo Confiança Serviços Empresariais Comércio e Serviços,Anápolis,GO,2024-12-06,Ativo
1070,Indústria Integra Materiais Empresarial,Niterói,RJ,2022-05-06,Ativo
1071,Importadora Vitória Materiais Ltda.,Campo Grande,MS,2024-06-16,Ativo
1072,Negócios Litoral Transportes Empresarial,Rio de Janeiro,RJ,2025-11-19,Ativo
1073,Logística Avante Alimentos Ltda.,Goiânia,GO,2022-10-15,Ativo
1074,Logística Continental Comércio Empresarial,Fortaleza,CE,2022-04-08,Inativo
1075,Indústria Nova Era Sistemas S.A.,Uberlândia,MG,2026-02-09,Ativo
1076,Varejista União Móveis Comércio e Serviços,Palmas,TO,2023-09-08,Ativo
1077,Comercial Ouro Sistemas Empresarial,Manaus,AM,2023-05-13,Ativo
1078,Distribuidora Ápice Engenharia S.A.,Rio Branco,AC,2025-09-12,Ativo
1079,Integração Capital Equipamentos Ltda.,Juiz de Fora,MG,2022-04-25,Ativo
1080,Mercantil Real Tecnologia Ltda.,Palmas,TO,2024-11-15,Ativo
1081,Soluções Litoral Serviços Empresariais Comércio e Serviços,Campinas,SP,2023-10-28,Ativo
1082,Representações Dinâmica Serviços Empresariais Ltda.,Boa Vista,RR,2023-04-21,Ativo
1083,Companhia Luz Transportes Empresarial,Caxias do Sul,RS,2022-07-05,Ativo
1084,Companhia Pantanal Suprimentos S.A.,Palmas,TO,2023-12-03,Ativo
1085,Corporativa Aroeira Comércio Ltda.,Anápolis,GO,2024-06-08,Ativo
1086,Integração Esperança Sistemas Ltda.,Cuiabá,MT,2022-06-28,Ativo
1087,Indústria Delta Tecnologia Comércio e Serviços,Natal,RN,2024-12-20,Ativo
1088,Comercial Real Sistemas Empresarial,Recife,PE,2022-03-22,Ativo
1089,Indústria Nova Era Serviços Empresariais Empresarial,Macapá,AP,2022-07-23,Ativo
1090,Gestão Serra Móveis Ltda.,Rio Branco,AC,2026-01-02,Ativo
1091,Indústria Sinergia Comércio S.A.,Londrina,PR,2025-10-03,Ativo
1092,Representações Confiança Comércio Empresarial,Joinville,SC,2022-10-05,Ativo
1093,Logística Nova Era Engenharia Empresarial,Cuiabá,MT,2022-05-21,Inativo
1094,Comercial Monte Azul Equipamentos Empresarial,Feira de Santana,BA,2024-06-29,Ativo
1095,Empreendimentos Aroeira Energia S.A.,Campinas,SP,2026-04-20,Ativo
1096,Gestão Master Engenharia Comércio e Serviços,São Luís,MA,2025-05-24,Ativo
1097,Indústria Brasília Soluções Digitais Comércio e Serviços,Maceió,AL,2023-01-21,Ativo
1098,Negócios Global Transportes S.A.,Fortaleza,CE,2022-04-11,Ativo
1099,Serviços Aroeira Construção S.A.,Teresina,PI,2024-02-07,Ativo
1100,Comercial Ápice Tecnologia S.A.,São Paulo,SP,2023-05-20,Ativo
1101,Soluções Prime Sistemas S.A.,Rio de Janeiro,RJ,2024-02-15,Ativo
1102,Soluções Safira Soluções Digitais Ltda.,Salvador,BA,2022-09-07,Ativo
1103,Soluções Ouro Transportes Ltda.,Teresina,PI,2026-03-01,Ativo
1104,Serviços Araucária Móveis Ltda.,Cuiabá,MT,2022-12-27,Ativo
1105,Importadora Imperial Construção Ltda.,Londrina,PR,2023-10-16,Ativo
1106,Mercantil Jatobá Comércio Ltda.,Uberlândia,MG,2025-05-06,Ativo
1107,Consultoria Confiança Construção Empresarial,São Luís,MA,2026-06-03,Ativo
1108,Grupo Pantanal Comércio S.A.,Porto Velho,RO,2022-08-25,Ativo
1109,Varejista Cedro Materiais Comércio e Serviços,Teresina,PI,2024-06-22,Ativo
1110,Indústria Aroeira Comércio S.A.,Fortaleza,CE,2025-11-22,Ativo
1111,Corporativa Estrela Sistemas Comércio e Serviços,Belo Horizonte,MG,2023-02-23,Ativo
1112,Consultoria Vector Soluções Digitais S.A.,São Luís,MA,2025-06-05,Ativo
1113,Indústria Nexus Sistemas S.A.,Uberlândia,MG,2022-12-24,Ativo
1114,Consultoria Nova Era Equipamentos Ltda.,Feira de Santana,BA,2025-10-27,Ativo
1115,Consultoria Safira Sistemas Ltda.,São Paulo,SP,2022-01-14,Ativo
1116,Indústria Suprema Equipamentos Ltda.,Uberlândia,MG,2022-01-29,Ativo
1117,Comercial Sinergia Construção Comércio e Serviços,Juiz de Fora,MG,2024-11-27,Ativo
1118,Corporativa Diamante Comércio Comércio e Serviços,São Luís,MA,2025-10-27,Ativo
1119,Gestão Regional Sistemas Comércio e Serviços,Florianópolis,SC,2025-12-18,Ativo
1120,Grupo Bandeirante Serviços Empresariais Ltda.,Natal,RN,2023-07-08,Ativo
1121,Consultoria Brasília Materiais Empresarial,Brasília,DF,2026-04-19,Inativo
1122,Comercial Nacional Comércio Ltda.,Macapá,AP,2022-01-30,Inativo
1123,Representações Evolução Soluções Digitais S.A.,Manaus,AM,2023-08-01,Ativo
1124,Serviços Excelência Sistemas S.A.,Recife,PE,2024-06-01,Ativo
1125,Integração Bandeirante Equipamentos Ltda.,Boa Vista,RR,2024-05-25,Ativo
1126,Comercial Ômega Energia Empresarial,Salvador,BA,2026-02-23,Ativo
1127,Importadora Continental Suprimentos Comércio e Serviços,Londrina,PR,2025-04-23,Ativo
1128,Soluções Ápice Tecnologia Empresarial,Juiz de Fora,MG,2026-01-26,Ativo
1129,Logística Capital Sistemas S.A.,Manaus,AM,2026-02-07,Ativo
1130,Companhia Araucária Construção S.A.,Feira de Santana,BA,2024-10-10,Ativo
1131,Consultoria Luz Engenharia Ltda.,Rio de Janeiro,RJ,2022-04-29,Inativo
1132,Negócios Suprema Móveis S.A.,Belém,PA,2022-11-24,Ativo
1133,Indústria Amazônia Serviços Empresariais Comércio e Serviços,São Paulo,SP,2024-11-27,Ativo
1134,Soluções Atlântica Engenharia Ltda.,Caxias do Sul,RS,2025-12-14,Ativo
1135,Consultoria Safira Comércio S.A.,Rio de Janeiro,RJ,2022-12-30,Ativo
1136,Varejista Luz Tecnologia Comércio e Serviços,Recife,PE,2025-01-24,Ativo
1137,Representações Vitória Soluções Digitais Ltda.,Porto Velho,RO,2024-02-25,Ativo
1138,Soluções Master Comunicação S.A.,Cuiabá,MT,2024-12-17,Ativo
1139,Empreendimentos Essencial Equipamentos Ltda.,Salvador,BA,2022-05-16,Ativo
1140,Indústria Veredas Comunicação Empresarial,Salvador,BA,2026-06-07,Ativo
1141,Importadora Estrela Alimentos S.A.,Anápolis,GO,2022-08-30,Ativo
1142,Consultoria Pioneira Móveis Ltda.,Porto Velho,RO,2022-02-14,Ativo
1143,Importadora Pioneira Equipamentos Empresarial,Goiânia,GO,2025-12-29,Ativo
1144,Logística Nova Era Comunicação S.A.,Niterói,RJ,2026-01-31,Ativo
1145,Consultoria Vale Verde Suprimentos Empresarial,Florianópolis,SC,2022-07-24,Ativo
1146,Serviços União Energia S.A.,Goiânia,GO,2024-05-16,Ativo
1147,Distribuidora Ipê Comunicação S.A.,Brasília,DF,2024-08-19,Ativo
1148,Mercantil Continental Materiais S.A.,Juiz de Fora,MG,2022-09-26,Ativo
1149,Soluções Ômega Equipamentos S.A.,Juiz de Fora,MG,2024-10-17,Ativo
1150,Grupo Serra Engenharia Empresarial,Vitória,ES,2026-07-17,Ativo
1151,Grupo Evolução Soluções Digitais Empresarial,Fortaleza,CE,2023-08-16,Ativo
1152,Atacadista Serra Suprimentos Comércio e Serviços,Manaus,AM,2023-06-08,Ativo
1153,Tecnologia Planalto Energia Ltda.,Campo Grande,MS,2023-07-29,Ativo
1154,Soluções Suprema Comunicação Ltda.,Campo Grande,MS,2025-06-07,Ativo
1155,Soluções Capital Materiais S.A.,Joinville,SC,2022-01-04,Ativo
1156,Logística Ipê Móveis Comércio e Serviços,João Pessoa,PB,2026-03-29,Ativo
1157,Companhia Real Móveis S.A.,Palmas,TO,2025-03-27,Ativo
1158,Integração União Soluções Digitais Empresarial,Anápolis,GO,2023-05-30,Ativo
1159,Varejista Suprema Comunicação S.A.,Belém,PA,2024-04-21,Ativo
1160,Corporativa Buriti Tecnologia Ltda.,Goiânia,GO,2023-03-23,Ativo
1161,Empreendimentos Aroeira Transportes Ltda.,Curitiba,PR,2026-05-30,Ativo
1162,Consultoria Pantanal Transportes Empresarial,Belo Horizonte,MG,2026-03-22,Ativo
1163,Distribuidora Excelência Equipamentos S.A.,Londrina,PR,2025-11-10,Ativo
1164,Grupo Referência Energia S.A.,Fortaleza,CE,2023-03-27,Ativo
1165,Negócios União Tecnologia Empresarial,Porto Velho,RO,2023-02-06,Ativo
1166,Varejista Sinergia Equipamentos S.A.,Salvador,BA,2022-11-29,Ativo
1167,Mercantil Atlântica Móveis Empresarial,Macapá,AP,2024-03-03,Ativo
1168,Corporativa Pacífico Sistemas Empresarial,Goiânia,GO,2023-05-21,Ativo
1169,Tecnologia Sol Nascente Soluções Digitais S.A.,Rio de Janeiro,RJ,2023-09-24,Ativo
1170,Distribuidora Metropolitana Tecnologia Comércio e Serviços,Recife,PE,2025-08-07,Ativo
1171,Gestão Vale Verde Sistemas Comércio e Serviços,Maceió,AL,2022-09-23,Ativo
1172,Soluções Regional Serviços Empresariais S.A.,Porto Velho,RO,2024-09-20,Ativo
1173,Serviços Fortaleza Soluções Digitais Comércio e Serviços,Belém,PA,2025-02-07,Ativo
1174,Companhia Conecta Suprimentos Empresarial,Recife,PE,2025-01-28,Ativo
1175,Comercial Veredas Serviços Empresariais Comércio e Serviços,São Luís,MA,2022-04-24,Inativo
1176,Grupo Primavera Serviços Empresariais Ltda.,Fortaleza,CE,2025-03-24,Ativo
1177,Indústria Sol Nascente Construção Comércio e Serviços,Maceió,AL,2024-10-10,Ativo
1178,Logística Integra Comércio Ltda.,Natal,RN,2022-11-01,Ativo
1179,Tecnologia Regional Materiais Ltda.,Joinville,SC,2023-06-24,Ativo
1180,Importadora Confiança Materiais Empresarial,Rio de Janeiro,RJ,2023-05-03,Ativo
1181,Integração Imperial Materiais Comércio e Serviços,Teresina,PI,2024-12-03,Ativo
1182,Negócios Dinâmica Alimentos Comércio e Serviços,Macapá,AP,2023-04-11,Ativo
1183,Serviços Esperança Móveis Empresarial,Goiânia,GO,2024-06-13,Ativo
1184,Indústria Aroeira Suprimentos S.A.,Feira de Santana,BA,2022-10-11,Ativo
1185,Soluções Nova Era Móveis S.A.,Campinas,SP,2024-07-08,Ativo
1186,Grupo Pacífico Móveis Ltda.,Aracaju,SE,2025-07-23,Ativo
1187,Corporativa Premium Transportes Ltda.,Uberlândia,MG,2026-06-25,Ativo
1188,Representações Bandeirante Comunicação Empresarial,Florianópolis,SC,2023-08-11,Ativo
1189,Atacadista Imperial Suprimentos Comércio e Serviços,Aracaju,SE,2025-05-25,Ativo
1190,Serviços Vitória Engenharia Ltda.,Salvador,BA,2023-07-10,Inativo
1191,Integração Sinergia Equipamentos S.A.,Manaus,AM,2023-11-18,Ativo
1192,Companhia Excelência Materiais Ltda.,Rio de Janeiro,RJ,2024-12-28,Ativo
1193,Logística União Soluções Digitais S.A.,Belém,PA,2022-07-02,Ativo
1194,Tecnologia Diamante Móveis S.A.,Fortaleza,CE,2022-10-02,Ativo
1195,Indústria Nacional Sistemas S.A.,Belo Horizonte,MG,2022-05-02,Ativo
1196,Varejista Monte Azul Energia Empresarial,São Paulo,SP,2024-03-31,Ativo
1197,Grupo Orbe Alimentos S.A.,Uberlândia,MG,2025-08-12,Ativo
1198,Soluções Vector Comunicação S.A.,Niterói,RJ,2024-01-04,Ativo
1199,Consultoria Safira Engenharia S.A.,Boa Vista,RR,2023-05-15,Ativo
1200,Atacadista Delta Engenharia Comércio e Serviços,Campo Grande,MS,2022-02-12,Ativo
1201,Gestão Serra Transportes Empresarial,João Pessoa,PB,2025-06-14,Ativo
1202,Representações Esperança Energia Ltda.,Florianópolis,SC,2023-11-01,Ativo
1203,Empreendimentos Ipê Construção Comércio e Serviços,Palmas,TO,2026-04-13,Ativo
1204,Comercial Serra Comércio Empresarial,Rio Branco,AC,2023-02-19,Ativo
1205,Representações Planalto Suprimentos Ltda.,Palmas,TO,2024-10-11,Ativo
1206,Empreendimentos Progresso Comércio Comércio e Serviços,Ribeirão Preto,SP,2022-05-10,Ativo
1207,Representações Capital Equipamentos S.A.,Niterói,RJ,2023-03-05,Ativo
1208,Distribuidora Buriti Sistemas S.A.,Salvador,BA,2023-07-28,Ativo
1209,Consultoria Pantanal Soluções Digitais Comércio e Serviços,Campinas,SP,2023-10-14,Ativo
1210,Negócios Real Energia Ltda.,Feira de Santana,BA,2024-03-26,Ativo
1211,Representações Prime Equipamentos Empresarial,São Luís,MA,2025-06-24,Ativo
1212,Companhia Essencial Energia Empresarial,Goiânia,GO,2024-07-15,Ativo
1213,Consultoria Ouro Energia Empresarial,Juiz de Fora,MG,2024-09-11,Ativo
1214,Corporativa Fortaleza Tecnologia Comércio e Serviços,Porto Alegre,RS,2023-12-14,Inativo
1215,Grupo Safira Transportes S.A.,Feira de Santana,BA,2022-04-16,Ativo
1216,Varejista Master Equipamentos Empresarial,Londrina,PR,2024-12-04,Ativo
1217,Representações Nova Era Materiais Ltda.,Porto Velho,RO,2026-02-02,Ativo
1218,Companhia Ômega Sistemas S.A.,Rio Branco,AC,2026-03-06,Inativo
1219,Comercial Araucária Engenharia Empresarial,Porto Velho,RO,2023-04-03,Ativo
1220,Varejista Capital Serviços Empresariais Ltda.,Florianópolis,SC,2022-10-28,Ativo
1221,Corporativa Atlântica Alimentos S.A.,São Paulo,SP,2022-03-05,Ativo
1222,Comercial Integra Serviços Empresariais Ltda.,Teresina,PI,2024-03-10,Inativo
1223,Serviços Liberdade Sistemas Comércio e Serviços,Belém,PA,2023-10-25,Ativo
1224,Corporativa Global Alimentos Empresarial,Belo Horizonte,MG,2022-02-13,Ativo
1225,Mercantil Nova Era Comércio S.A.,Juiz de Fora,MG,2024-12-23,Inativo
1226,Empreendimentos Real Energia Comércio e Serviços,Curitiba,PR,2023-10-10,Ativo
1227,Logística Serra Comunicação Ltda.,Porto Velho,RO,2022-12-13,Ativo
1228,Corporativa Continental Materiais Ltda.,Maringá,PR,2025-06-11,Ativo
1229,Grupo Litoral Construção Comércio e Serviços,Maringá,PR,2023-04-27,Ativo
1230,Tecnologia Evolução Serviços Empresariais Comércio e Serviços,Caxias do Sul,RS,2022-07-09,Ativo
1231,Representações Pioneira Suprimentos Comércio e Serviços,Santos,SP,2023-01-18,Ativo
1232,Indústria Planalto Construção Ltda.,Campo Grande,MS,2022-08-23,Ativo
1233,Corporativa Sigma Sistemas Comércio e Serviços,João Pessoa,PB,2022-08-02,Ativo
1234,Gestão Planalto Comércio S.A.,Porto Alegre,RS,2025-06-01,Ativo
1235,Distribuidora Confiança Energia Ltda.,Joinville,SC,2023-05-06,Ativo
1236,Importadora Referência Alimentos Empresarial,Santos,SP,2024-04-05,Ativo
1237,Companhia Bandeirante Transportes Comércio e Serviços,Brasília,DF,2026-05-01,Ativo
1238,Consultoria Metropolitana Equipamentos Ltda.,Fortaleza,CE,2025-09-15,Ativo
1239,Consultoria Vector Móveis Empresarial,Salvador,BA,2026-01-13,Ativo
1240,Corporativa Atlântica Suprimentos Empresarial,Cuiabá,MT,2025-08-25,Ativo
1241,Indústria Premium Sistemas Ltda.,Vitória,ES,2024-05-18,Inativo
1242,Grupo Bandeirante Construção S.A.,Goiânia,GO,2024-04-27,Ativo
1243,Distribuidora Luz Alimentos Empresarial,Santos,SP,2025-11-04,Ativo
1244,Distribuidora Vanguarda Comércio Empresarial,Porto Velho,RO,2025-04-01,Inativo
1245,Integração Conquista Sistemas Comércio e Serviços,Belo Horizonte,MG,2022-11-02,Ativo
1246,Empreendimentos Vector Energia Ltda.,João Pessoa,PB,2024-12-16,Ativo
1247,Atacadista Integra Soluções Digitais Ltda.,Anápolis,GO,2025-04-11,Ativo
1248,Indústria Estrela Transportes Ltda.,Vitória,ES,2023-09-07,Ativo
1249,Importadora Ápice Sistemas Ltda.,Belo Horizonte,MG,2025-05-12,Ativo
1250,Representações Horizonte Suprimentos Empresarial,Recife,PE,2022-11-20,Ativo
1251,Tecnologia Nova Era Transportes Empresarial,Salvador,BA,2025-03-15,Ativo
1252,Gestão Conecta Equipamentos Empresarial,Aracaju,SE,2025-11-01,Ativo
1253,Negócios Conquista Alimentos Comércio e Serviços,Recife,PE,2023-03-16,Inativo
1254,Importadora Confiança Tecnologia Ltda.,Goiânia,GO,2025-04-15,Ativo
1255,Tecnologia Suprema Móveis Empresarial,Maringá,PR,2024-01-27,Ativo
1256,Varejista Conquista Equipamentos Empresarial,Joinville,SC,2023-01-08,Ativo
1257,Integração Ômega Suprimentos Ltda.,Aracaju,SE,2026-02-28,Ativo
1258,Logística Serra Sistemas Empresarial,Caxias do Sul,RS,2026-05-26,Ativo
1259,Corporativa Araucária Equipamentos S.A.,Fortaleza,CE,2025-02-09,Ativo
1260,Comercial Diamante Soluções Digitais S.A.,Goiânia,GO,2022-02-08,Ativo
1261,Corporativa Global Serviços Empresariais Comércio e Serviços,Santos,SP,2023-11-17,Ativo
1262,Gestão Estrela Comunicação Ltda.,Londrina,PR,2022-11-25,Ativo
1263,Atacadista Jatobá Soluções Digitais S.A.,Macapá,AP,2022-10-17,Ativo
1264,Negócios Ipê Suprimentos Empresarial,Ribeirão Preto,SP,2022-01-06,Ativo
1265,Tecnologia Atlântica Construção S.A.,Niterói,RJ,2022-05-14,Ativo
1266,Tecnologia Cedro Transportes S.A.,Vitória,ES,2022-10-12,Ativo
1267,Companhia Real Engenharia Comércio e Serviços,Boa Vista,RR,2023-12-10,Ativo
1268,Integração Primavera Móveis S.A.,Salvador,BA,2022-04-14,Ativo
1269,Distribuidora Planalto Energia Ltda.,Belo Horizonte,MG,2025-02-07,Ativo
1270,Tecnologia Horizonte Serviços Empresariais Comércio e Serviços,João Pessoa,PB,2026-04-08,Ativo
1271,Grupo Ápice Comércio S.A.,Macapá,AP,2025-05-31,Ativo
1272,Gestão Luz Móveis S.A.,Palmas,TO,2025-12-08,Ativo
1273,Atacadista Amazônia Construção S.A.,Cuiabá,MT,2023-08-27,Ativo
1274,Negócios Bandeirante Transportes S.A.,Rio Branco,AC,2023-09-11,Ativo
1275,Comercial Sigma Tecnologia Comércio e Serviços,Belo Horizonte,MG,2022-12-20,Ativo
1276,Importadora Ápice Alimentos Comércio e Serviços,São Luís,MA,2026-07-17,Ativo
1277,Tecnologia Ouro Engenharia S.A.,Macapá,AP,2023-09-29,Ativo
1278,Gestão Suprema Tecnologia S.A.,Cuiabá,MT,2022-05-23,Ativo
1279,Tecnologia Planalto Soluções Digitais Empresarial,Campo Grande,MS,2022-01-23,Inativo
1280,Serviços Esperança Suprimentos S.A.,Juiz de Fora,MG,2022-07-06,Ativo
1281,Gestão Amazônia Construção Comércio e Serviços,Campinas,SP,2024-12-30,Ativo
1282,Soluções Cristal Energia Comércio e Serviços,João Pessoa,PB,2022-03-03,Ativo
1283,Grupo Sinergia Comércio Ltda.,Joinville,SC,2022-04-28,Ativo
1284,Atacadista Pioneira Comércio Comércio e Serviços,Rio de Janeiro,RJ,2026-03-31,Ativo
1285,Corporativa Ápice Suprimentos Ltda.,Rio de Janeiro,RJ,2022-06-29,Inativo
1286,Corporativa Cristal Tecnologia Ltda.,Belo Horizonte,MG,2025-05-21,Inativo
1287,Companhia Conecta Comércio S.A.,Campo Grande,MS,2023-05-15,Ativo
1288,Logística Buriti Comércio S.A.,Vitória,ES,2023-01-11,Ativo
1289,Grupo Diamante Soluções Digitais S.A.,Belém,PA,2024-12-31,Ativo
1290,Consultoria Alvorada Serviços Empresariais Empresarial,Cuiabá,MT,2022-05-04,Ativo
1291,Indústria Vector Engenharia Ltda.,Maringá,PR,2025-06-16,Ativo
1292,Mercantil Ômega Serviços Empresariais S.A.,São Paulo,SP,2022-09-08,Inativo
1293,Companhia Capital Suprimentos Comércio e Serviços,Rio Branco,AC,2026-05-27,Ativo
1294,Integração Amazônia Materiais S.A.,Campinas,SP,2024-05-25,Ativo
1295,Grupo Sol Nascente Energia S.A.,Maringá,PR,2025-04-17,Ativo
1296,Mercantil Ápice Materiais Comércio e Serviços,Palmas,TO,2024-04-26,Ativo
1297,Corporativa Continental Sistemas S.A.,Manaus,AM,2023-10-06,Ativo
1298,Grupo Sinergia Alimentos Ltda.,Salvador,BA,2024-06-10,Ativo
1299,Representações Premium Sistemas S.A.,São Paulo,SP,2022-03-03,Ativo
1300,Distribuidora Real Móveis Empresarial,Santos,SP,2024-04-04,Ativo
1301,Logística Litoral Suprimentos Ltda.,Feira de Santana,BA,2022-06-16,Ativo
1302,Atacadista Ipê Sistemas S.A.,Boa Vista,RR,2026-01-03,Ativo
1303,Atacadista Confiança Materiais Ltda.,Maceió,AL,2024-12-14,Ativo
1304,Varejista Ouro Energia S.A.,Belém,PA,2025-09-22,Ativo
1305,Varejista Safira Móveis Empresarial,Uberlândia,MG,2024-12-24,Ativo
1306,Negócios Imperial Comércio S.A.,Palmas,TO,2026-01-14,Ativo
1307,Grupo Vale Verde Transportes Empresarial,Salvador,BA,2024-03-12,Ativo
1308,Soluções Nova Era Materiais Ltda.,Belém,PA,2023-08-05,Ativo
1309,Distribuidora Orbe Comércio Comércio e Serviços,Anápolis,GO,2022-10-22,Ativo
1310,Varejista Aroeira Comércio Empresarial,Ribeirão Preto,SP,2023-09-30,Ativo
1311,Empreendimentos Atlântica Equipamentos Empresarial,Fortaleza,CE,2023-09-17,Ativo
1312,Indústria Premium Alimentos S.A.,Vitória,ES,2022-02-24,Ativo
1313,Integração Continental Suprimentos S.A.,Florianópolis,SC,2022-07-22,Inativo
1314,Representações Amazônia Sistemas Empresarial,Florianópolis,SC,2025-10-30,Ativo
1315,Serviços Conecta Comunicação Ltda.,Fortaleza,CE,2024-01-20,Ativo
1316,Representações Prime Materiais S.A.,Feira de Santana,BA,2023-06-19,Inativo
1317,Tecnologia Amazônia Energia Comércio e Serviços,São Luís,MA,2025-12-19,Ativo
1318,Gestão Continental Serviços Empresariais Empresarial,Palmas,TO,2025-07-21,Ativo
1319,Negócios União Suprimentos Comércio e Serviços,Aracaju,SE,2026-02-18,Ativo
1320,Distribuidora Sol Nascente Materiais Comércio e Serviços,Cuiabá,MT,2023-01-14,Ativo
1321,Tecnologia Monte Azul Energia Ltda.,Porto Alegre,RS,2022-12-18,Ativo
1322,Atacadista Orbe Transportes Empresarial,Santos,SP,2025-03-25,Ativo
1323,Gestão Cerrado Alimentos Ltda.,Feira de Santana,BA,2023-10-15,Ativo
1324,Varejista Confiança Suprimentos Ltda.,Rio de Janeiro,RJ,2025-12-03,Ativo
1325,Tecnologia Jatobá Soluções Digitais S.A.,Anápolis,GO,2024-03-02,Inativo
1326,Varejista Imperial Engenharia Empresarial,Porto Alegre,RS,2023-03-28,Ativo
1327,Tecnologia Conquista Alimentos Comércio e Serviços,Vitória,ES,2023-03-18,Inativo
1328,Importadora Nova Era Equipamentos Empresarial,Uberlândia,MG,2024-05-08,Ativo
1329,Tecnologia Central Transportes S.A.,Ribeirão Preto,SP,2023-01-10,Ativo
1330,Gestão Avante Energia Ltda.,Brasília,DF,2024-12-10,Ativo
1331,Distribuidora Sigma Alimentos S.A.,Campinas,SP,2022-07-18,Ativo
1332,Atacadista Confiança Transportes Comércio e Serviços,Caxias do Sul,RS,2024-08-23,Ativo
1333,Consultoria Sol Nascente Alimentos Empresarial,Londrina,PR,2024-10-03,Ativo
1334,Importadora Litoral Comunicação Ltda.,Juiz de Fora,MG,2024-08-28,Ativo
1335,Varejista Essencial Tecnologia Ltda.,Campinas,SP,2026-02-06,Ativo
1336,Soluções Monte Azul Energia S.A.,Feira de Santana,BA,2024-02-21,Ativo
1337,Gestão Integra Sistemas Empresarial,Teresina,PI,2025-12-09,Ativo
1338,Empreendimentos Luz Construção Ltda.,Natal,RN,2024-11-17,Inativo
1339,Indústria Litoral Tecnologia S.A.,Porto Velho,RO,2025-09-15,Ativo
1340,Representações Liberdade Materiais Empresarial,Porto Alegre,RS,2022-01-22,Ativo
1341,Varejista Sol Nascente Energia Empresarial,Teresina,PI,2026-02-02,Ativo
1342,Serviços Continental Soluções Digitais S.A.,São Luís,MA,2022-12-27,Ativo
1343,Atacadista Master Transportes S.A.,Macapá,AP,2026-02-20,Ativo
1344,Distribuidora Atlântica Energia S.A.,Anápolis,GO,2023-10-27,Ativo
1345,Mercantil Vanguarda Engenharia Empresarial,Campo Grande,MS,2026-05-29,Ativo
1346,Representações Nexus Transportes Empresarial,Brasília,DF,2024-10-25,Ativo
1347,Varejista Referência Transportes Comércio e Serviços,Campo Grande,MS,2025-07-10,Ativo
1348,Comercial Litoral Engenharia S.A.,Caxias do Sul,RS,2023-12-23,Ativo
1349,Representações Real Sistemas Empresarial,Juiz de Fora,MG,2025-01-26,Ativo
1350,Soluções Confiança Serviços Empresariais S.A.,Belém,PA,2022-08-29,Ativo
1351,Mercantil Horizonte Equipamentos Comércio e Serviços,Macapá,AP,2026-03-28,Ativo
1352,Gestão Ouro Alimentos Empresarial,Salvador,BA,2026-06-22,Ativo
1353,Grupo Excelência Comércio Comércio e Serviços,Porto Velho,RO,2022-01-02,Ativo
1354,Empreendimentos Suprema Alimentos Comércio e Serviços,Campo Grande,MS,2024-11-29,Ativo
1355,Serviços Aroeira Móveis Empresarial,Recife,PE,2025-08-25,Ativo
1356,Importadora Atlântica Alimentos Ltda.,Porto Alegre,RS,2023-11-03,Ativo
1357,Mercantil Monte Azul Energia S.A.,Maringá,PR,2025-01-29,Ativo
1358,Negócios Buriti Construção S.A.,Palmas,TO,2025-04-29,Ativo
1359,Empreendimentos Cedro Soluções Digitais S.A.,Uberlândia,MG,2026-03-01,Ativo
1360,Distribuidora Pantanal Sistemas Comércio e Serviços,Juiz de Fora,MG,2026-01-29,Ativo
1361,Mercantil Pantanal Soluções Digitais S.A.,Salvador,BA,2025-02-27,Ativo
1362,Negócios Amazônia Transportes S.A.,Caxias do Sul,RS,2024-11-09,Ativo
1363,Importadora Premium Materiais Empresarial,São Paulo,SP,2022-12-12,Ativo
1364,Soluções Aroeira Suprimentos S.A.,Porto Alegre,RS,2026-07-14,Ativo
1365,Representações Metropolitana Suprimentos Empresarial,Florianópolis,SC,2023-12-09,Ativo
1366,Corporativa Evolução Serviços Empresariais S.A.,Teresina,PI,2023-06-29,Ativo
1367,Importadora Planalto Tecnologia Comércio e Serviços,Boa Vista,RR,2024-10-03,Ativo
1368,Gestão Safira Transportes S.A.,Recife,PE,2022-03-22,Ativo
1369,Indústria Evolução Engenharia Empresarial,São Paulo,SP,2026-03-08,Ativo
1370,Varejista Alvorada Equipamentos S.A.,Palmas,TO,2022-02-15,Ativo
1371,Negócios Real Serviços Empresariais S.A.,Santos,SP,2024-12-13,Ativo
1372,Indústria Continental Serviços Empresariais Ltda.,Aracaju,SE,2022-08-18,Ativo
1373,Importadora Monte Azul Suprimentos S.A.,Juiz de Fora,MG,2025-12-07,Ativo
1374,Gestão Regional Comunicação S.A.,Curitiba,PR,2025-10-06,Ativo
1375,Companhia Bandeirante Construção Empresarial,Macapá,AP,2022-10-30,Ativo
1376,Logística Ômega Comunicação Comércio e Serviços,Palmas,TO,2023-08-09,Ativo
1377,Empreendimentos Estrela Soluções Digitais Ltda.,Maringá,PR,2024-07-19,Ativo
1378,Mercantil Ouro Suprimentos Ltda.,Manaus,AM,2024-02-22,Ativo
1379,Serviços Ápice Transportes Ltda.,Juiz de Fora,MG,2024-05-21,Ativo
1380,Integração Ipê Tecnologia S.A.,Ribeirão Preto,SP,2024-01-07,Ativo
1381,Consultoria Global Construção S.A.,Boa Vista,RR,2023-03-12,Ativo
1382,Atacadista Real Transportes S.A.,Porto Velho,RO,2022-10-12,Inativo
1383,Empreendimentos Imperial Serviços Empresariais Ltda.,Anápolis,GO,2023-07-25,Ativo
1384,Comercial Litoral Serviços Empresariais Empresarial,Campo Grande,MS,2025-11-16,Ativo
1385,Grupo Prime Alimentos Comércio e Serviços,Porto Velho,RO,2022-12-31,Ativo
1386,Distribuidora Nova Era Comércio S.A.,São Paulo,SP,2024-10-19,Ativo
1387,Consultoria Veredas Serviços Empresariais S.A.,Campinas,SP,2026-06-10,Inativo
1388,Importadora Primavera Equipamentos Empresarial,Caxias do Sul,RS,2026-05-31,Ativo
1389,Distribuidora Fortaleza Transportes Empresarial,Belém,PA,2024-12-18,Ativo
1390,Corporativa Brasília Serviços Empresariais Comércio e Serviços,Belém,PA,2025-05-22,Ativo
1391,Gestão Orbe Soluções Digitais Empresarial,Curitiba,PR,2022-03-26,Ativo
1392,Comercial Planalto Alimentos Empresarial,Palmas,TO,2025-11-29,Ativo
1393,Representações Vitória Materiais S.A.,São Paulo,SP,2025-08-06,Inativo
1394,Atacadista Premium Construção Comércio e Serviços,Niterói,RJ,2022-04-02,Ativo
1395,Logística Excelência Transportes Ltda.,Manaus,AM,2026-04-04,Ativo
1396,Distribuidora Nova Era Construção Ltda.,Teresina,PI,2022-12-04,Ativo
1397,Importadora Excelência Engenharia S.A.,Caxias do Sul,RS,2025-07-05,Ativo
1398,Soluções Dinâmica Comércio S.A.,Macapá,AP,2026-05-17,Inativo
1399,Gestão Ouro Suprimentos Empresarial,Recife,PE,2022-03-26,Ativo
1400,Gestão Esperança Equipamentos S.A.,Campo Grande,MS,2024-09-23,Ativo
1401,Grupo Esperança Serviços Empresariais Ltda.,Juiz de Fora,MG,2022-03-02,Ativo
1402,Indústria Serra Suprimentos S.A.,Maringá,PR,2023-08-21,Ativo
1403,Integração Conecta Energia S.A.,Natal,RN,2026-05-27,Inativo
1404,Gestão Evolução Alimentos S.A.,São Paulo,SP,2022-10-11,Ativo
1405,Representações Capital Equipamentos Empresarial,Rio Branco,AC,2025-01-12,Ativo
1406,Companhia Global Engenharia Empresarial,Teresina,PI,2026-07-15,Ativo
1407,Gestão Avante Equipamentos Comércio e Serviços,Joinville,SC,2024-11-05,Ativo
1408,Corporativa Alvorada Equipamentos Empresarial,Curitiba,PR,2022-08-27,Ativo
1409,Grupo Amazônia Suprimentos S.A.,Rio de Janeiro,RJ,2025-07-20,Ativo
1410,Distribuidora Conquista Energia Comércio e Serviços,São Luís,MA,2025-08-15,Ativo
1411,Soluções Cristal Móveis Ltda.,Boa Vista,RR,2024-06-04,Ativo
1412,Atacadista Nova Era Móveis Empresarial,Natal,RN,2025-06-26,Ativo
1413,Corporativa Atlântica Tecnologia Ltda.,Vitória,ES,2023-02-14,Ativo
1414,Grupo União Serviços Empresariais Ltda.,Maceió,AL,2026-01-14,Ativo
1415,Companhia Veredas Comércio S.A.,Recife,PE,2022-03-17,Ativo
1416,Gestão Serra Transportes S.A.,Porto Velho,RO,2022-06-25,Ativo
1417,Indústria Serra Alimentos Ltda.,Fortaleza,CE,2023-11-09,Ativo
1418,Distribuidora Cristal Soluções Digitais S.A.,Belém,PA,2023-05-31,Inativo
1419,Comercial Aroeira Serviços Empresariais Ltda.,Teresina,PI,2023-05-22,Ativo
1420,Soluções Cedro Alimentos S.A.,Brasília,DF,2023-01-29,Ativo
1421,Empreendimentos Global Transportes S.A.,João Pessoa,PB,2023-11-07,Inativo
1422,Mercantil Progresso Alimentos S.A.,Campo Grande,MS,2026-07-14,Inativo
1423,Gestão Fortaleza Engenharia Empresarial,Juiz de Fora,MG,2025-09-11,Ativo
1424,Serviços Safira Soluções Digitais S.A.,Porto Velho,RO,2025-04-10,Ativo
1425,Varejista Sinergia Móveis Comércio e Serviços,Manaus,AM,2024-08-22,Ativo
1426,Integração Ideal Energia Empresarial,Campinas,SP,2023-12-26,Inativo
1427,Importadora Orbe Móveis Comércio e Serviços,Porto Alegre,RS,2025-05-07,Ativo
1428,Soluções Esperança Soluções Digitais Comércio e Serviços,São Paulo,SP,2026-03-13,Ativo
1429,Negócios Planalto Materiais Comércio e Serviços,Goiânia,GO,2024-06-21,Ativo
1430,Mercantil Fortaleza Engenharia Comércio e Serviços,Recife,PE,2026-06-18,Ativo
1431,Atacadista Premium Comércio Ltda.,Anápolis,GO,2023-03-23,Ativo
1432,Tecnologia Planalto Materiais S.A.,Brasília,DF,2025-04-23,Ativo
1433,Negócios Pacífico Materiais S.A.,Natal,RN,2024-04-07,Ativo
1434,Mercantil Ideal Comércio Ltda.,Porto Alegre,RS,2026-04-17,Ativo
1435,Tecnologia Pacífico Sistemas Comércio e Serviços,Recife,PE,2026-03-10,Ativo
1436,Mercantil Master Móveis Empresarial,Boa Vista,RR,2022-04-25,Ativo
1437,Importadora Progresso Comunicação S.A.,Maringá,PR,2026-02-19,Inativo
1438,Negócios Ipê Equipamentos S.A.,Palmas,TO,2025-09-20,Ativo
1439,Consultoria Vanguarda Construção S.A.,Caxias do Sul,RS,2024-12-27,Ativo
1440,Grupo Nova Era Energia Empresarial,Uberlândia,MG,2025-06-27,Ativo
1441,Atacadista Sigma Serviços Empresariais S.A.,Fortaleza,CE,2023-07-27,Ativo
1442,Indústria Prime Transportes S.A.,Aracaju,SE,2024-02-18,Ativo
1443,Tecnologia Horizonte Comunicação Comércio e Serviços,Rio Branco,AC,2026-07-24,Ativo
1444,Tecnologia Vanguarda Serviços Empresariais Comércio e Serviços,Boa Vista,RR,2024-08-05,Ativo
1445,Corporativa União Materiais Empresarial,Recife,PE,2024-12-25,Ativo
1446,Mercantil Master Materiais Ltda.,Recife,PE,2025-05-02,Ativo
1447,Negócios Esperança Móveis Empresarial,Maringá,PR,2025-12-13,Ativo
1448,Corporativa Nova Era Materiais Empresarial,Joinville,SC,2022-08-12,Ativo
1449,Grupo Serra Materiais Empresarial,Santos,SP,2025-12-08,Ativo
1450,Varejista Orbe Sistemas Empresarial,Brasília,DF,2024-06-23,Ativo
1451,Consultoria Araucária Comércio S.A.,Uberlândia,MG,2023-12-10,Ativo
1452,Atacadista Imperial Engenharia S.A.,Curitiba,PR,2025-12-01,Ativo
1453,Corporativa Conecta Comunicação S.A.,Uberlândia,MG,2025-12-25,Ativo
1454,Logística Alvorada Construção Ltda.,Curitiba,PR,2025-09-01,Ativo
1455,Distribuidora Bandeirante Equipamentos Empresarial,Rio Branco,AC,2025-06-02,Ativo
1456,Varejista Referência Alimentos Empresarial,Rio Branco,AC,2022-01-14,Inativo
1457,Atacadista Delta Energia Ltda.,Maringá,PR,2024-06-25,Ativo
1458,Representações Vale Verde Construção Ltda.,Feira de Santana,BA,2025-06-29,Ativo
1459,Comercial Brasília Energia S.A.,Teresina,PI,2024-07-11,Ativo
1460,Companhia Brasília Soluções Digitais S.A.,Ribeirão Preto,SP,2022-09-24,Ativo
1461,Distribuidora Global Engenharia Ltda.,Macapá,AP,2022-02-14,Ativo
1462,Distribuidora Excelência Suprimentos Empresarial,Juiz de Fora,MG,2026-05-10,Ativo
1463,Consultoria Serra Engenharia Empresarial,Ribeirão Preto,SP,2022-07-08,Ativo
1464,Grupo Dinâmica Engenharia S.A.,Manaus,AM,2025-07-12,Ativo
1465,Serviços Regional Energia Comércio e Serviços,Fortaleza,CE,2023-07-05,Ativo
1466,Atacadista Prime Comunicação Comércio e Serviços,São Luís,MA,2026-04-05,Ativo
1467,Integração Luz Equipamentos S.A.,Maceió,AL,2022-10-26,Inativo
1468,Atacadista Suprema Materiais Empresarial,Florianópolis,SC,2025-07-31,Ativo
1469,Atacadista Delta Energia Empresarial,Natal,RN,2022-08-15,Ativo
1470,Integração Litoral Móveis Comércio e Serviços,Belo Horizonte,MG,2022-12-18,Ativo
1471,Negócios Integra Energia Ltda.,Cuiabá,MT,2023-02-26,Ativo
1472,Empreendimentos Orbe Comunicação Comércio e Serviços,Rio Branco,AC,2023-09-29,Ativo
1473,Importadora Confiança Transportes Empresarial,Natal,RN,2024-02-04,Ativo
1474,Grupo Pacífico Serviços Empresariais Empresarial,Recife,PE,2023-04-21,Ativo
1475,Indústria Sinergia Construção S.A.,Florianópolis,SC,2023-06-16,Ativo
1476,Grupo Avante Alimentos Comércio e Serviços,Belo Horizonte,MG,2023-01-18,Ativo
1477,Representações Bandeirante Tecnologia Empresarial,Aracaju,SE,2026-05-16,Inativo
1478,Empreendimentos Diamante Soluções Digitais Ltda.,Niterói,RJ,2023-10-09,Ativo
1479,Empreendimentos Fortaleza Alimentos Comércio e Serviços,Teresina,PI,2024-11-01,Ativo
1480,Mercantil Prime Engenharia Empresarial,São Paulo,SP,2022-01-15,Ativo
1481,Consultoria Buriti Móveis Ltda.,Londrina,PR,2022-05-05,Ativo
1482,Gestão Premium Suprimentos Empresarial,Juiz de Fora,MG,2024-09-10,Ativo
1483,Integração Ipê Comércio Ltda.,Campinas,SP,2024-05-09,Ativo
1484,Grupo Capital Construção S.A.,Anápolis,GO,2025-05-18,Ativo
1485,Negócios Conquista Serviços Empresariais S.A.,Goiânia,GO,2025-11-24,Ativo
1486,Corporativa Regional Equipamentos Empresarial,Juiz de Fora,MG,2023-08-09,Ativo
1487,Representações Master Materiais Ltda.,Anápolis,GO,2024-12-15,Ativo
1488,Empreendimentos União Suprimentos S.A.,Londrina,PR,2024-06-13,Ativo
1489,Integração Regional Energia Comércio e Serviços,Rio de Janeiro,RJ,2025-02-01,Ativo
1490,Integração Nova Era Materiais S.A.,Fortaleza,CE,2024-06-16,Ativo
1491,Empreendimentos Imperial Comércio S.A.,Salvador,BA,2023-06-06,Ativo
1492,Tecnologia Regional Tecnologia S.A.,Uberlândia,MG,2026-03-26,Ativo
1493,Corporativa Ouro Comércio Empresarial,Ribeirão Preto,SP,2022-05-31,Ativo
1494,Empreendimentos Conecta Tecnologia S.A.,Florianópolis,SC,2026-04-02,Ativo
1495,Grupo Brasília Energia Empresarial,Belo Horizonte,MG,2023-11-08,Ativo
1496,Logística Confiança Sistemas Empresarial,Porto Velho,RO,2023-01-14,Ativo
1497,Empreendimentos Aroeira Construção Empresarial,Rio de Janeiro,RJ,2022-08-11,Ativo
1498,Corporativa Primavera Equipamentos Comércio e Serviços,Campinas,SP,2025-10-19,Ativo
1499,Tecnologia Vector Comércio Comércio e Serviços,Fortaleza,CE,2023-05-05,Ativo
1500,Negócios Regional Suprimentos S.A.,Porto Velho,RO,2026-05-31,Ativo
1501,Logística Estrela Construção Comércio e Serviços,Porto Velho,RO,2022-10-08,Ativo
1502,Varejista Amazônia Móveis Comércio e Serviços,Santos,SP,2022-05-09,Ativo
1503,Logística Conquista Transportes Comércio e Serviços,Campo Grande,MS,2025-03-12,Ativo
1504,Companhia Ouro Tecnologia S.A.,Juiz de Fora,MG,2026-07-20,Ativo
1505,Comercial Cerrado Serviços Empresariais S.A.,Uberlândia,MG,2025-08-23,Ativo
1506,Representações Confiança Soluções Digitais Empresarial,Palmas,TO,2022-02-14,Ativo
1507,Companhia Ápice Transportes Ltda.,Recife,PE,2023-11-22,Ativo
1508,Soluções Serra Equipamentos Comércio e Serviços,Juiz de Fora,MG,2025-12-11,Ativo
1509,Comercial Continental Tecnologia Empresarial,São Luís,MA,2023-01-07,Ativo
1510,Soluções Aroeira Sistemas Ltda.,Joinville,SC,2022-02-21,Ativo
1511,Gestão Fortaleza Sistemas Ltda.,Londrina,PR,2026-02-09,Ativo
1512,Comercial Dinâmica Móveis Ltda.,Rio de Janeiro,RJ,2023-08-20,Ativo
1513,Importadora Vale Verde Materiais Ltda.,Vitória,ES,2024-12-14,Ativo
1514,Gestão Vanguarda Sistemas S.A.,Teresina,PI,2022-05-01,Ativo
1515,Empreendimentos Excelência Serviços Empresariais Empresarial,São Paulo,SP,2025-05-27,Ativo
1516,Consultoria Sinergia Construção Ltda.,Campinas,SP,2026-04-13,Ativo
1517,Comercial Monte Azul Materiais Ltda.,Rio Branco,AC,2022-10-16,Ativo
1518,Grupo Ideal Equipamentos Empresarial,Brasília,DF,2025-04-25,Ativo
1519,Representações Avante Soluções Digitais S.A.,Aracaju,SE,2024-06-20,Ativo
1520,Companhia Araucária Soluções Digitais Empresarial,Campinas,SP,2026-04-14,Ativo
1521,Comercial Nova Era Construção Ltda.,Campo Grande,MS,2022-08-08,Ativo
1522,Gestão Integra Serviços Empresariais Ltda.,Palmas,TO,2023-08-10,Ativo
1523,Varejista Fortaleza Móveis Ltda.,Ribeirão Preto,SP,2026-01-05,Ativo
1524,Mercantil Aroeira Engenharia Empresarial,Florianópolis,SC,2024-06-18,Ativo
1525,Importadora Delta Serviços Empresariais S.A.,São Paulo,SP,2025-11-17,Ativo
1526,Mercantil Sinergia Equipamentos Empresarial,Rio Branco,AC,2022-04-25,Ativo
1527,Serviços Sigma Soluções Digitais Comércio e Serviços,Porto Velho,RO,2022-09-03,Ativo
1528,Varejista Veredas Comércio Comércio e Serviços,Teresina,PI,2026-04-06,Ativo
1529,Tecnologia Ápice Sistemas S.A.,Niterói,RJ,2022-06-04,Ativo
1530,Corporativa Central Sistemas Ltda.,Cuiabá,MT,2026-07-04,Ativo
1531,Varejista Sigma Engenharia Ltda.,Campo Grande,MS,2024-03-29,Ativo
1532,Logística Brasília Sistemas Ltda.,Palmas,TO,2022-02-28,Ativo
1533,Consultoria Pantanal Comunicação S.A.,Campo Grande,MS,2026-04-14,Ativo
1534,Mercantil Pacífico Materiais Empresarial,Teresina,PI,2022-09-05,Ativo
1535,Consultoria Excelência Serviços Empresariais Empresarial,Niterói,RJ,2025-12-11,Inativo
1536,Consultoria Cedro Energia Ltda.,São Luís,MA,2023-01-30,Ativo
1537,Varejista Imperial Construção Comércio e Serviços,Santos,SP,2023-06-23,Ativo
1538,Mercantil Serra Soluções Digitais Ltda.,Uberlândia,MG,2025-11-14,Ativo
1539,Corporativa Integra Móveis S.A.,Campinas,SP,2025-08-29,Ativo
1540,Serviços Central Sistemas Ltda.,Fortaleza,CE,2025-02-13,Ativo
1541,Soluções Diamante Comunicação S.A.,Campinas,SP,2024-10-06,Ativo
1542,Grupo Evolução Materiais Ltda.,Londrina,PR,2025-06-13,Ativo
1543,Serviços Cerrado Suprimentos S.A.,Santos,SP,2022-03-25,Ativo
1544,Indústria Metropolitana Equipamentos Empresarial,Londrina,PR,2024-08-08,Ativo
1545,Empreendimentos Suprema Soluções Digitais Comércio e Serviços,Maceió,AL,2022-06-19,Ativo
1546,Gestão Cerrado Equipamentos Comércio e Serviços,Recife,PE,2022-02-16,Ativo
1547,Corporativa Master Comunicação Empresarial,Feira de Santana,BA,2023-07-31,Inativo
1548,Grupo Pantanal Soluções Digitais Empresarial,Campo Grande,MS,2022-03-09,Ativo
1549,Gestão Conecta Soluções Digitais Empresarial,Caxias do Sul,RS,2022-10-13,Ativo
1550,Consultoria Essencial Comércio Comércio e Serviços,Maceió,AL,2023-04-12,Ativo
1551,Soluções Vector Suprimentos Comércio e Serviços,Fortaleza,CE,2024-10-23,Ativo
1552,Gestão Sol Nascente Engenharia S.A.,Uberlândia,MG,2025-09-03,Ativo
1553,Tecnologia Real Móveis Ltda.,Ribeirão Preto,SP,2022-11-22,Ativo
1554,Atacadista Alvorada Móveis Ltda.,Recife,PE,2026-01-24,Ativo
1555,Importadora Esperança Comércio Comércio e Serviços,São Luís,MA,2025-05-11,Ativo
1556,Consultoria Araucária Comunicação Comércio e Serviços,Feira de Santana,BA,2024-01-03,Ativo
1557,Gestão Avante Tecnologia Empresarial,Florianópolis,SC,2025-07-13,Ativo
1558,Negócios Estrela Comunicação Empresarial,Vitória,ES,2022-05-27,Ativo
1559,Companhia Primavera Equipamentos S.A.,Palmas,TO,2024-09-23,Ativo
1560,Serviços Integra Construção Comércio e Serviços,Recife,PE,2023-11-25,Ativo
1561,Tecnologia Buriti Materiais Empresarial,Porto Velho,RO,2022-12-07,Ativo
1562,Indústria Sinergia Tecnologia S.A.,Maringá,PR,2025-11-29,Ativo
1563,Gestão Nexus Sistemas Empresarial,Porto Alegre,RS,2024-04-10,Ativo
1564,Varejista Avante Comércio Empresarial,Belém,PA,2024-04-16,Ativo
1565,Empreendimentos Pacífico Suprimentos Empresarial,Rio de Janeiro,RJ,2022-03-16,Ativo
1566,Companhia Safira Comércio Comércio e Serviços,Palmas,TO,2023-12-21,Ativo
1567,Representações Conecta Soluções Digitais Comércio e Serviços,Brasília,DF,2024-01-28,Ativo
1568,Consultoria Ipê Sistemas Empresarial,Feira de Santana,BA,2025-11-17,Ativo
1569,Gestão Conquista Suprimentos S.A.,Palmas,TO,2024-04-01,Ativo
1570,Importadora Conecta Construção Comércio e Serviços,Joinville,SC,2023-12-21,Ativo
1571,Varejista Primavera Energia Ltda.,Juiz de Fora,MG,2025-09-15,Ativo
1572,Negócios Atlântica Materiais Ltda.,Rio Branco,AC,2026-07-02,Ativo
1573,Tecnologia Horizonte Comunicação Empresarial,Campo Grande,MS,2022-12-15,Ativo
1574,Consultoria Diamante Comércio S.A.,Brasília,DF,2023-10-15,Ativo
1575,Corporativa Delta Engenharia Empresarial,Teresina,PI,2026-02-21,Ativo
1576,Companhia Monte Azul Materiais S.A.,João Pessoa,PB,2024-07-26,Ativo
1577,Grupo Cedro Construção Empresarial,Juiz de Fora,MG,2024-02-29,Ativo
1578,Varejista Ômega Alimentos S.A.,Joinville,SC,2023-07-22,Ativo
1579,Varejista Horizonte Transportes Comércio e Serviços,Rio de Janeiro,RJ,2024-09-12,Ativo
1580,Atacadista Sol Nascente Móveis Empresarial,Joinville,SC,2025-06-21,Ativo
1581,Corporativa Nexus Materiais Ltda.,São Luís,MA,2025-09-23,Ativo
1582,Tecnologia Excelência Equipamentos S.A.,Belém,PA,2026-02-05,Ativo
1583,Logística Global Engenharia Ltda.,Ribeirão Preto,SP,2023-08-13,Ativo
1584,Varejista Aroeira Suprimentos Comércio e Serviços,Florianópolis,SC,2022-05-15,Ativo
1585,Negócios Horizonte Materiais S.A.,Maringá,PR,2023-03-07,Ativo
1586,Comercial Central Transportes Comércio e Serviços,Niterói,RJ,2022-09-01,Ativo
1587,Integração Diamante Construção Comércio e Serviços,Palmas,TO,2025-07-24,Ativo
1588,Mercantil Delta Móveis Empresarial,Belo Horizonte,MG,2024-03-19,Ativo
1589,Mercantil Liberdade Comércio Empresarial,Recife,PE,2025-07-04,Ativo
1590,Consultoria Imperial Serviços Empresariais Empresarial,Rio Branco,AC,2023-08-27,Inativo
1591,Integração Cerrado Materiais S.A.,Ribeirão Preto,SP,2023-12-24,Ativo
1592,Atacadista Nova Era Tecnologia Ltda.,Porto Alegre,RS,2024-04-29,Ativo
1593,Empreendimentos Pantanal Tecnologia S.A.,Feira de Santana,BA,2026-06-05,Ativo
1594,Gestão Serra Soluções Digitais Comércio e Serviços,Recife,PE,2022-11-28,Ativo
1595,Atacadista Vanguarda Móveis Comércio e Serviços,Maceió,AL,2024-07-29,Ativo
1596,Mercantil Capital Alimentos Empresarial,Curitiba,PR,2022-08-16,Ativo
1597,Tecnologia Atlântica Serviços Empresariais Empresarial,Curitiba,PR,2023-09-09,Ativo
1598,Varejista Planalto Energia Ltda.,Rio de Janeiro,RJ,2023-02-25,Ativo
1599,Mercantil Amazônia Alimentos Ltda.,Fortaleza,CE,2023-05-14,Ativo
1600,Consultoria Ômega Soluções Digitais S.A.,Uberlândia,MG,2026-03-17,Ativo
1601,Indústria Pioneira Suprimentos Ltda.,Teresina,PI,2026-03-05,Ativo
1602,Atacadista Fortaleza Sistemas Ltda.,Rio Branco,AC,2024-12-06,Ativo
1603,Importadora Araucária Materiais S.A.,Vitória,ES,2022-07-08,Ativo
1604,Tecnologia Pioneira Comunicação Ltda.,Manaus,AM,2023-01-12,Ativo
1605,Empreendimentos Safira Comércio Ltda.,Anápolis,GO,2026-02-03,Ativo
1606,Logística Delta Tecnologia S.A.,São Luís,MA,2026-04-17,Ativo
1607,Indústria Cerrado Serviços Empresariais Empresarial,Manaus,AM,2023-12-07,Ativo
1608,Logística Vale Verde Móveis Ltda.,Natal,RN,2026-02-11,Ativo
1609,Grupo Nova Era Equipamentos S.A.,Recife,PE,2022-07-08,Ativo
1610,Indústria Progresso Comunicação Empresarial,Teresina,PI,2023-05-18,Ativo
1611,Negócios Essencial Tecnologia Ltda.,Belo Horizonte,MG,2024-03-17,Ativo
1612,Logística Nova Era Construção Comércio e Serviços,Boa Vista,RR,2022-07-30,Ativo
1613,Integração Nexus Serviços Empresariais Comércio e Serviços,Niterói,RJ,2022-07-08,Ativo
1614,Distribuidora Fortaleza Engenharia Ltda.,Campo Grande,MS,2026-07-24,Ativo
1615,Gestão Delta Construção S.A.,Manaus,AM,2022-11-23,Ativo
1616,Negócios Esperança Construção Comércio e Serviços,João Pessoa,PB,2024-03-23,Ativo
1617,Distribuidora Ouro Alimentos Empresarial,João Pessoa,PB,2025-01-29,Ativo
1618,Soluções Central Materiais Empresarial,João Pessoa,PB,2024-03-18,Ativo
1619,Soluções Central Comunicação Comércio e Serviços,Londrina,PR,2023-10-28,Inativo
1620,Varejista Vitória Engenharia Ltda.,Fortaleza,CE,2024-12-11,Inativo
1621,Negócios Delta Serviços Empresariais Empresarial,Goiânia,GO,2024-04-18,Ativo
1622,Mercantil Ideal Soluções Digitais Ltda.,Porto Velho,RO,2025-12-06,Ativo
1623,Distribuidora Alvorada Serviços Empresariais Comércio e Serviços,Londrina,PR,2022-07-09,Inativo
1624,Atacadista Aroeira Sistemas Comércio e Serviços,Campo Grande,MS,2023-07-10,Ativo
1625,Corporativa Referência Comunicação S.A.,Brasília,DF,2022-09-19,Ativo
1626,Soluções Vector Construção Comércio e Serviços,João Pessoa,PB,2024-12-08,Ativo
1627,Soluções Metropolitana Soluções Digitais Empresarial,Palmas,TO,2022-02-17,Ativo
1628,Grupo Vanguarda Suprimentos Empresarial,Manaus,AM,2024-11-25,Ativo
1629,Indústria Esperança Comunicação Comércio e Serviços,Salvador,BA,2025-12-30,Ativo
1630,Grupo Alvorada Comunicação Empresarial,Brasília,DF,2024-06-25,Ativo
1631,Soluções Referência Transportes S.A.,São Luís,MA,2022-01-29,Ativo
1632,Tecnologia Master Alimentos Ltda.,Uberlândia,MG,2022-03-12,Ativo
1633,Distribuidora Continental Engenharia S.A.,Fortaleza,CE,2023-07-17,Ativo
1634,Tecnologia Excelência Transportes Ltda.,Niterói,RJ,2023-11-24,Ativo
1635,Grupo Nexus Comércio Comércio e Serviços,Teresina,PI,2022-11-28,Ativo
1636,Mercantil Evolução Comunicação Comércio e Serviços,Palmas,TO,2024-07-23,Ativo
1637,Companhia Alvorada Suprimentos S.A.,Porto Velho,RO,2024-08-19,Ativo
1638,Soluções Ouro Comunicação Comércio e Serviços,Caxias do Sul,RS,2024-11-14,Ativo
1639,Consultoria Atlântica Energia S.A.,Niterói,RJ,2022-03-18,Ativo
1640,Importadora Master Móveis Ltda.,Porto Alegre,RS,2025-06-25,Ativo
1641,Empreendimentos Prime Móveis Empresarial,Rio de Janeiro,RJ,2023-03-27,Ativo
1642,Atacadista Primavera Soluções Digitais Comércio e Serviços,Vitória,ES,2022-02-14,Ativo
1643,Atacadista Premium Equipamentos Ltda.,Maringá,PR,2023-02-14,Ativo
1644,Indústria Ômega Equipamentos Comércio e Serviços,Fortaleza,CE,2025-01-02,Ativo
1645,Empreendimentos Referência Serviços Empresariais Comércio e Serviços,Belo Horizonte,MG,2022-07-05,Ativo
1646,Distribuidora Nova Era Soluções Digitais S.A.,Rio de Janeiro,RJ,2026-03-30,Ativo
1647,Comercial Bandeirante Soluções Digitais Comércio e Serviços,Macapá,AP,2026-07-11,Ativo
1648,Integração Serra Comércio Ltda.,Palmas,TO,2023-08-29,Ativo
1649,Logística Litoral Construção Ltda.,Aracaju,SE,2022-03-21,Ativo
1650,Distribuidora Planalto Soluções Digitais S.A.,Porto Alegre,RS,2022-01-10,Ativo
1651,Comercial Excelência Móveis S.A.,Natal,RN,2022-05-28,Ativo
1652,Corporativa Cedro Materiais Comércio e Serviços,Teresina,PI,2023-02-15,Ativo
1653,Integração Prime Sistemas Comércio e Serviços,Salvador,BA,2026-04-29,Ativo
1654,Atacadista Ipê Soluções Digitais Ltda.,Campo Grande,MS,2022-08-01,Ativo
1655,Corporativa Imperial Tecnologia Ltda.,Santos,SP,2024-08-30,Ativo
1656,Tecnologia Sol Nascente Suprimentos Comércio e Serviços,Aracaju,SE,2023-10-07,Ativo
1657,Varejista Aroeira Tecnologia Comércio e Serviços,Maceió,AL,2024-12-30,Ativo
1658,Importadora Continental Suprimentos Empresarial,Maringá,PR,2023-12-01,Ativo
1659,Negócios Liberdade Alimentos Comércio e Serviços,Fortaleza,CE,2024-05-23,Inativo
1660,Mercantil Ômega Comércio S.A.,Juiz de Fora,MG,2023-05-14,Ativo
1661,Companhia Global Engenharia Comércio e Serviços,Teresina,PI,2025-09-23,Ativo
1662,Serviços Litoral Suprimentos Ltda.,Manaus,AM,2025-12-22,Ativo
1663,Soluções Dinâmica Materiais S.A.,Campo Grande,MS,2023-06-01,Ativo
1664,Atacadista Ipê Alimentos Empresarial,São Paulo,SP,2024-09-23,Ativo
1665,Mercantil Regional Alimentos S.A.,Florianópolis,SC,2025-05-17,Ativo
1666,Empreendimentos Referência Soluções Digitais S.A.,Vitória,ES,2025-12-08,Inativo
1667,Tecnologia Dinâmica Comunicação Ltda.,Anápolis,GO,2024-04-04,Ativo
1668,Consultoria Continental Comunicação Ltda.,Maceió,AL,2026-01-27,Ativo
1669,Importadora Monte Azul Soluções Digitais S.A.,Juiz de Fora,MG,2022-05-18,Ativo
1670,Atacadista Sigma Alimentos Comércio e Serviços,Maceió,AL,2025-07-10,Ativo
1671,Companhia Safira Soluções Digitais Ltda.,Santos,SP,2025-09-03,Ativo
1672,Distribuidora Suprema Comunicação Comércio e Serviços,Rio de Janeiro,RJ,2024-11-25,Ativo
1673,Distribuidora Atlântica Suprimentos S.A.,Aracaju,SE,2023-12-22,Ativo
1674,Representações Serra Móveis Comércio e Serviços,Joinville,SC,2023-01-09,Inativo
1675,Indústria Sigma Equipamentos Empresarial,Maceió,AL,2024-10-02,Ativo
1676,Importadora Sol Nascente Alimentos Comércio e Serviços,Vitória,ES,2024-07-07,Ativo
1677,Tecnologia Amazônia Soluções Digitais Ltda.,Maringá,PR,2023-11-15,Ativo
1678,Serviços Pacífico Sistemas Ltda.,Curitiba,PR,2022-06-04,Ativo
1679,Grupo Amazônia Construção S.A.,Ribeirão Preto,SP,2023-10-18,Ativo
1680,Mercantil Ideal Alimentos Empresarial,Recife,PE,2025-05-25,Ativo
1681,Consultoria Amazônia Sistemas Comércio e Serviços,São Luís,MA,2025-04-11,Ativo
1682,Varejista Diamante Móveis Comércio e Serviços,João Pessoa,PB,2024-08-25,Ativo
1683,Empreendimentos Estrela Engenharia Empresarial,Fortaleza,CE,2022-10-10,Ativo
1684,Logística Ômega Alimentos Empresarial,Porto Alegre,RS,2023-05-25,Ativo
1685,Integração Referência Energia Empresarial,Fortaleza,CE,2025-02-09,Ativo
1686,Varejista Veredas Engenharia Ltda.,Niterói,RJ,2023-04-01,Ativo
1687,Integração Global Energia Comércio e Serviços,Ribeirão Preto,SP,2025-05-25,Ativo
1688,Logística Nova Era Engenharia Comércio e Serviços,Niterói,RJ,2024-08-04,Ativo
1689,Importadora Sigma Tecnologia Empresarial,Florianópolis,SC,2023-04-11,Ativo
1690,Gestão Cristal Soluções Digitais Comércio e Serviços,Aracaju,SE,2023-01-20,Ativo
1691,Integração Suprema Equipamentos Empresarial,Belo Horizonte,MG,2022-01-17,Ativo
1692,Gestão Nacional Soluções Digitais Ltda.,Campinas,SP,2022-06-29,Ativo
1693,Negócios Central Comunicação Comércio e Serviços,Maringá,PR,2026-04-01,Inativo
1694,Tecnologia Sinergia Equipamentos S.A.,Londrina,PR,2026-03-12,Inativo
1695,Grupo Regional Móveis S.A.,Vitória,ES,2022-12-04,Ativo
1696,Grupo Ideal Soluções Digitais Comércio e Serviços,Londrina,PR,2022-03-22,Ativo
1697,Grupo Central Tecnologia Ltda.,São Luís,MA,2024-01-13,Inativo
1698,Gestão Metropolitana Equipamentos Empresarial,Manaus,AM,2024-04-19,Ativo
1699,Mercantil Amazônia Engenharia Empresarial,Recife,PE,2025-12-21,Ativo
1700,Corporativa Primavera Energia Ltda.,Anápolis,GO,2023-06-27,Ativo
1701,Atacadista Essencial Sistemas Comércio e Serviços,Teresina,PI,2024-07-02,Ativo
1702,Logística Cerrado Alimentos Ltda.,Santos,SP,2022-05-11,Ativo
1703,Grupo Pioneira Equipamentos S.A.,Salvador,BA,2026-07-09,Ativo
1704,Logística Progresso Suprimentos Comércio e Serviços,Porto Velho,RO,2025-10-10,Ativo
1705,Varejista Central Construção Ltda.,Joinville,SC,2023-06-26,Ativo
1706,Integração Vector Transportes Empresarial,Macapá,AP,2024-07-21,Ativo
1707,Grupo Nacional Engenharia Empresarial,Campinas,SP,2025-06-12,Inativo
1708,Gestão Brasília Sistemas Comércio e Serviços,São Paulo,SP,2025-02-19,Ativo
1709,Consultoria Imperial Suprimentos Empresarial,Rio de Janeiro,RJ,2024-09-04,Ativo
1710,Tecnologia União Soluções Digitais Empresarial,Uberlândia,MG,2026-06-28,Ativo
1711,Empreendimentos Nexus Comércio Empresarial,Juiz de Fora,MG,2023-10-09,Ativo
1712,Negócios Central Construção Comércio e Serviços,Aracaju,SE,2024-03-10,Ativo
1713,Tecnologia Planalto Tecnologia Empresarial,Florianópolis,SC,2023-03-15,Ativo
1714,Atacadista Vitória Materiais Ltda.,Campinas,SP,2023-05-23,Ativo
1715,Comercial Bandeirante Serviços Empresariais Empresarial,Boa Vista,RR,2025-03-08,Ativo
1716,Negócios Regional Móveis Ltda.,São Luís,MA,2026-04-08,Ativo
1717,Importadora Bandeirante Energia Comércio e Serviços,Goiânia,GO,2022-09-09,Ativo
1718,Companhia Amazônia Equipamentos Ltda.,Londrina,PR,2025-04-10,Ativo
1719,Negócios Imperial Sistemas Ltda.,Santos,SP,2022-09-11,Ativo
1720,Negócios Ouro Engenharia Comércio e Serviços,Campo Grande,MS,2022-09-20,Ativo
1721,Mercantil Cristal Tecnologia Comércio e Serviços,Campo Grande,MS,2022-09-13,Ativo
1722,Logística Orbe Energia S.A.,Porto Alegre,RS,2024-03-29,Ativo
1723,Consultoria Luz Construção Comércio e Serviços,Macapá,AP,2024-08-26,Ativo
1724,Gestão Vanguarda Equipamentos Empresarial,Natal,RN,2025-12-13,Ativo
1725,Corporativa Luz Engenharia S.A.,Anápolis,GO,2025-01-28,Ativo
1726,Soluções Prime Comunicação Ltda.,Campinas,SP,2022-09-04,Ativo
1727,Companhia Vector Soluções Digitais Comércio e Serviços,Fortaleza,CE,2025-02-15,Ativo
1728,Serviços Ideal Transportes Comércio e Serviços,Manaus,AM,2024-05-27,Ativo
1729,Atacadista Primavera Comércio Ltda.,João Pessoa,PB,2024-10-06,Ativo
1730,Mercantil Estrela Móveis S.A.,Uberlândia,MG,2025-09-11,Inativo
1731,Mercantil Evolução Construção Empresarial,Santos,SP,2025-01-13,Ativo
1732,Soluções Amazônia Tecnologia Ltda.,São Luís,MA,2023-03-02,Ativo
1733,Importadora Global Construção Empresarial,Ribeirão Preto,SP,2023-03-02,Ativo
1734,Distribuidora Cedro Tecnologia S.A.,Feira de Santana,BA,2025-09-12,Ativo
1735,Comercial Orbe Energia Ltda.,Goiânia,GO,2025-05-30,Ativo
1736,Indústria Brasília Alimentos Empresarial,Palmas,TO,2024-10-11,Ativo
1737,Companhia Litoral Comércio Empresarial,Porto Alegre,RS,2022-10-05,Ativo
1738,Comercial Sigma Comunicação Empresarial,João Pessoa,PB,2024-10-18,Ativo
1739,Empreendimentos Bandeirante Serviços Empresariais S.A.,Rio Branco,AC,2025-04-11,Ativo
1740,Gestão Vitória Equipamentos S.A.,Rio de Janeiro,RJ,2022-09-18,Ativo
1741,Soluções Sol Nascente Construção Empresarial,Natal,RN,2023-08-30,Ativo
1742,Logística Planalto Serviços Empresariais Empresarial,Maceió,AL,2026-04-14,Ativo
1743,Representações Avante Transportes Ltda.,Ribeirão Preto,SP,2022-11-08,Ativo
1744,Corporativa Confiança Alimentos Ltda.,Juiz de Fora,MG,2025-04-04,Ativo
1745,Grupo Delta Engenharia Empresarial,Rio Branco,AC,2025-12-03,Ativo
1746,Varejista Brasília Sistemas S.A.,Rio Branco,AC,2023-07-20,Ativo
1747,Integração Excelência Construção S.A.,Anápolis,GO,2025-10-30,Ativo
1748,Importadora Progresso Construção Empresarial,Londrina,PR,2024-01-22,Ativo
1749,Serviços Orbe Suprimentos Comércio e Serviços,João Pessoa,PB,2024-07-23,Ativo
1750,Representações Evolução Equipamentos S.A.,Cuiabá,MT,2023-11-21,Ativo
1751,Atacadista Araucária Transportes Empresarial,Manaus,AM,2022-01-16,Ativo
1752,Atacadista Conquista Comércio Ltda.,Rio de Janeiro,RJ,2026-05-23,Ativo
1753,Empreendimentos Ipê Alimentos S.A.,Niterói,RJ,2024-11-23,Ativo
1754,Empreendimentos Master Comércio Comércio e Serviços,Florianópolis,SC,2022-03-02,Ativo
1755,Distribuidora Nova Era Serviços Empresariais Empresarial,Teresina,PI,2023-06-22,Ativo
1756,Integração Conquista Comunicação Comércio e Serviços,Curitiba,PR,2023-02-19,Ativo
1757,Soluções Vanguarda Comércio Comércio e Serviços,Joinville,SC,2024-04-15,Ativo
1758,Serviços Imperial Alimentos Empresarial,Brasília,DF,2024-03-22,Ativo
1759,Distribuidora Referência Serviços Empresariais Empresarial,Maringá,PR,2025-07-31,Ativo
1760,Comercial Vector Comunicação Empresarial,João Pessoa,PB,2026-07-07,Ativo
1761,Negócios Pantanal Suprimentos Empresarial,Fortaleza,CE,2025-04-13,Ativo
1762,Soluções Ideal Alimentos Empresarial,Santos,SP,2023-04-22,Ativo
1763,Tecnologia Dinâmica Soluções Digitais Comércio e Serviços,Uberlândia,MG,2023-11-01,Ativo
1764,Gestão Horizonte Comércio Ltda.,Florianópolis,SC,2024-05-05,Ativo
1765,Integração Progresso Serviços Empresariais Empresarial,Fortaleza,CE,2022-06-21,Inativo
1766,Companhia União Tecnologia S.A.,Teresina,PI,2026-05-10,Ativo
1767,Corporativa Referência Engenharia Ltda.,João Pessoa,PB,2025-07-27,Ativo
1768,Gestão Esperança Móveis S.A.,Belo Horizonte,MG,2023-01-09,Ativo
1769,Tecnologia Atlântica Suprimentos Ltda.,Rio de Janeiro,RJ,2024-01-13,Ativo
1770,Tecnologia Imperial Tecnologia Comércio e Serviços,Natal,RN,2022-12-06,Ativo
1771,Companhia Excelência Tecnologia Ltda.,Maringá,PR,2025-07-09,Ativo
1772,Distribuidora Cerrado Construção Ltda.,Uberlândia,MG,2023-10-30,Ativo
1773,Importadora Vanguarda Sistemas Ltda.,Fortaleza,CE,2025-08-19,Ativo
1774,Negócios Litoral Engenharia Empresarial,Ribeirão Preto,SP,2024-05-16,Ativo
1775,Logística Nacional Transportes Ltda.,Campinas,SP,2025-08-05,Ativo
1776,Varejista Real Comércio Empresarial,Belo Horizonte,MG,2023-12-18,Ativo
1777,Comercial Referência Transportes Ltda.,Macapá,AP,2025-10-11,Ativo
1778,Distribuidora Luz Materiais Comércio e Serviços,Curitiba,PR,2022-01-01,Ativo
1779,Companhia Safira Suprimentos S.A.,Boa Vista,RR,2025-04-24,Ativo
1780,Logística Dinâmica Soluções Digitais Empresarial,Feira de Santana,BA,2022-02-12,Ativo
1781,Logística Nacional Sistemas S.A.,Macapá,AP,2023-01-21,Ativo
1782,Corporativa Delta Construção Empresarial,Joinville,SC,2025-11-22,Ativo
1783,Grupo Pantanal Construção S.A.,Niterói,RJ,2023-12-12,Ativo
1784,Companhia Vector Comunicação Empresarial,João Pessoa,PB,2024-08-01,Ativo
1785,Soluções Cedro Suprimentos Ltda.,Natal,RN,2025-04-25,Ativo
1786,Indústria Pantanal Sistemas Comércio e Serviços,Rio de Janeiro,RJ,2025-05-24,Ativo
1787,Distribuidora Progresso Suprimentos Empresarial,São Luís,MA,2024-01-17,Ativo
1788,Varejista Prime Tecnologia Empresarial,Uberlândia,MG,2024-08-07,Ativo
1789,Representações Pacífico Materiais Ltda.,Salvador,BA,2026-06-25,Ativo
1790,Varejista Diamante Comércio S.A.,Macapá,AP,2023-04-23,Ativo
1791,Comercial Essencial Comunicação Comércio e Serviços,Joinville,SC,2025-04-20,Ativo
1792,Comercial Safira Tecnologia Empresarial,Campinas,SP,2023-11-16,Ativo
1793,Representações Pacífico Materiais Empresarial,Anápolis,GO,2024-07-14,Ativo
1794,Soluções União Móveis Comércio e Serviços,Natal,RN,2024-07-30,Ativo
1795,Integração Master Serviços Empresariais Comércio e Serviços,Aracaju,SE,2026-05-27,Ativo
1796,Varejista Serra Energia Comércio e Serviços,Aracaju,SE,2024-02-21,Ativo
1797,Atacadista Ômega Comunicação Empresarial,Maringá,PR,2023-04-24,Ativo
1798,Grupo Progresso Soluções Digitais Comércio e Serviços,Porto Alegre,RS,2025-01-04,Ativo
1799,Consultoria Pacífico Engenharia Empresarial,Belém,PA,2022-07-31,Ativo
1800,Representações Nova Era Equipamentos Comércio e Serviços,Salvador,BA,2024-06-19,Ativo
1801,Companhia Imperial Construção Comércio e Serviços,Santos,SP,2025-02-05,Ativo
1802,Soluções Premium Comércio Empresarial,Goiânia,GO,2023-03-30,Ativo
1803,Mercantil Estrela Alimentos Ltda.,Uberlândia,MG,2023-11-06,Ativo
1804,Integração Sol Nascente Sistemas S.A.,Macapá,AP,2026-03-05,Ativo
1805,Atacadista Central Construção Empresarial,Campo Grande,MS,2022-08-06,Ativo
1806,Companhia Nova Era Energia Comércio e Serviços,Ribeirão Preto,SP,2026-06-04,Ativo
1807,Empreendimentos Veredas Sistemas Empresarial,Brasília,DF,2024-06-09,Ativo
1808,Serviços Safira Móveis Ltda.,Cuiabá,MT,2023-07-03,Ativo
1809,Mercantil Pantanal Materiais Ltda.,Caxias do Sul,RS,2025-10-14,Ativo
1810,Representações Regional Energia S.A.,Campinas,SP,2023-04-22,Ativo
1811,Corporativa Cristal Suprimentos S.A.,Belo Horizonte,MG,2026-05-30,Ativo
1812,Indústria Regional Engenharia Comércio e Serviços,João Pessoa,PB,2023-09-12,Ativo
1813,Integração Serra Sistemas Ltda.,Belo Horizonte,MG,2022-06-16,Ativo
1814,Soluções Continental Soluções Digitais Comércio e Serviços,Campinas,SP,2025-06-19,Ativo
1815,Soluções Estrela Equipamentos Ltda.,Rio Branco,AC,2024-10-22,Ativo
1816,Mercantil Cedro Comunicação Comércio e Serviços,Niterói,RJ,2026-05-26,Ativo
1817,Indústria Brasília Equipamentos Empresarial,Joinville,SC,2024-11-24,Ativo
1818,Tecnologia Progresso Tecnologia Ltda.,Feira de Santana,BA,2026-01-05,Ativo
1819,Soluções Orbe Construção Empresarial,Boa Vista,RR,2025-04-03,Ativo
1820,Atacadista Ômega Alimentos Comércio e Serviços,Natal,RN,2022-06-11,Ativo
1821,Consultoria Nexus Suprimentos Comércio e Serviços,Manaus,AM,2026-06-30,Ativo
1822,Serviços Premium Tecnologia S.A.,Maringá,PR,2024-01-13,Ativo
1823,Logística Nacional Soluções Digitais Empresarial,Goiânia,GO,2024-06-07,Ativo
1824,Importadora Conquista Alimentos Empresarial,Belo Horizonte,MG,2025-08-07,Ativo
1825,Comercial Sol Nascente Construção Comércio e Serviços,Vitória,ES,2024-03-08,Ativo
1826,Importadora Alvorada Alimentos Comércio e Serviços,Salvador,BA,2023-12-28,Ativo
1827,Companhia Confiança Energia Comércio e Serviços,Maceió,AL,2023-01-06,Ativo
1828,Representações Estrela Engenharia Comércio e Serviços,Anápolis,GO,2022-07-09,Ativo
1829,Mercantil Monte Azul Transportes S.A.,Curitiba,PR,2025-11-19,Ativo
1830,Grupo Ômega Suprimentos Empresarial,Curitiba,PR,2024-11-17,Ativo
1831,Empreendimentos Suprema Sistemas S.A.,São Luís,MA,2024-02-06,Ativo
1832,Empreendimentos Master Serviços Empresariais Empresarial,Niterói,RJ,2023-01-10,Inativo
1833,Soluções Premium Comércio Ltda.,Natal,RN,2023-03-28,Ativo
1834,Companhia Nova Era Tecnologia Empresarial,Belém,PA,2023-08-16,Ativo
1835,Serviços Diamante Alimentos Comércio e Serviços,Recife,PE,2024-05-30,Ativo
1836,Serviços Buriti Energia Comércio e Serviços,Campinas,SP,2023-11-17,Ativo
1837,Negócios Master Sistemas Ltda.,Santos,SP,2023-02-13,Ativo
1838,Serviços Ápice Materiais Ltda.,Porto Alegre,RS,2022-08-02,Ativo
1839,Tecnologia Evolução Construção Ltda.,Belo Horizonte,MG,2024-08-26,Ativo
1840,Atacadista Confiança Suprimentos Comércio e Serviços,Recife,PE,2023-10-18,Ativo
1841,Tecnologia Dinâmica Comércio Empresarial,Feira de Santana,BA,2023-11-21,Ativo
1842,Soluções Primavera Materiais Comércio e Serviços,Salvador,BA,2026-01-17,Ativo
1843,Indústria Conecta Comunicação Empresarial,Ribeirão Preto,SP,2024-08-31,Ativo
1844,Distribuidora Metropolitana Sistemas Ltda.,Joinville,SC,2023-09-06,Ativo
1845,Distribuidora Nova Era Alimentos Ltda.,Belo Horizonte,MG,2023-12-01,Ativo
1846,Soluções Atlântica Materiais Ltda.,Rio de Janeiro,RJ,2025-02-11,Inativo
1847,Representações Esperança Móveis Ltda.,Salvador,BA,2025-08-13,Ativo
1848,Comercial Ipê Móveis Ltda.,Maceió,AL,2023-01-08,Ativo
1849,Corporativa Premium Construção S.A.,Brasília,DF,2024-08-11,Ativo
1850,Companhia Avante Comércio Empresarial,Fortaleza,CE,2023-01-03,Ativo
1851,Soluções Ouro Comércio Ltda.,Maceió,AL,2023-05-13,Ativo
1852,Consultoria Diamante Construção Empresarial,Feira de Santana,BA,2023-03-11,Ativo
1853,Companhia Alvorada Materiais Empresarial,São Luís,MA,2026-01-17,Ativo
1854,Logística Nacional Móveis S.A.,Natal,RN,2025-09-04,Ativo
1855,Corporativa Monte Azul Sistemas Comércio e Serviços,Feira de Santana,BA,2024-03-24,Ativo
1856,Mercantil Real Materiais Ltda.,Vitória,ES,2026-02-22,Inativo
1857,Indústria Global Tecnologia S.A.,Porto Velho,RO,2024-12-10,Inativo
1858,Gestão Vanguarda Construção Comércio e Serviços,Manaus,AM,2025-03-27,Ativo
1859,Consultoria Excelência Móveis Comércio e Serviços,Curitiba,PR,2026-03-01,Ativo
1860,Tecnologia Litoral Engenharia Comércio e Serviços,São Luís,MA,2022-03-29,Ativo
1861,Comercial Pioneira Engenharia S.A.,Joinville,SC,2025-01-02,Ativo
1862,Atacadista Nacional Materiais Ltda.,Porto Alegre,RS,2026-06-05,Ativo
1863,Negócios Brasília Materiais Comércio e Serviços,João Pessoa,PB,2024-09-19,Ativo
1864,Integração Prime Transportes Comércio e Serviços,Uberlândia,MG,2025-04-09,Ativo
1865,Grupo Premium Alimentos Comércio e Serviços,Rio de Janeiro,RJ,2025-11-30,Ativo
1866,Grupo Pantanal Soluções Digitais Comércio e Serviços,Santos,SP,2024-09-26,Ativo
1867,Consultoria Conquista Sistemas S.A.,Campo Grande,MS,2026-03-18,Ativo
1868,Distribuidora Essencial Suprimentos S.A.,Feira de Santana,BA,2026-02-18,Ativo
1869,Empreendimentos Vale Verde Engenharia Empresarial,Londrina,PR,2024-10-23,Ativo
1870,Varejista Delta Soluções Digitais S.A.,Londrina,PR,2023-02-04,Ativo
1871,Corporativa Integra Tecnologia S.A.,Feira de Santana,BA,2022-04-13,Ativo
1872,Distribuidora Vitória Serviços Empresariais Comércio e Serviços,Maceió,AL,2023-08-30,Ativo
1873,Gestão Diamante Materiais S.A.,Belém,PA,2026-07-18,Ativo
1874,Empreendimentos Conecta Sistemas S.A.,Feira de Santana,BA,2022-08-18,Ativo
1875,Representações Vanguarda Alimentos S.A.,Boa Vista,RR,2025-11-13,Ativo
1876,Varejista Planalto Comunicação S.A.,Niterói,RJ,2025-12-02,Ativo
1877,Integração Essencial Comunicação Comércio e Serviços,Belo Horizonte,MG,2022-02-23,Ativo
1878,Indústria Horizonte Materiais S.A.,Uberlândia,MG,2025-05-08,Ativo
1879,Empreendimentos Capital Serviços Empresariais Comércio e Serviços,Uberlândia,MG,2025-02-24,Ativo
1880,Empreendimentos Global Serviços Empresariais Empresarial,Florianópolis,SC,2024-09-18,Ativo
1881,Tecnologia Delta Soluções Digitais Ltda.,Macapá,AP,2025-06-14,Ativo
1882,Companhia Vale Verde Móveis Ltda.,Ribeirão Preto,SP,2022-01-02,Ativo
1883,Corporativa Suprema Transportes S.A.,Florianópolis,SC,2023-06-28,Inativo
1884,Representações Luz Sistemas Comércio e Serviços,Aracaju,SE,2025-09-08,Ativo
1885,Corporativa Serra Serviços Empresariais Empresarial,Campo Grande,MS,2022-07-07,Ativo
1886,Atacadista Serra Transportes Empresarial,Macapá,AP,2022-01-19,Ativo
1887,Empreendimentos Sinergia Móveis S.A.,Maceió,AL,2025-06-09,Ativo
1888,Grupo Liberdade Sistemas Comércio e Serviços,Rio de Janeiro,RJ,2025-07-18,Ativo
1889,Comercial Monte Azul Soluções Digitais S.A.,Porto Alegre,RS,2023-02-08,Ativo
1890,Companhia Delta Engenharia Comércio e Serviços,Curitiba,PR,2022-10-10,Ativo
1891,Integração Global Sistemas Comércio e Serviços,Macapá,AP,2024-06-20,Ativo
1892,Mercantil Pioneira Alimentos Empresarial,João Pessoa,PB,2024-02-25,Ativo
1893,Logística Ouro Equipamentos S.A.,Curitiba,PR,2024-03-16,Ativo
1894,Negócios Brasília Tecnologia S.A.,Campo Grande,MS,2022-06-20,Ativo
1895,Indústria Diamante Suprimentos Ltda.,Goiânia,GO,2026-03-26,Ativo
1896,Tecnologia União Energia Ltda.,Feira de Santana,BA,2024-09-07,Ativo
1897,Negócios Alvorada Comunicação Empresarial,Feira de Santana,BA,2025-10-26,Ativo
1898,Atacadista Cedro Móveis Comércio e Serviços,Belo Horizonte,MG,2024-03-01,Ativo
1899,Atacadista Avante Construção Ltda.,Florianópolis,SC,2026-06-30,Ativo
1900,Distribuidora Primavera Suprimentos Empresarial,Rio Branco,AC,2024-11-19,Ativo
1901,Atacadista Amazônia Materiais Ltda.,Salvador,BA,2026-01-20,Ativo
1902,Atacadista Dinâmica Construção Comércio e Serviços,Belém,PA,2022-03-11,Ativo
1903,Importadora Central Comércio Comércio e Serviços,Campinas,SP,2022-02-01,Ativo
1904,Empreendimentos Veredas Equipamentos Empresarial,Porto Alegre,RS,2022-07-17,Ativo
1905,Consultoria Referência Alimentos Comércio e Serviços,Campo Grande,MS,2024-02-09,Ativo
1906,Representações Nacional Construção Comércio e Serviços,Brasília,DF,2023-03-02,Inativo
1907,Grupo Pantanal Tecnologia S.A.,Curitiba,PR,2023-02-19,Ativo
1908,Logística Sinergia Soluções Digitais Empresarial,Florianópolis,SC,2025-11-18,Inativo
1909,Soluções Nexus Sistemas S.A.,Florianópolis,SC,2023-09-10,Ativo
1910,Tecnologia Regional Transportes Empresarial,Ribeirão Preto,SP,2025-03-11,Ativo
1911,Serviços Pantanal Tecnologia S.A.,Belo Horizonte,MG,2025-03-22,Ativo
1912,Atacadista Continental Alimentos Empresarial,Rio Branco,AC,2025-10-12,Ativo
1913,Gestão Orbe Alimentos Empresarial,Feira de Santana,BA,2026-03-13,Ativo
1914,Empreendimentos Atlântica Materiais S.A.,Uberlândia,MG,2022-06-17,Ativo
1915,Negócios Prime Serviços Empresariais Empresarial,Curitiba,PR,2025-07-19,Ativo
1916,Atacadista Sol Nascente Sistemas Comércio e Serviços,Maringá,PR,2022-10-14,Ativo
1917,Grupo Central Construção Ltda.,Ribeirão Preto,SP,2026-06-18,Ativo
1918,Varejista Ouro Serviços Empresariais Comércio e Serviços,Natal,RN,2024-08-17,Ativo
1919,Gestão Pantanal Comércio S.A.,Rio de Janeiro,RJ,2023-02-19,Inativo
1920,Gestão Excelência Sistemas Comércio e Serviços,Palmas,TO,2023-07-28,Ativo
1921,Logística Jatobá Comércio Comércio e Serviços,Natal,RN,2022-12-29,Ativo
1922,Negócios Vector Materiais Comércio e Serviços,Joinville,SC,2025-01-18,Ativo
1923,Representações Global Móveis Empresarial,Vitória,ES,2025-09-20,Ativo
1924,Atacadista Excelência Comunicação Ltda.,Teresina,PI,2022-03-26,Inativo
1925,Soluções Pantanal Alimentos Comércio e Serviços,Niterói,RJ,2026-06-01,Ativo
1926,Logística Dinâmica Comércio S.A.,Macapá,AP,2025-02-07,Ativo
1927,Integração Sinergia Sistemas Ltda.,Manaus,AM,2025-09-20,Ativo
1928,Integração Cedro Construção S.A.,São Luís,MA,2023-01-03,Ativo
1929,Integração Amazônia Energia Ltda.,João Pessoa,PB,2024-05-11,Ativo
1930,Representações Nexus Serviços Empresariais Ltda.,Anápolis,GO,2023-02-09,Ativo
1931,Negócios Ideal Tecnologia Ltda.,Campo Grande,MS,2026-04-18,Ativo
1932,Empreendimentos Integra Construção Empresarial,Rio de Janeiro,RJ,2022-06-27,Ativo
1933,Grupo Pantanal Engenharia S.A.,Macapá,AP,2023-01-06,Ativo
1934,Gestão Integra Transportes Ltda.,Rio Branco,AC,2023-04-12,Ativo
1935,Empreendimentos Essencial Móveis S.A.,Belém,PA,2022-11-02,Ativo
1936,Importadora Conquista Tecnologia Comércio e Serviços,Rio de Janeiro,RJ,2022-12-12,Ativo
1937,Varejista Serra Materiais Empresarial,Manaus,AM,2024-01-01,Ativo
1938,Corporativa Brasília Alimentos Ltda.,Recife,PE,2025-05-29,Ativo
1939,Negócios Bandeirante Energia Comércio e Serviços,Rio Branco,AC,2024-06-28,Inativo
1940,Varejista Alvorada Transportes Comércio e Serviços,Boa Vista,RR,2025-09-30,Ativo
1941,Tecnologia Fortaleza Soluções Digitais Empresarial,Londrina,PR,2026-01-05,Ativo
1942,Varejista Global Comércio S.A.,Goiânia,GO,2024-06-24,Ativo
1943,Soluções Alvorada Materiais Ltda.,Joinville,SC,2024-10-21,Ativo
1944,Consultoria Luz Engenharia Comércio e Serviços,Curitiba,PR,2023-06-17,Ativo
1945,Serviços Ápice Construção Ltda.,Natal,RN,2022-01-11,Ativo
1946,Importadora Bandeirante Transportes Ltda.,Curitiba,PR,2023-11-28,Ativo
1947,Integração Cedro Soluções Digitais Empresarial,Palmas,TO,2022-06-24,Ativo
1948,Serviços Esperança Energia Comércio e Serviços,João Pessoa,PB,2026-02-15,Ativo
1949,Serviços Veredas Móveis Empresarial,São Luís,MA,2026-05-22,Inativo
1950,Tecnologia Global Alimentos Comércio e Serviços,Brasília,DF,2023-10-26,Ativo
1951,Gestão Ipê Móveis Ltda.,Feira de Santana,BA,2024-05-03,Ativo
1952,Varejista Essencial Alimentos Ltda.,Feira de Santana,BA,2025-01-12,Inativo
1953,Logística Nexus Comunicação S.A.,Cuiabá,MT,2022-05-18,Ativo
1954,Gestão Capital Alimentos S.A.,Salvador,BA,2024-02-01,Ativo
1955,Atacadista Nova Era Alimentos S.A.,Belém,PA,2024-03-13,Ativo
1956,Mercantil Nacional Construção Ltda.,Porto Alegre,RS,2026-01-17,Ativo
1957,Serviços Dinâmica Sistemas Ltda.,Cuiabá,MT,2022-05-24,Inativo
1958,Varejista Buriti Tecnologia Comércio e Serviços,Maringá,PR,2024-11-11,Ativo
1959,Representações Nova Era Suprimentos Comércio e Serviços,Joinville,SC,2023-02-17,Ativo
1960,Indústria Safira Construção Empresarial,Fortaleza,CE,2023-09-18,Ativo
1961,Tecnologia Sigma Sistemas Comércio e Serviços,Maringá,PR,2026-07-01,Inativo
1962,Atacadista Nacional Transportes Comércio e Serviços,Juiz de Fora,MG,2022-04-27,Ativo
1963,Soluções Vanguarda Comércio S.A.,Recife,PE,2025-12-06,Ativo
1964,Representações Pantanal Equipamentos S.A.,São Paulo,SP,2025-05-23,Ativo
1965,Tecnologia Referência Sistemas Ltda.,Vitória,ES,2022-12-22,Ativo
1966,Comercial Brasília Transportes Ltda.,Brasília,DF,2025-04-05,Ativo
1967,Empreendimentos Nacional Tecnologia Comércio e Serviços,Curitiba,PR,2022-01-22,Ativo
1968,Grupo Ipê Sistemas Comércio e Serviços,Palmas,TO,2024-04-22,Inativo
1969,Integração Pantanal Soluções Digitais Empresarial,Campinas,SP,2022-01-24,Ativo
1970,Mercantil Pacífico Energia Empresarial,Recife,PE,2023-09-12,Ativo
1971,Distribuidora Global Tecnologia S.A.,Recife,PE,2023-10-20,Ativo
1972,Soluções Central Alimentos Comércio e Serviços,Macapá,AP,2025-05-10,Ativo
1973,Indústria Pacífico Engenharia Empresarial,São Paulo,SP,2024-07-29,Inativo
1974,Soluções Referência Materiais Ltda.,Belém,PA,2023-03-06,Ativo
1975,Comercial Jatobá Equipamentos Ltda.,Aracaju,SE,2024-09-29,Ativo
1976,Serviços Conecta Materiais Comércio e Serviços,Florianópolis,SC,2025-11-22,Ativo
1977,Corporativa Conquista Suprimentos S.A.,João Pessoa,PB,2023-08-22,Ativo
1978,Soluções Pacífico Comunicação Comércio e Serviços,Belém,PA,2023-07-03,Ativo
1979,Varejista Jatobá Construção Empresarial,Juiz de Fora,MG,2024-05-05,Ativo
1980,Comercial Bandeirante Transportes Comércio e Serviços,Cuiabá,MT,2023-11-19,Ativo
1981,Negócios Conecta Transportes Empresarial,Recife,PE,2023-12-28,Ativo
1982,Tecnologia Buriti Sistemas Ltda.,Santos,SP,2024-01-06,Inativo
1983,Atacadista Referência Comunicação Ltda.,Brasília,DF,2024-01-13,Ativo
1984,Soluções Liberdade Suprimentos S.A.,Brasília,DF,2026-02-21,Ativo
1985,Serviços Horizonte Equipamentos Ltda.,Rio de Janeiro,RJ,2024-10-21,Ativo
1986,Consultoria Cristal Soluções Digitais Comércio e Serviços,Belo Horizonte,MG,2024-11-16,Ativo
1987,Negócios Real Materiais S.A.,Porto Alegre,RS,2025-11-09,Ativo
1988,Atacadista Avante Comunicação Empresarial,Vitória,ES,2023-11-25,Ativo
1989,Representações Conecta Comunicação Ltda.,Joinville,SC,2025-10-22,Ativo
1990,Soluções Bandeirante Engenharia Empresarial,Maringá,PR,2022-10-20,Ativo
1991,Varejista Pantanal Equipamentos Empresarial,Rio Branco,AC,2022-04-19,Ativo
1992,Mercantil Vitória Alimentos Ltda.,Boa Vista,RR,2024-06-15,Ativo
1993,Mercantil Araucária Móveis Ltda.,Ribeirão Preto,SP,2022-11-13,Ativo
1994,Serviços Atlântica Serviços Empresariais Ltda.,Maceió,AL,2023-05-22,Ativo
1995,Gestão Avante Serviços Empresariais Empresarial,Macapá,AP,2026-03-02,Inativo
1996,Companhia Planalto Energia Ltda.,Uberlândia,MG,2024-08-07,Ativo
1997,Indústria Amazônia Transportes Empresarial,Anápolis,GO,2024-11-26,Ativo
1998,Gestão Capital Energia S.A.,Porto Alegre,RS,2025-04-28,Ativo
1999,Companhia Vector Móveis S.A.,Belém,PA,2024-04-27,Ativo
2000,Logística Serra Alimentos Ltda.,Boa Vista,RR,2024-12-09,Inativo
2001,Representações Avante Suprimentos Empresarial,Boa Vista,RR,2024-08-20,Ativo
2002,Mercantil Serra Tecnologia Empresarial,São Paulo,SP,2025-10-01,Ativo
2003,Consultoria Safira Alimentos Empresarial,Juiz de Fora,MG,2026-07-15,Ativo
2004,Companhia Integra Transportes Ltda.,Salvador,BA,2022-06-11,Ativo
2005,Soluções Fortaleza Energia S.A.,Maringá,PR,2025-09-06,Ativo
2006,Companhia Nova Era Sistemas Ltda.,Campinas,SP,2025-07-02,Ativo
2007,Companhia Vale Verde Soluções Digitais Ltda.,São Luís,MA,2026-07-27,Ativo
2008,Integração Buriti Comércio Comércio e Serviços,Brasília,DF,2022-06-18,Ativo
2009,Consultoria Ouro Suprimentos S.A.,Anápolis,GO,2024-01-02,Ativo
2010,Mercantil Integra Alimentos Ltda.,Rio Branco,AC,2024-02-18,Ativo
2011,Tecnologia Fortaleza Tecnologia Empresarial,Ribeirão Preto,SP,2023-07-05,Ativo
2012,Grupo Integra Sistemas Empresarial,Natal,RN,2024-09-09,Ativo
2013,Grupo Alvorada Sistemas Comércio e Serviços,Porto Alegre,RS,2022-08-06,Ativo
2014,Gestão Imperial Tecnologia S.A.,Campinas,SP,2024-02-13,Ativo
2015,Comercial Amazônia Serviços Empresariais Ltda.,Aracaju,SE,2023-02-01,Ativo
2016,Corporativa Araucária Materiais Comércio e Serviços,Joinville,SC,2026-04-07,Ativo
2017,Consultoria Jatobá Comunicação Empresarial,Salvador,BA,2022-03-03,Ativo
2018,Comercial Buriti Suprimentos Comércio e Serviços,Anápolis,GO,2023-09-15,Ativo
2019,Empreendimentos Conquista Suprimentos Ltda.,Juiz de Fora,MG,2025-11-05,Ativo
2020,Comercial Primavera Materiais Ltda.,Porto Velho,RO,2022-06-23,Ativo
2021,Importadora Atlântica Tecnologia Comércio e Serviços,Belo Horizonte,MG,2022-03-13,Ativo
2022,Companhia Delta Construção Empresarial,Feira de Santana,BA,2023-08-24,Ativo
2023,Corporativa Sinergia Equipamentos S.A.,Londrina,PR,2023-09-20,Ativo
2024,Distribuidora Excelência Soluções Digitais S.A.,Uberlândia,MG,2024-04-20,Ativo
2025,Mercantil Imperial Tecnologia Empresarial,Belém,PA,2025-04-10,Ativo
2026,Soluções Ipê Soluções Digitais Comércio e Serviços,Curitiba,PR,2023-08-17,Ativo
2027,Companhia Cerrado Tecnologia Ltda.,Fortaleza,CE,2026-03-15,Ativo
2028,Comercial Bandeirante Construção S.A.,Santos,SP,2024-10-27,Inativo
2029,Representações Cedro Construção Comércio e Serviços,Goiânia,GO,2022-11-29,Ativo
2030,Serviços Orbe Comunicação S.A.,Ribeirão Preto,SP,2024-03-17,Ativo
2031,Importadora Monte Azul Suprimentos Comércio e Serviços,Recife,PE,2025-12-14,Ativo
2032,Empreendimentos Veredas Engenharia Ltda.,Uberlândia,MG,2023-11-04,Ativo
2033,Logística Delta Comunicação S.A.,Goiânia,GO,2024-03-04,Ativo
2034,Serviços Horizonte Equipamentos Comércio e Serviços,Rio Branco,AC,2022-03-05,Ativo
2035,Comercial Vale Verde Equipamentos S.A.,Rio Branco,AC,2023-02-17,Ativo
2036,Negócios Continental Construção S.A.,Boa Vista,RR,2024-05-16,Ativo
2037,Empreendimentos Nacional Serviços Empresariais Comércio e Serviços,Porto Velho,RO,2025-08-08,Ativo
2038,Indústria Alvorada Móveis S.A.,São Luís,MA,2024-03-04,Ativo
2039,Importadora Avante Equipamentos Comércio e Serviços,Cuiabá,MT,2026-02-03,Ativo
2040,Integração Ápice Soluções Digitais S.A.,Belo Horizonte,MG,2026-06-10,Ativo
2041,Negócios Ideal Soluções Digitais Empresarial,Boa Vista,RR,2022-08-08,Ativo
2042,Representações Nexus Equipamentos Comércio e Serviços,Vitória,ES,2025-10-06,Ativo
2043,Gestão Ômega Sistemas S.A.,Boa Vista,RR,2024-12-06,Ativo
2044,Companhia Vale Verde Engenharia Empresarial,Natal,RN,2022-07-18,Ativo
2045,Varejista Regional Móveis Ltda.,Boa Vista,RR,2023-10-26,Ativo
2046,Representações Aroeira Comércio Ltda.,Teresina,PI,2026-07-14,Ativo
2047,Representações Cerrado Construção Empresarial,Campo Grande,MS,2026-05-23,Ativo
2048,Negócios Master Suprimentos Empresarial,Macapá,AP,2024-12-19,Ativo
2049,Integração Global Engenharia Empresarial,Santos,SP,2022-05-24,Ativo
2050,Empreendimentos Integra Sistemas Ltda.,Aracaju,SE,2025-05-31,Ativo
2051,Soluções Serra Comunicação Ltda.,Uberlândia,MG,2025-02-22,Ativo
2052,Varejista Cerrado Materiais S.A.,Juiz de Fora,MG,2022-12-07,Ativo
2053,Atacadista Monte Azul Soluções Digitais Ltda.,Porto Alegre,RS,2022-11-28,Ativo
2054,Atacadista Metropolitana Suprimentos S.A.,João Pessoa,PB,2024-10-26,Ativo
2055,Empreendimentos Atlântica Equipamentos Comércio e Serviços,Niterói,RJ,2022-03-18,Ativo
2056,Representações Atlântica Construção S.A.,Palmas,TO,2022-10-21,Ativo
2057,Representações Serra Equipamentos S.A.,São Luís,MA,2026-07-18,Ativo
2058,Serviços Progresso Energia S.A.,Maringá,PR,2026-05-17,Ativo
2059,Tecnologia Central Energia S.A.,Vitória,ES,2024-01-03,Inativo
2060,Logística Monte Azul Alimentos Empresarial,Niterói,RJ,2026-07-22,Ativo
2061,Consultoria Amazônia Serviços Empresariais Empresarial,Macapá,AP,2025-12-31,Ativo
2062,Mercantil Pacífico Suprimentos Comércio e Serviços,Feira de Santana,BA,2024-07-03,Ativo
2063,Gestão Monte Azul Móveis Empresarial,Uberlândia,MG,2026-03-15,Ativo
2064,Negócios Cedro Engenharia Ltda.,Aracaju,SE,2022-11-06,Inativo
2065,Negócios Vitória Suprimentos S.A.,Palmas,TO,2022-01-04,Ativo
2066,Grupo Esperança Sistemas Empresarial,Maringá,PR,2025-10-27,Ativo
2067,Varejista Araucária Engenharia Empresarial,Teresina,PI,2025-08-19,Ativo
2068,Varejista Confiança Equipamentos Ltda.,Porto Alegre,RS,2023-08-09,Ativo
2069,Empreendimentos Veredas Tecnologia S.A.,Ribeirão Preto,SP,2023-08-23,Ativo
2070,Corporativa Conquista Engenharia Empresarial,Maringá,PR,2023-09-29,Ativo
2071,Negócios Jatobá Móveis Empresarial,Macapá,AP,2022-01-22,Ativo
2072,Gestão Esperança Energia Comércio e Serviços,Palmas,TO,2025-05-04,Ativo
2073,Representações Imperial Construção S.A.,Salvador,BA,2025-07-02,Ativo
2074,Negócios Ápice Engenharia Empresarial,Joinville,SC,2026-07-25,Ativo
2075,Grupo Jatobá Comércio Comércio e Serviços,João Pessoa,PB,2023-03-15,Ativo
2076,Atacadista Jatobá Engenharia S.A.,Ribeirão Preto,SP,2025-09-27,Ativo
2077,Logística Serra Alimentos Empresarial,Florianópolis,SC,2022-08-26,Ativo
2078,Representações Cristal Sistemas Empresarial,Feira de Santana,BA,2024-12-30,Ativo
2079,Distribuidora Aroeira Comunicação S.A.,Belo Horizonte,MG,2024-02-29,Ativo
2080,Empreendimentos Ômega Tecnologia Comércio e Serviços,Belém,PA,2023-05-13,Ativo
2081,Indústria Serra Energia Empresarial,Boa Vista,RR,2024-03-05,Ativo
2082,Mercantil Pacífico Sistemas Comércio e Serviços,Aracaju,SE,2023-12-04,Ativo
2083,Indústria Cedro Materiais Empresarial,Porto Velho,RO,2023-04-09,Ativo
2084,Mercantil Litoral Soluções Digitais Comércio e Serviços,Rio de Janeiro,RJ,2025-03-22,Ativo
2085,Atacadista Estrela Construção Empresarial,Caxias do Sul,RS,2024-07-31,Ativo
2086,Comercial Continental Transportes Empresarial,Macapá,AP,2026-07-29,Ativo
2087,Integração Vale Verde Materiais S.A.,Santos,SP,2024-04-21,Ativo
2088,Importadora Ômega Móveis S.A.,Rio de Janeiro,RJ,2023-11-10,Ativo
2089,Comercial Vanguarda Comunicação Comércio e Serviços,Florianópolis,SC,2025-10-30,Ativo
2090,Tecnologia Pacífico Sistemas Empresarial,Salvador,BA,2022-05-22,Ativo
2091,Soluções Master Comércio Ltda.,Santos,SP,2026-03-12,Ativo
2092,Comercial Conquista Engenharia Empresarial,Uberlândia,MG,2025-04-01,Ativo
2093,Gestão Luz Equipamentos Ltda.,Rio Branco,AC,2022-06-18,Inativo
2094,Gestão Real Suprimentos S.A.,Rio Branco,AC,2025-05-31,Ativo
2095,Corporativa Conquista Móveis Comércio e Serviços,São Luís,MA,2024-03-06,Ativo
2096,Consultoria Liberdade Soluções Digitais Ltda.,Porto Alegre,RS,2023-04-26,Ativo
2097,Tecnologia Pacífico Transportes S.A.,João Pessoa,PB,2024-12-11,Ativo
2098,Empreendimentos Conquista Engenharia Comércio e Serviços,João Pessoa,PB,2024-11-05,Ativo
2099,Comercial Ouro Energia Empresarial,Caxias do Sul,RS,2023-05-24,Ativo
2100,Negócios Safira Materiais S.A.,Brasília,DF,2023-12-16,Ativo
2101,Tecnologia Vector Suprimentos Ltda.,Campo Grande,MS,2022-06-15,Inativo
2102,Grupo Sigma Soluções Digitais S.A.,Macapá,AP,2025-10-13,Ativo
2103,Negócios Sinergia Engenharia Empresarial,Brasília,DF,2024-07-25,Ativo
2104,Companhia Imperial Serviços Empresariais Ltda.,Ribeirão Preto,SP,2025-02-25,Ativo
2105,Negócios Vector Tecnologia Ltda.,Maringá,PR,2024-05-27,Ativo
2106,Negócios Orbe Energia Comércio e Serviços,Juiz de Fora,MG,2022-10-06,Ativo
2107,Serviços Safira Serviços Empresariais S.A.,Recife,PE,2022-10-24,Ativo
2108,Companhia Horizonte Engenharia Comércio e Serviços,Florianópolis,SC,2026-06-04,Inativo
2109,Comercial Avante Comércio Comércio e Serviços,Belo Horizonte,MG,2024-04-22,Ativo
2110,Tecnologia Esperança Alimentos S.A.,Niterói,RJ,2023-04-13,Ativo
2111,Atacadista Regional Comércio Comércio e Serviços,Aracaju,SE,2025-08-08,Ativo
2112,Representações Capital Transportes Empresarial,Recife,PE,2023-09-16,Ativo
2113,Gestão Pacífico Engenharia S.A.,Natal,RN,2024-12-31,Ativo
2114,Empreendimentos Alvorada Tecnologia Comércio e Serviços,Feira de Santana,BA,2024-06-25,Ativo
2115,Serviços Vanguarda Equipamentos Ltda.,Cuiabá,MT,2024-08-26,Ativo
2116,Companhia Sol Nascente Tecnologia Empresarial,Campo Grande,MS,2023-01-04,Ativo
2117,Gestão Metropolitana Tecnologia Empresarial,Fortaleza,CE,2024-11-19,Ativo
2118,Distribuidora Nacional Comunicação Ltda.,Caxias do Sul,RS,2024-12-20,Ativo
2119,Logística Nova Era Suprimentos S.A.,Aracaju,SE,2024-04-23,Ativo
2120,Serviços Jatobá Sistemas Empresarial,Macapá,AP,2024-11-29,Ativo
2121,Consultoria Continental Alimentos Comércio e Serviços,Joinville,SC,2026-02-19,Ativo
2122,Integração Ideal Alimentos S.A.,Aracaju,SE,2022-12-30,Ativo
2123,Soluções Pioneira Suprimentos Empresarial,Niterói,RJ,2022-08-23,Ativo
2124,Varejista Ômega Materiais Ltda.,São Luís,MA,2022-06-15,Ativo
2125,Gestão Buriti Materiais Comércio e Serviços,Goiânia,GO,2025-06-23,Ativo
2126,Consultoria Nova Era Transportes S.A.,São Luís,MA,2025-10-07,Ativo
2127,Grupo Litoral Energia S.A.,Caxias do Sul,RS,2026-06-07,Ativo
2128,Comercial Veredas Soluções Digitais Empresarial,Anápolis,GO,2023-10-02,Ativo
2129,Logística Safira Equipamentos Empresarial,Feira de Santana,BA,2025-03-10,Ativo
2130,Serviços Premium Soluções Digitais S.A.,Rio Branco,AC,2022-12-26,Ativo
2131,Distribuidora Atlântica Móveis Comércio e Serviços,Ribeirão Preto,SP,2022-11-18,Ativo
2132,Logística Estrela Materiais Ltda.,Porto Velho,RO,2025-01-09,Ativo
2133,Varejista Vanguarda Suprimentos Empresarial,Santos,SP,2026-06-19,Ativo
2134,Negócios Pioneira Suprimentos Ltda.,São Luís,MA,2023-09-30,Ativo
2135,Soluções Prime Transportes Comércio e Serviços,Anápolis,GO,2025-04-27,Ativo
2136,Logística Master Engenharia Empresarial,Niterói,RJ,2026-03-06,Ativo
2137,Consultoria Ômega Comunicação Comércio e Serviços,Macapá,AP,2024-06-17,Inativo
2138,Atacadista Suprema Soluções Digitais S.A.,Belém,PA,2022-01-03,Ativo
2139,Indústria Vitória Suprimentos Empresarial,Palmas,TO,2023-06-24,Ativo
2140,Atacadista Estrela Engenharia Ltda.,Campo Grande,MS,2023-03-22,Ativo
2141,Mercantil Vector Soluções Digitais Empresarial,Goiânia,GO,2023-09-17,Ativo
2142,Comercial Vitória Equipamentos Empresarial,Uberlândia,MG,2025-06-20,Ativo
2143,Comercial Fortaleza Tecnologia Comércio e Serviços,Palmas,TO,2022-09-23,Ativo
2144,Atacadista Continental Engenharia Empresarial,Vitória,ES,2026-01-29,Ativo
2145,Comercial Jatobá Comércio Empresarial,Belo Horizonte,MG,2025-07-12,Ativo
2146,Serviços Litoral Móveis Empresarial,Goiânia,GO,2025-03-04,Ativo
2147,Corporativa Horizonte Alimentos S.A.,Brasília,DF,2025-07-10,Ativo
2148,Empreendimentos Vector Construção Comércio e Serviços,Rio Branco,AC,2024-05-31,Ativo
2149,Tecnologia Fortaleza Materiais Comércio e Serviços,Vitória,ES,2024-04-13,Ativo
2150,Corporativa Cedro Alimentos Ltda.,João Pessoa,PB,2022-05-22,Ativo
2151,Atacadista Conecta Suprimentos Comércio e Serviços,Belo Horizonte,MG,2023-03-01,Ativo
2152,Atacadista Dinâmica Tecnologia S.A.,Teresina,PI,2023-01-28,Ativo
2153,Corporativa Ideal Móveis S.A.,Fortaleza,CE,2025-11-29,Ativo
2154,Indústria Evolução Comunicação Comércio e Serviços,Ribeirão Preto,SP,2023-02-23,Ativo
2155,Companhia Primavera Suprimentos Ltda.,Belo Horizonte,MG,2024-10-19,Ativo
2156,Importadora Dinâmica Móveis Ltda.,Londrina,PR,2022-10-29,Ativo
2157,Integração Ideal Serviços Empresariais Ltda.,Teresina,PI,2025-09-09,Ativo
2158,Mercantil Brasília Tecnologia Empresarial,Niterói,RJ,2024-11-08,Ativo
2159,Grupo Diamante Alimentos Empresarial,Cuiabá,MT,2026-04-29,Ativo
2160,Corporativa Metropolitana Comunicação Empresarial,Goiânia,GO,2022-10-07,Ativo
2161,Logística Ápice Construção Ltda.,Aracaju,SE,2026-03-16,Ativo
2162,Logística Orbe Serviços Empresariais Ltda.,Florianópolis,SC,2025-02-27,Ativo
2163,Mercantil União Transportes Empresarial,Porto Alegre,RS,2024-07-07,Ativo
2164,Logística Nacional Sistemas Comércio e Serviços,São Paulo,SP,2024-11-30,Ativo
2165,Distribuidora Alvorada Engenharia Empresarial,Goiânia,GO,2023-07-07,Ativo
2166,Indústria Integra Materiais Comércio e Serviços,Recife,PE,2023-08-23,Ativo
2167,Varejista Regional Móveis S.A.,Belo Horizonte,MG,2023-03-14,Ativo
2168,Tecnologia Capital Serviços Empresariais S.A.,Florianópolis,SC,2023-01-25,Ativo
2169,Empreendimentos Estrela Comunicação Ltda.,Santos,SP,2022-07-05,Ativo
2170,Integração Avante Sistemas Ltda.,Curitiba,PR,2026-02-08,Ativo
2171,Companhia Sol Nascente Suprimentos Comércio e Serviços,São Paulo,SP,2025-03-31,Ativo
2172,Indústria Vale Verde Engenharia Ltda.,Joinville,SC,2025-11-16,Ativo
2173,Soluções Evolução Móveis Comércio e Serviços,Porto Velho,RO,2026-03-13,Ativo
2174,Varejista Dinâmica Sistemas Ltda.,Londrina,PR,2024-08-18,Ativo
2175,Negócios Alvorada Materiais Empresarial,Rio de Janeiro,RJ,2023-11-21,Ativo
2176,Integração Jatobá Materiais Ltda.,Salvador,BA,2024-04-30,Ativo
2177,Comercial Horizonte Comércio Empresarial,Porto Velho,RO,2022-05-10,Ativo
2178,Soluções Cerrado Móveis Ltda.,Londrina,PR,2025-10-08,Ativo
2179,Soluções Nacional Móveis S.A.,Vitória,ES,2022-07-26,Ativo
2180,Importadora Sol Nascente Construção Comércio e Serviços,Porto Velho,RO,2026-06-24,Ativo
2181,Indústria Liberdade Suprimentos Ltda.,Caxias do Sul,RS,2025-06-13,Ativo
2182,Corporativa Estrela Sistemas Empresarial,Rio de Janeiro,RJ,2023-06-28,Ativo
2183,Mercantil Regional Sistemas Empresarial,Campinas,SP,2024-05-05,Ativo
2184,Serviços Planalto Construção Ltda.,Joinville,SC,2022-10-12,Ativo
2185,Grupo Ideal Serviços Empresariais Comércio e Serviços,Rio Branco,AC,2025-12-20,Ativo
2186,Distribuidora Vector Móveis Ltda.,Boa Vista,RR,2023-03-24,Ativo
2187,Negócios Atlântica Tecnologia Ltda.,Anápolis,GO,2024-06-13,Ativo
2188,Soluções Estrela Soluções Digitais Empresarial,Santos,SP,2026-01-04,Ativo
2189,Importadora Premium Comunicação Ltda.,Rio Branco,AC,2023-02-11,Ativo
2190,Grupo Delta Energia Comércio e Serviços,Rio de Janeiro,RJ,2023-05-27,Ativo
2191,Varejista Horizonte Móveis Comércio e Serviços,Teresina,PI,2025-04-03,Ativo
2192,Mercantil União Sistemas S.A.,Belo Horizonte,MG,2024-04-26,Ativo
2193,Indústria Bandeirante Móveis Ltda.,Fortaleza,CE,2024-06-12,Ativo
2194,Serviços Ideal Suprimentos Comércio e Serviços,Palmas,TO,2022-02-05,Ativo
2195,Integração Nacional Serviços Empresariais Empresarial,São Paulo,SP,2026-07-13,Ativo
2196,Importadora Liberdade Equipamentos Comércio e Serviços,Anápolis,GO,2023-04-21,Ativo
2197,Serviços Primavera Serviços Empresariais Comércio e Serviços,Anápolis,GO,2026-01-25,Ativo
2198,Representações Integra Comunicação S.A.,Maceió,AL,2023-08-20,Ativo
2199,Tecnologia Liberdade Soluções Digitais Comércio e Serviços,Natal,RN,2023-05-06,Ativo
2200,Grupo Liberdade Suprimentos Empresarial,Rio Branco,AC,2025-11-27,Ativo
2201,Atacadista Sinergia Equipamentos Empresarial,Belo Horizonte,MG,2025-08-25,Ativo
2202,Distribuidora Avante Materiais Empresarial,Juiz de Fora,MG,2025-05-13,Ativo
2203,Soluções Orbe Móveis Comércio e Serviços,João Pessoa,PB,2025-12-12,Inativo
2204,Tecnologia Progresso Construção S.A.,Ribeirão Preto,SP,2024-07-04,Inativo
2205,Comercial Sol Nascente Materiais S.A.,Recife,PE,2026-04-20,Ativo
2206,Negócios Litoral Comunicação Empresarial,Goiânia,GO,2023-04-20,Ativo
2207,Logística Ápice Alimentos S.A.,Campinas,SP,2025-12-25,Ativo
2208,Serviços Diamante Soluções Digitais Ltda.,Rio Branco,AC,2024-08-07,Ativo
2209,Companhia Liberdade Alimentos S.A.,Campinas,SP,2025-12-02,Ativo
2210,Serviços Pioneira Equipamentos Ltda.,Londrina,PR,2024-09-10,Ativo
2211,Logística Brasília Móveis Empresarial,Juiz de Fora,MG,2024-05-02,Ativo
2212,Grupo Jatobá Construção Ltda.,Recife,PE,2025-11-08,Ativo
2213,Logística Cerrado Engenharia S.A.,Porto Alegre,RS,2024-08-08,Inativo
2214,Integração Ideal Suprimentos S.A.,Belo Horizonte,MG,2024-05-16,Ativo
2215,Gestão Serra Serviços Empresariais Comércio e Serviços,Campinas,SP,2022-10-17,Ativo
2216,Importadora Liberdade Engenharia Ltda.,Porto Alegre,RS,2022-08-02,Ativo
2217,Varejista União Equipamentos Ltda.,Brasília,DF,2024-12-31,Ativo
2218,Grupo Amazônia Energia Empresarial,Rio de Janeiro,RJ,2022-11-20,Ativo
2219,Representações Avante Engenharia Ltda.,Juiz de Fora,MG,2023-01-23,Ativo
2220,Importadora Ideal Energia Empresarial,Palmas,TO,2024-01-02,Inativo
2221,Representações Continental Móveis Empresarial,João Pessoa,PB,2022-10-12,Ativo
2222,Empreendimentos Prime Comunicação Ltda.,São Luís,MA,2022-03-14,Inativo
2223,Mercantil Esperança Móveis S.A.,Londrina,PR,2026-03-18,Ativo
2224,Mercantil Orbe Sistemas Ltda.,Caxias do Sul,RS,2023-06-05,Ativo
2225,Integração Nexus Construção S.A.,Caxias do Sul,RS,2024-04-18,Ativo
2226,Empreendimentos Estrela Suprimentos Comércio e Serviços,São Luís,MA,2022-08-27,Ativo
2227,Comercial Central Tecnologia Ltda.,Campo Grande,MS,2025-04-06,Ativo
2228,Grupo Global Soluções Digitais Empresarial,João Pessoa,PB,2024-05-09,Ativo
2229,Consultoria Nexus Energia S.A.,Goiânia,GO,2026-01-15,Ativo
2230,Soluções Estrela Móveis S.A.,Londrina,PR,2023-08-04,Ativo
2231,Grupo Safira Comércio Empresarial,Curitiba,PR,2025-03-12,Ativo
2232,Logística Planalto Engenharia Ltda.,Rio de Janeiro,RJ,2025-04-18,Ativo
2233,Representações Ideal Transportes S.A.,Feira de Santana,BA,2025-01-06,Ativo
2234,Corporativa Ouro Materiais Ltda.,Rio Branco,AC,2023-11-01,Ativo
2235,Soluções Monte Azul Energia Empresarial,Belo Horizonte,MG,2026-07-14,Ativo
2236,Companhia Horizonte Comércio Comércio e Serviços,Teresina,PI,2024-05-21,Ativo
2237,Negócios Planalto Comunicação Comércio e Serviços,Porto Alegre,RS,2023-09-07,Ativo
2238,Integração Regional Transportes Ltda.,Campo Grande,MS,2025-10-26,Ativo
2239,Importadora Nacional Construção Comércio e Serviços,Ribeirão Preto,SP,2025-11-29,Ativo
2240,Grupo Confiança Comércio Ltda.,Caxias do Sul,RS,2026-04-30,Ativo
2241,Empreendimentos Litoral Alimentos Ltda.,São Paulo,SP,2022-10-27,Ativo
2242,Gestão Ápice Engenharia Comércio e Serviços,São Paulo,SP,2026-03-05,Ativo
2243,Comercial Conecta Transportes Ltda.,Belo Horizonte,MG,2026-07-22,Ativo
2244,Indústria Imperial Soluções Digitais Comércio e Serviços,Campo Grande,MS,2025-12-26,Ativo
2245,Soluções Continental Tecnologia Comércio e Serviços,Florianópolis,SC,2022-05-05,Ativo
2246,Varejista Ipê Energia Comércio e Serviços,Belém,PA,2024-05-31,Ativo
2247,Soluções Regional Materiais Empresarial,Florianópolis,SC,2022-10-18,Ativo
2248,Companhia Avante Alimentos Ltda.,Brasília,DF,2022-03-22,Ativo
2249,Comercial Evolução Materiais S.A.,Caxias do Sul,RS,2024-08-26,Ativo
2250,Empreendimentos Metropolitana Sistemas Empresarial,Maringá,PR,2025-05-07,Ativo
2251,Consultoria Referência Móveis Empresarial,São Luís,MA,2025-03-22,Ativo
2252,Comercial Pacífico Energia Empresarial,Manaus,AM,2026-04-02,Ativo
2253,Distribuidora Sigma Transportes Comércio e Serviços,Natal,RN,2022-12-09,Ativo
2254,Corporativa Nacional Transportes Ltda.,Aracaju,SE,2025-02-24,Ativo
2255,Indústria Ouro Serviços Empresariais S.A.,Salvador,BA,2023-07-14,Ativo
2256,Consultoria Premium Tecnologia Empresarial,Curitiba,PR,2024-07-06,Ativo
2257,Indústria Fortaleza Comércio Ltda.,Porto Alegre,RS,2024-03-26,Ativo
2258,Consultoria Atlântica Energia Ltda.,Campo Grande,MS,2022-09-02,Ativo
2259,Importadora Vale Verde Alimentos Ltda.,Joinville,SC,2026-01-07,Ativo
2260,Grupo Sinergia Transportes Comércio e Serviços,Belo Horizonte,MG,2024-02-17,Ativo
2261,Grupo Referência Engenharia S.A.,Caxias do Sul,RS,2022-09-03,Inativo
2262,Companhia Cerrado Construção S.A.,Belo Horizonte,MG,2024-10-30,Ativo
2263,Representações Estrela Sistemas Ltda.,Campinas,SP,2022-03-17,Ativo
2264,Gestão Regional Móveis Comércio e Serviços,Manaus,AM,2024-07-16,Inativo
2265,Importadora Dinâmica Móveis Comércio e Serviços,Recife,PE,2022-08-11,Ativo
2266,Representações Serra Comunicação Empresarial,Porto Velho,RO,2025-07-19,Ativo
2267,Grupo Ouro Comércio Ltda.,Porto Alegre,RS,2022-01-03,Ativo
2268,Soluções Integra Comunicação Comércio e Serviços,Joinville,SC,2026-04-11,Ativo
2269,Grupo Sol Nascente Alimentos Ltda.,Campo Grande,MS,2023-04-21,Ativo
2270,Importadora Cerrado Materiais Empresarial,Rio de Janeiro,RJ,2023-11-20,Inativo
2271,Logística Capital Alimentos Empresarial,Palmas,TO,2024-10-09,Ativo
2272,Soluções Ômega Materiais Empresarial,Maceió,AL,2023-01-13,Inativo
2273,Comercial Essencial Serviços Empresariais Comércio e Serviços,João Pessoa,PB,2024-01-03,Ativo
2274,Comercial Orbe Equipamentos S.A.,Campo Grande,MS,2022-08-24,Ativo
2275,Comercial Sigma Sistemas Ltda.,Recife,PE,2023-09-21,Inativo
2276,Empreendimentos Confiança Energia Empresarial,Porto Alegre,RS,2025-08-17,Ativo
2277,Mercantil Alvorada Engenharia Comércio e Serviços,Niterói,RJ,2026-06-24,Ativo
2278,Corporativa Nova Era Sistemas S.A.,Porto Velho,RO,2025-02-15,Ativo
2279,Atacadista Serra Alimentos Ltda.,Rio Branco,AC,2023-05-01,Ativo
2280,Gestão Ipê Alimentos Ltda.,Manaus,AM,2022-11-21,Ativo
2281,Negócios Amazônia Transportes Empresarial,Maringá,PR,2022-09-13,Ativo
2282,Distribuidora Metropolitana Soluções Digitais Ltda.,Natal,RN,2022-01-30,Ativo
2283,Corporativa Nexus Energia Ltda.,Campinas,SP,2025-07-25,Ativo
2284,Mercantil Vanguarda Equipamentos Empresarial,Boa Vista,RR,2026-02-15,Ativo
2285,Indústria Esperança Serviços Empresariais S.A.,Anápolis,GO,2025-07-08,Ativo
2286,Integração Essencial Tecnologia Ltda.,Ribeirão Preto,SP,2025-06-11,Ativo
2287,Consultoria Araucária Soluções Digitais Ltda.,Belém,PA,2024-01-24,Ativo
2288,Soluções Evolução Energia Empresarial,Maceió,AL,2026-07-21,Ativo
2289,Consultoria Pacífico Equipamentos S.A.,Salvador,BA,2024-07-29,Ativo
2290,Tecnologia Bandeirante Materiais Ltda.,Salvador,BA,2025-08-21,Ativo
2291,Logística Dinâmica Equipamentos S.A.,Palmas,TO,2023-02-09,Ativo
2292,Companhia Fortaleza Móveis S.A.,Uberlândia,MG,2026-05-23,Ativo
2293,Varejista Estrela Suprimentos Comércio e Serviços,Teresina,PI,2025-08-06,Ativo
2294,Logística Ipê Soluções Digitais S.A.,Palmas,TO,2022-10-25,Ativo
2295,Comercial Premium Soluções Digitais Ltda.,Santos,SP,2023-04-10,Ativo
2296,Consultoria Real Serviços Empresariais Empresarial,Vitória,ES,2024-12-27,Ativo
2297,Logística Dinâmica Alimentos Comércio e Serviços,São Paulo,SP,2026-06-20,Ativo
2298,Logística Integra Transportes Comércio e Serviços,Florianópolis,SC,2024-06-08,Ativo
2299,Indústria Referência Serviços Empresariais Ltda.,Curitiba,PR,2023-03-14,Ativo
2300,Logística Diamante Sistemas Comércio e Serviços,Anápolis,GO,2023-07-19,Ativo
2301,Companhia Litoral Energia Ltda.,João Pessoa,PB,2024-11-27,Ativo
2302,Soluções Ipê Soluções Digitais Empresarial,Porto Velho,RO,2023-11-22,Ativo
2303,Mercantil Ápice Suprimentos Empresarial,Belo Horizonte,MG,2023-10-24,Inativo
2304,Mercantil Nova Era Móveis Empresarial,São Luís,MA,2025-06-25,Ativo
2305,Representações Cerrado Materiais S.A.,Teresina,PI,2024-09-29,Ativo
2306,Tecnologia Prime Tecnologia Comércio e Serviços,Belo Horizonte,MG,2022-02-10,Ativo
2307,Consultoria Horizonte Sistemas S.A.,Maceió,AL,2026-04-16,Inativo
2308,Importadora Evolução Comunicação S.A.,Porto Velho,RO,2023-07-29,Ativo
2309,Corporativa Ômega Soluções Digitais S.A.,João Pessoa,PB,2024-11-01,Ativo
2310,Soluções Cerrado Sistemas Empresarial,Ribeirão Preto,SP,2026-03-04,Inativo
2311,Mercantil Sol Nascente Suprimentos S.A.,Londrina,PR,2026-05-16,Ativo
2312,Comercial Pioneira Energia Empresarial,Caxias do Sul,RS,2024-04-05,Ativo
2313,Varejista Essencial Engenharia Ltda.,Campo Grande,MS,2022-03-22,Ativo
2314,Logística Vanguarda Energia Comércio e Serviços,Macapá,AP,2025-05-14,Ativo
2315,Tecnologia Ideal Comércio Comércio e Serviços,Brasília,DF,2024-08-29,Ativo
2316,Companhia Fortaleza Equipamentos Empresarial,Florianópolis,SC,2022-05-17,Ativo
2317,Companhia Real Soluções Digitais Empresarial,Aracaju,SE,2023-09-14,Ativo
2318,Serviços Atlântica Transportes Ltda.,Manaus,AM,2022-04-10,Ativo
2319,Soluções Serra Comunicação Empresarial,Joinville,SC,2025-12-03,Ativo
2320,Mercantil Pioneira Construção Ltda.,São Paulo,SP,2023-01-16,Ativo
2321,Companhia Pioneira Alimentos S.A.,Campo Grande,MS,2023-03-22,Ativo
2322,Atacadista Sol Nascente Soluções Digitais Ltda.,Porto Velho,RO,2022-04-05,Ativo
2323,Mercantil Primavera Equipamentos Ltda.,Fortaleza,CE,2023-11-28,Ativo
2324,Distribuidora Evolução Materiais Empresarial,Cuiabá,MT,2023-04-18,Ativo
2325,Consultoria Dinâmica Materiais Empresarial,Macapá,AP,2022-05-01,Ativo
2326,Mercantil Pantanal Soluções Digitais Empresarial,Juiz de Fora,MG,2023-05-15,Ativo
2327,Representações Pantanal Transportes Ltda.,São Paulo,SP,2024-01-30,Ativo
2328,Companhia Ipê Comércio Comércio e Serviços,Rio de Janeiro,RJ,2023-01-06,Ativo
2329,Soluções Sigma Construção Empresarial,Caxias do Sul,RS,2025-03-24,Ativo
2330,Grupo Ápice Alimentos Comércio e Serviços,Belo Horizonte,MG,2024-06-20,Ativo
2331,Empreendimentos Sigma Alimentos Empresarial,Macapá,AP,2023-05-14,Ativo
2332,Atacadista Prime Móveis Ltda.,Boa Vista,RR,2025-08-02,Ativo
2333,Distribuidora Amazônia Serviços Empresariais Empresarial,Caxias do Sul,RS,2025-07-25,Ativo
2334,Grupo Diamante Comunicação Comércio e Serviços,Anápolis,GO,2023-09-17,Inativo
2335,Indústria Suprema Móveis Comércio e Serviços,Macapá,AP,2026-01-19,Ativo
2336,Mercantil Aroeira Energia Ltda.,São Paulo,SP,2025-05-12,Ativo
2337,Tecnologia Master Transportes Comércio e Serviços,Salvador,BA,2025-12-01,Ativo
2338,Logística Diamante Alimentos Ltda.,Macapá,AP,2022-04-28,Ativo
2339,Varejista Esperança Serviços Empresariais S.A.,Londrina,PR,2025-07-15,Ativo
2340,Importadora Planalto Alimentos S.A.,Maceió,AL,2025-07-02,Ativo
2341,Soluções Ápice Suprimentos S.A.,Cuiabá,MT,2022-09-20,Ativo
2342,Integração Pantanal Engenharia Empresarial,Londrina,PR,2025-03-10,Ativo
2343,Comercial Pioneira Tecnologia Comércio e Serviços,Anápolis,GO,2022-12-03,Ativo
2344,Distribuidora Evolução Comércio Ltda.,Belo Horizonte,MG,2023-08-01,Ativo
2345,Grupo Orbe Soluções Digitais Comércio e Serviços,Goiânia,GO,2022-07-26,Ativo
2346,Consultoria Progresso Materiais S.A.,São Paulo,SP,2022-02-05,Ativo
2347,Varejista Alvorada Construção Empresarial,São Luís,MA,2025-04-07,Ativo
2348,Grupo Primavera Sistemas Comércio e Serviços,Ribeirão Preto,SP,2026-04-29,Ativo
2349,Consultoria Ouro Engenharia S.A.,Aracaju,SE,2023-06-01,Ativo
2350,Comercial Continental Energia Ltda.,Manaus,AM,2025-09-08,Inativo
2351,Soluções Avante Engenharia S.A.,Curitiba,PR,2025-10-31,Inativo
2352,Soluções Horizonte Engenharia S.A.,João Pessoa,PB,2025-02-22,Ativo
2353,Atacadista Amazônia Materiais S.A.,Brasília,DF,2025-01-17,Ativo
2354,Importadora Nova Era Energia Empresarial,Fortaleza,CE,2022-11-04,Ativo
2355,Gestão Estrela Construção S.A.,Brasília,DF,2022-04-29,Ativo
2356,Negócios Evolução Sistemas S.A.,Maringá,PR,2024-10-08,Ativo
2357,Soluções Prime Serviços Empresariais Comércio e Serviços,Goiânia,GO,2025-10-26,Ativo
2358,Distribuidora Capital Materiais Ltda.,Palmas,TO,2025-03-26,Ativo
2359,Serviços Nexus Alimentos Comércio e Serviços,Ribeirão Preto,SP,2024-03-06,Ativo
2360,Varejista Ômega Alimentos Empresarial,São Luís,MA,2025-10-29,Ativo
2361,Tecnologia Conquista Energia Ltda.,João Pessoa,PB,2024-05-31,Ativo
2362,Companhia Essencial Comunicação Ltda.,Campo Grande,MS,2024-05-05,Ativo
2363,Gestão Buriti Serviços Empresariais S.A.,Caxias do Sul,RS,2024-05-11,Ativo
2364,Corporativa Bandeirante Sistemas Empresarial,Caxias do Sul,RS,2022-02-14,Inativo
2365,Varejista Regional Tecnologia Comércio e Serviços,Aracaju,SE,2024-12-23,Ativo
2366,Distribuidora Alvorada Comunicação Empresarial,Joinville,SC,2026-07-27,Ativo
2367,Tecnologia Estrela Alimentos Empresarial,Porto Alegre,RS,2024-07-10,Ativo
2368,Importadora Vitória Comércio Comércio e Serviços,Caxias do Sul,RS,2023-12-16,Ativo
2369,Grupo Capital Energia Empresarial,Feira de Santana,BA,2022-02-03,Ativo
2370,Consultoria Serra Alimentos S.A.,Manaus,AM,2026-07-03,Ativo
2371,Soluções Vanguarda Construção S.A.,Joinville,SC,2025-07-17,Inativo
2372,Companhia Vector Comércio Ltda.,Manaus,AM,2023-09-24,Ativo
2373,Negócios Excelência Sistemas Ltda.,Juiz de Fora,MG,2024-06-20,Ativo
2374,Varejista Brasília Engenharia Empresarial,Vitória,ES,2024-11-03,Ativo
2375,Representações Continental Equipamentos Comércio e Serviços,Campinas,SP,2025-08-15,Ativo
2376,Tecnologia Horizonte Construção Empresarial,Anápolis,GO,2023-10-09,Ativo
2377,Tecnologia Real Suprimentos Ltda.,Santos,SP,2025-11-18,Ativo
2378,Distribuidora Sigma Sistemas Ltda.,Rio Branco,AC,2025-06-08,Ativo
2379,Negócios Cristal Engenharia Ltda.,Porto Alegre,RS,2023-11-22,Ativo
2380,Tecnologia Alvorada Tecnologia Ltda.,Campo Grande,MS,2022-01-27,Ativo
2381,Gestão Evolução Equipamentos S.A.,Juiz de Fora,MG,2025-12-18,Ativo
2382,Empreendimentos Suprema Comércio Ltda.,Recife,PE,2022-10-23,Ativo
2383,Empreendimentos Dinâmica Materiais Empresarial,Porto Alegre,RS,2024-02-12,Ativo
2384,Representações Vitória Energia Comércio e Serviços,Maceió,AL,2022-03-27,Ativo
2385,Companhia Esperança Soluções Digitais Empresarial,Ribeirão Preto,SP,2024-10-14,Ativo
2386,Consultoria Sigma Sistemas Ltda.,Maringá,PR,2023-11-05,Ativo
2387,Tecnologia Capital Materiais Empresarial,Caxias do Sul,RS,2023-10-02,Ativo
2388,Negócios Excelência Transportes Empresarial,São Luís,MA,2026-01-28,Ativo
2389,Negócios Sinergia Equipamentos Ltda.,Brasília,DF,2024-11-21,Ativo
2390,Negócios Evolução Comunicação Empresarial,Ribeirão Preto,SP,2024-03-22,Ativo
2391,Corporativa Metropolitana Engenharia Comércio e Serviços,Manaus,AM,2023-11-17,Ativo
2392,Distribuidora Ouro Construção Ltda.,Recife,PE,2024-03-15,Ativo
2393,Consultoria Metropolitana Engenharia Comércio e Serviços,Anápolis,GO,2026-05-20,Ativo
2394,Soluções Metropolitana Comércio S.A.,Uberlândia,MG,2022-12-06,Ativo
2395,Importadora Suprema Equipamentos S.A.,Porto Velho,RO,2023-06-14,Ativo
2396,Mercantil Atlântica Construção Empresarial,Boa Vista,RR,2023-01-06,Ativo
2397,Companhia Integra Engenharia Ltda.,João Pessoa,PB,2023-02-04,Ativo
2398,Companhia Pantanal Alimentos Empresarial,Rio de Janeiro,RJ,2023-10-29,Ativo
2399,Companhia Araucária Sistemas Empresarial,Niterói,RJ,2023-06-16,Ativo
2400,Corporativa Real Móveis S.A.,Campo Grande,MS,2022-05-16,Ativo
2401,Consultoria Vanguarda Alimentos Empresarial,Boa Vista,RR,2024-03-04,Ativo
2402,Negócios Vitória Serviços Empresariais Empresarial,Teresina,PI,2023-05-13,Ativo
2403,Tecnologia Primavera Materiais Empresarial,Rio Branco,AC,2026-07-01,Ativo
2404,Representações Premium Comunicação Ltda.,Feira de Santana,BA,2026-02-20,Ativo
2405,Empreendimentos Premium Alimentos Comércio e Serviços,Feira de Santana,BA,2026-01-15,Ativo
2406,Importadora Integra Sistemas Comércio e Serviços,Cuiabá,MT,2026-01-09,Ativo
2407,Empreendimentos Avante Construção Ltda.,Fortaleza,CE,2023-08-21,Ativo
2408,Tecnologia Veredas Tecnologia S.A.,Boa Vista,RR,2025-12-22,Ativo
2409,Integração Avante Equipamentos S.A.,Aracaju,SE,2024-09-15,Ativo
2410,Logística Ouro Engenharia Empresarial,Vitória,ES,2022-01-06,Ativo
2411,Negócios Monte Azul Comércio Comércio e Serviços,Anápolis,GO,2025-05-20,Ativo
2412,Grupo Bandeirante Comércio Ltda.,Campinas,SP,2026-06-09,Ativo
2413,Gestão Suprema Sistemas Ltda.,Recife,PE,2024-08-24,Ativo
2414,Representações Brasília Sistemas Comércio e Serviços,Campinas,SP,2026-04-07,Ativo
2415,Negócios Fortaleza Equipamentos Ltda.,Brasília,DF,2024-04-08,Ativo
2416,Comercial Ipê Alimentos Empresarial,Aracaju,SE,2025-11-26,Inativo
2417,Comercial Master Tecnologia Comércio e Serviços,Aracaju,SE,2023-05-20,Ativo
2418,Mercantil Real Comunicação S.A.,Salvador,BA,2023-08-18,Ativo
2419,Atacadista Buriti Serviços Empresariais Ltda.,Natal,RN,2023-06-13,Ativo
2420,Importadora Serra Construção S.A.,Maceió,AL,2025-08-14,Ativo
2421,Tecnologia Safira Tecnologia Ltda.,João Pessoa,PB,2024-01-29,Ativo
2422,Varejista Planalto Equipamentos S.A.,Maringá,PR,2026-03-18,Ativo
2423,Tecnologia União Suprimentos S.A.,Florianópolis,SC,2023-03-25,Ativo
2424,Serviços Buriti Comércio Comércio e Serviços,Vitória,ES,2026-02-01,Ativo
2425,Negócios União Construção Comércio e Serviços,Boa Vista,RR,2025-11-12,Ativo
2426,Importadora Planalto Energia Ltda.,Niterói,RJ,2025-06-23,Ativo
2427,Companhia Evolução Engenharia Ltda.,Campo Grande,MS,2022-05-07,Ativo
2428,Representações Estrela Engenharia Empresarial,Boa Vista,RR,2024-10-06,Ativo
2429,Consultoria Araucária Serviços Empresariais Empresarial,Belém,PA,2026-01-25,Ativo
2430,Companhia Nacional Sistemas S.A.,Curitiba,PR,2024-10-29,Ativo
2431,Negócios Real Soluções Digitais S.A.,Manaus,AM,2022-09-06,Ativo
2432,Importadora Atlântica Engenharia Ltda.,Porto Alegre,RS,2026-05-25,Ativo
2433,Negócios Ápice Engenharia Comércio e Serviços,Goiânia,GO,2023-01-18,Ativo
2434,Negócios Ouro Energia Empresarial,Fortaleza,CE,2023-06-13,Ativo
2435,Distribuidora Safira Transportes S.A.,Campinas,SP,2024-08-22,Ativo
2436,Serviços Nacional Materiais Empresarial,Brasília,DF,2026-02-26,Ativo
2437,Negócios Jatobá Energia S.A.,Maringá,PR,2022-06-08,Ativo
2438,Tecnologia Evolução Comunicação S.A.,Anápolis,GO,2026-02-21,Ativo
2439,Mercantil Avante Engenharia Ltda.,Campo Grande,MS,2022-05-03,Inativo
2440,Tecnologia Metropolitana Energia S.A.,Salvador,BA,2024-03-18,Ativo
2441,Importadora Master Suprimentos Ltda.,Rio Branco,AC,2022-09-16,Ativo
2442,Empreendimentos Pantanal Serviços Empresariais Comércio e Serviços,Caxias do Sul,RS,2023-04-21,Ativo
2443,Indústria Monte Azul Sistemas Comércio e Serviços,Florianópolis,SC,2023-03-18,Ativo
2444,Comercial Premium Energia Ltda.,Feira de Santana,BA,2026-03-22,Ativo
2445,Serviços Regional Serviços Empresariais Comércio e Serviços,Natal,RN,2026-05-20,Ativo
2446,Negócios Evolução Construção Comércio e Serviços,Cuiabá,MT,2025-05-04,Ativo
2447,Atacadista Bandeirante Soluções Digitais S.A.,Anápolis,GO,2022-04-04,Ativo
2448,Mercantil Delta Serviços Empresariais Comércio e Serviços,Brasília,DF,2026-02-02,Ativo
2449,Varejista Conecta Suprimentos Empresarial,Cuiabá,MT,2024-12-21,Ativo
2450,Representações Veredas Equipamentos Ltda.,Uberlândia,MG,2024-03-03,Ativo
2451,Atacadista Pantanal Comunicação Empresarial,Campinas,SP,2025-07-18,Ativo
2452,Representações Premium Construção Ltda.,Salvador,BA,2022-04-05,Ativo
2453,Corporativa Conquista Tecnologia Ltda.,São Luís,MA,2024-09-27,Ativo
2454,Negócios Monte Azul Construção Empresarial,Cuiabá,MT,2022-07-07,Ativo
2455,Tecnologia Conquista Energia Empresarial,Belém,PA,2026-04-13,Ativo
2456,Companhia Cerrado Materiais Comércio e Serviços,Feira de Santana,BA,2026-04-04,Ativo
2457,Gestão Liberdade Comércio Ltda.,Palmas,TO,2025-03-21,Ativo
2458,Logística Primavera Tecnologia S.A.,Joinville,SC,2023-05-13,Ativo
2459,Indústria Conecta Comércio Ltda.,Ribeirão Preto,SP,2026-03-30,Ativo
2460,Integração Bandeirante Soluções Digitais Ltda.,Juiz de Fora,MG,2025-07-23,Ativo
2461,Representações Ipê Soluções Digitais Comércio e Serviços,João Pessoa,PB,2024-06-13,Ativo
2462,Soluções Global Suprimentos Ltda.,Fortaleza,CE,2023-02-15,Ativo
2463,Grupo Safira Alimentos Ltda.,Niterói,RJ,2024-03-24,Ativo
2464,Mercantil Vale Verde Móveis Empresarial,Vitória,ES,2026-06-09,Ativo
2465,Varejista Esperança Comércio Ltda.,Boa Vista,RR,2022-05-25,Ativo
2466,Varejista Monte Azul Materiais S.A.,Niterói,RJ,2026-06-28,Ativo
2467,Tecnologia Delta Alimentos Comércio e Serviços,Maceió,AL,2022-12-25,Inativo
2468,Logística Referência Engenharia S.A.,Londrina,PR,2024-12-19,Ativo
2469,Gestão Primavera Alimentos S.A.,Maceió,AL,2024-11-22,Ativo
2470,Tecnologia Atlântica Soluções Digitais S.A.,São Paulo,SP,2024-11-17,Ativo
2471,Gestão Sinergia Móveis Empresarial,Campo Grande,MS,2025-10-27,Ativo
2472,Tecnologia Araucária Engenharia Ltda.,Maceió,AL,2024-09-21,Ativo
2473,Varejista Confiança Alimentos Comércio e Serviços,Campinas,SP,2022-09-02,Ativo
2474,Gestão Diamante Transportes Comércio e Serviços,Aracaju,SE,2024-10-19,Ativo
2475,Soluções Fortaleza Equipamentos Empresarial,Caxias do Sul,RS,2022-01-01,Ativo
2476,Integração Cedro Equipamentos Ltda.,Brasília,DF,2022-05-22,Inativo
2477,Grupo Suprema Engenharia Ltda.,Recife,PE,2022-03-30,Ativo
2478,Serviços Avante Engenharia Ltda.,Londrina,PR,2024-09-12,Ativo
2479,Indústria Imperial Construção S.A.,João Pessoa,PB,2023-02-06,Ativo
2480,Empreendimentos Atlântica Móveis S.A.,Teresina,PI,2022-03-21,Ativo
2481,Consultoria Jatobá Comércio Empresarial,Londrina,PR,2024-10-04,Ativo
2482,Comercial Suprema Alimentos Ltda.,Niterói,RJ,2022-01-20,Inativo
2483,Indústria Brasília Sistemas Ltda.,Boa Vista,RR,2022-05-26,Ativo
2484,Negócios Buriti Construção Empresarial,Boa Vista,RR,2026-01-08,Ativo
2485,Empreendimentos Vanguarda Engenharia Empresarial,Brasília,DF,2023-08-16,Ativo
2486,Serviços Buriti Construção Empresarial,Natal,RN,2022-06-20,Ativo
2487,Tecnologia Veredas Tecnologia Ltda.,João Pessoa,PB,2024-03-04,Ativo
2488,Tecnologia Pacífico Sistemas S.A.,Porto Alegre,RS,2025-04-27,Ativo
2489,Representações Sigma Móveis Ltda.,Juiz de Fora,MG,2024-03-28,Ativo
2490,Corporativa Imperial Engenharia Empresarial,Porto Velho,RO,2023-02-06,Ativo
2491,Indústria Confiança Materiais S.A.,Manaus,AM,2025-12-09,Ativo
2492,Representações Liberdade Equipamentos S.A.,Juiz de Fora,MG,2023-10-30,Ativo
2493,Mercantil Nacional Construção Empresarial,Juiz de Fora,MG,2022-05-10,Ativo
2494,Grupo Metropolitana Equipamentos S.A.,Fortaleza,CE,2022-05-15,Ativo
2495,Representações Jatobá Energia Empresarial,Manaus,AM,2024-03-12,Inativo
2496,Empreendimentos Suprema Tecnologia S.A.,Belo Horizonte,MG,2024-08-13,Ativo
2497,Importadora Pantanal Transportes S.A.,Florianópolis,SC,2025-05-08,Ativo
2498,Serviços Serra Equipamentos Ltda.,Santos,SP,2025-06-19,Ativo
2499,Indústria Delta Equipamentos Comércio e Serviços,Manaus,AM,2023-09-07,Ativo
2500,Atacadista Ápice Engenharia Comércio e Serviços,Palmas,TO,2023-02-06,Ativo
2501,Representações Planalto Construção S.A.,Uberlândia,MG,2022-08-17,Ativo
2502,Representações Real Móveis Empresarial,Porto Velho,RO,2026-05-12,Ativo
2503,Importadora Cerrado Equipamentos Comércio e Serviços,Palmas,TO,2025-11-06,Ativo
2504,Consultoria Aroeira Soluções Digitais Comércio e Serviços,Maceió,AL,2026-03-21,Ativo
2505,Grupo Horizonte Móveis S.A.,Belo Horizonte,MG,2024-06-15,Ativo
2506,Integração Vanguarda Suprimentos S.A.,Teresina,PI,2025-04-05,Ativo
2507,Mercantil Imperial Equipamentos Ltda.,São Paulo,SP,2024-03-23,Ativo
2508,Consultoria Liberdade Suprimentos Comércio e Serviços,Anápolis,GO,2024-06-04,Ativo
2509,Gestão Essencial Suprimentos S.A.,Goiânia,GO,2025-03-01,Ativo
2510,Distribuidora Conecta Materiais Ltda.,Fortaleza,CE,2023-10-17,Ativo
2511,Grupo Bandeirante Serviços Empresariais Comércio e Serviços,Joinville,SC,2024-11-18,Inativo
2512,Companhia Premium Materiais S.A.,Rio de Janeiro,RJ,2023-06-29,Ativo
2513,Indústria Primavera Comunicação Empresarial,São Paulo,SP,2023-07-21,Ativo
2514,Tecnologia Diamante Soluções Digitais S.A.,São Luís,MA,2024-09-29,Ativo
2515,Tecnologia Conecta Transportes Ltda.,Manaus,AM,2023-04-24,Ativo
2516,Corporativa Orbe Construção S.A.,Maringá,PR,2024-03-02,Ativo
2517,Atacadista Metropolitana Soluções Digitais Ltda.,Belo Horizonte,MG,2026-07-11,Ativo
2518,Indústria Serra Engenharia Comércio e Serviços,Manaus,AM,2024-09-15,Inativo
2519,Corporativa Master Serviços Empresariais Empresarial,Rio Branco,AC,2025-09-19,Ativo
2520,Indústria União Comércio Ltda.,Juiz de Fora,MG,2022-07-30,Ativo
2521,Negócios Brasília Materiais Empresarial,João Pessoa,PB,2025-05-17,Ativo
2522,Companhia Cedro Serviços Empresariais Empresarial,Cuiabá,MT,2025-07-31,Ativo
2523,Serviços Pacífico Sistemas Comércio e Serviços,Natal,RN,2024-11-14,Ativo
2524,Gestão Cristal Soluções Digitais Ltda.,Rio de Janeiro,RJ,2026-03-21,Ativo
2525,Negócios Imperial Serviços Empresariais S.A.,Rio de Janeiro,RJ,2023-02-13,Ativo
2526,Soluções Planalto Construção Comércio e Serviços,Vitória,ES,2026-01-13,Ativo
2527,Importadora Prime Transportes Empresarial,Goiânia,GO,2025-03-07,Ativo
2528,Soluções Vanguarda Suprimentos Comércio e Serviços,Belo Horizonte,MG,2025-12-17,Ativo
2529,Companhia Aroeira Transportes Ltda.,Vitória,ES,2023-01-01,Ativo
2530,Comercial Sigma Soluções Digitais Empresarial,Joinville,SC,2025-05-05,Inativo
2531,Logística Delta Engenharia Empresarial,Rio de Janeiro,RJ,2023-10-19,Ativo
2532,Comercial Delta Alimentos S.A.,Santos,SP,2023-10-08,Ativo
2533,Comercial Integra Comércio Comércio e Serviços,Belo Horizonte,MG,2025-11-11,Ativo
2534,Empreendimentos Confiança Móveis Ltda.,Rio de Janeiro,RJ,2023-07-25,Ativo
2535,Grupo Cerrado Alimentos Comércio e Serviços,Goiânia,GO,2023-01-27,Ativo
2536,Representações Vector Alimentos S.A.,Ribeirão Preto,SP,2025-11-16,Ativo
2537,Serviços Conquista Comunicação Ltda.,Belém,PA,2025-12-02,Ativo
2538,Tecnologia Confiança Móveis Empresarial,Curitiba,PR,2025-08-29,Ativo
2539,Comercial Integra Engenharia Comércio e Serviços,Niterói,RJ,2022-11-29,Ativo
2540,Atacadista Integra Móveis Empresarial,Belém,PA,2025-03-14,Ativo
2541,Negócios Regional Equipamentos S.A.,Maceió,AL,2022-09-25,Ativo
2542,Varejista Ouro Tecnologia Empresarial,Juiz de Fora,MG,2022-11-18,Ativo
2543,Distribuidora Vale Verde Comunicação Empresarial,Belém,PA,2024-11-01,Ativo
2544,Mercantil Ápice Comércio S.A.,Macapá,AP,2022-08-09,Ativo
2545,Importadora Luz Transportes S.A.,Natal,RN,2023-05-18,Ativo
2546,Serviços Safira Construção Ltda.,João Pessoa,PB,2024-11-14,Ativo
2547,Atacadista Luz Sistemas Empresarial,Natal,RN,2023-06-13,Ativo
2548,Corporativa Vanguarda Materiais Ltda.,Porto Alegre,RS,2022-09-24,Ativo
2549,Indústria Fortaleza Materiais S.A.,Rio Branco,AC,2024-07-13,Inativo
2550,Representações Planalto Materiais S.A.,Goiânia,GO,2025-10-07,Ativo
2551,Importadora Buriti Engenharia Comércio e Serviços,Porto Velho,RO,2025-04-29,Inativo
2552,Comercial Cerrado Engenharia Ltda.,Uberlândia,MG,2022-10-17,Ativo
2553,Corporativa Ipê Alimentos Empresarial,Uberlândia,MG,2026-04-09,Ativo
2554,Soluções Nexus Sistemas Empresarial,Juiz de Fora,MG,2025-10-19,Ativo
2555,Indústria Brasília Engenharia Comércio e Serviços,Belo Horizonte,MG,2023-04-02,Ativo
2556,Tecnologia Nexus Móveis Ltda.,Fortaleza,CE,2024-01-25,Ativo
2557,Corporativa Metropolitana Engenharia S.A.,Porto Velho,RO,2022-05-27,Ativo
2558,Integração Real Tecnologia Comércio e Serviços,São Luís,MA,2024-08-29,Ativo
2559,Comercial Metropolitana Tecnologia Empresarial,Rio Branco,AC,2024-10-02,Ativo
2560,Importadora Imperial Móveis Ltda.,Fortaleza,CE,2022-03-13,Ativo
2561,Negócios Pantanal Tecnologia Empresarial,Niterói,RJ,2022-05-27,Ativo
2562,Corporativa União Suprimentos Ltda.,Rio de Janeiro,RJ,2022-01-12,Ativo
2563,Indústria Progresso Soluções Digitais S.A.,Porto Velho,RO,2022-03-23,Ativo
2564,Distribuidora Capital Materiais Empresarial,Palmas,TO,2024-05-16,Ativo
2565,Logística Buriti Engenharia Empresarial,Goiânia,GO,2026-05-30,Ativo
2566,Companhia Estrela Alimentos Empresarial,Brasília,DF,2024-05-02,Ativo
2567,Serviços Dinâmica Energia Empresarial,Ribeirão Preto,SP,2022-10-05,Inativo
2568,Grupo Integra Sistemas Comércio e Serviços,Palmas,TO,2025-10-28,Ativo
2569,Integração Jatobá Comunicação Empresarial,Campinas,SP,2025-03-22,Ativo
2570,Representações Nova Era Comunicação Empresarial,Vitória,ES,2026-04-05,Ativo
2571,Mercantil Orbe Comércio Empresarial,Palmas,TO,2023-04-27,Ativo
2572,Companhia Vitória Comércio Comércio e Serviços,Boa Vista,RR,2022-06-19,Ativo
2573,Logística Prime Sistemas Comércio e Serviços,Salvador,BA,2022-02-21,Inativo
2574,Representações Avante Comércio Ltda.,Campo Grande,MS,2022-02-05,Ativo
2575,Comercial Excelência Móveis Empresarial,Palmas,TO,2023-07-26,Ativo
2576,Corporativa Jatobá Materiais Ltda.,Porto Velho,RO,2024-12-01,Ativo
2577,Logística Diamante Construção Comércio e Serviços,Porto Velho,RO,2024-02-13,Ativo
2578,Indústria Pacífico Serviços Empresariais Ltda.,Teresina,PI,2026-05-24,Ativo
2579,Representações Atlântica Transportes Empresarial,Vitória,ES,2024-01-19,Ativo
2580,Companhia Conquista Comércio Empresarial,Palmas,TO,2026-03-06,Ativo
2581,Corporativa Pantanal Móveis Ltda.,Maceió,AL,2022-03-10,Ativo
2582,Atacadista Planalto Comunicação Empresarial,Ribeirão Preto,SP,2022-10-29,Ativo
2583,Consultoria Ouro Alimentos Empresarial,Natal,RN,2025-04-19,Ativo
2584,Consultoria Orbe Energia S.A.,Campinas,SP,2023-08-29,Inativo
2585,Grupo Serra Suprimentos S.A.,Cuiabá,MT,2026-06-24,Ativo
2586,Representações Avante Soluções Digitais Ltda.,Cuiabá,MT,2022-04-24,Ativo
2587,Indústria Planalto Serviços Empresariais Comércio e Serviços,Manaus,AM,2023-02-11,Ativo
2588,Corporativa Brasília Construção Ltda.,Macapá,AP,2026-05-18,Ativo
2589,Representações Jatobá Transportes Ltda.,Uberlândia,MG,2025-07-10,Ativo
2590,Representações Litoral Serviços Empresariais Comércio e Serviços,Salvador,BA,2026-03-20,Ativo
2591,Gestão Buriti Transportes S.A.,Rio de Janeiro,RJ,2024-07-26,Ativo
2592,Varejista Ômega Serviços Empresariais Empresarial,Florianópolis,SC,2024-07-13,Ativo
2593,Varejista Planalto Suprimentos Comércio e Serviços,Fortaleza,CE,2023-09-02,Ativo
2594,Negócios Araucária Equipamentos Empresarial,Fortaleza,CE,2026-04-13,Ativo
2595,Gestão Bandeirante Engenharia Comércio e Serviços,Cuiabá,MT,2024-10-02,Ativo
2596,Tecnologia Continental Equipamentos Comércio e Serviços,Belo Horizonte,MG,2024-09-13,Ativo
2597,Grupo Ideal Sistemas Empresarial,Campo Grande,MS,2022-06-13,Ativo
2598,Integração Safira Serviços Empresariais Comércio e Serviços,São Luís,MA,2024-08-19,Ativo
2599,Mercantil Sol Nascente Serviços Empresariais Comércio e Serviços,Florianópolis,SC,2023-07-31,Ativo
2600,Representações Dinâmica Engenharia S.A.,Teresina,PI,2024-07-12,Ativo
2601,Distribuidora Pantanal Soluções Digitais Ltda.,Cuiabá,MT,2025-03-10,Ativo
2602,Atacadista Nacional Transportes S.A.,Belo Horizonte,MG,2024-02-10,Ativo
2603,Logística Planalto Energia Ltda.,Rio Branco,AC,2023-04-11,Ativo
2604,Importadora Delta Construção Empresarial,Ribeirão Preto,SP,2023-04-23,Ativo
2605,Distribuidora Horizonte Alimentos Ltda.,Belo Horizonte,MG,2025-05-03,Ativo
2606,Grupo Vector Alimentos Comércio e Serviços,Porto Alegre,RS,2026-03-13,Ativo
2607,Distribuidora Continental Suprimentos Ltda.,Uberlândia,MG,2026-02-27,Ativo
2608,Importadora Prime Sistemas Empresarial,Boa Vista,RR,2024-06-14,Ativo
2609,Soluções Esperança Soluções Digitais Ltda.,Brasília,DF,2022-12-22,Ativo
2610,Logística Ômega Tecnologia Ltda.,Juiz de Fora,MG,2022-03-03,Ativo
2611,Integração Vector Soluções Digitais Empresarial,Porto Velho,RO,2022-09-30,Ativo
2612,Atacadista Planalto Comunicação Ltda.,Anápolis,GO,2025-02-27,Ativo
2613,Serviços Cedro Móveis Empresarial,Natal,RN,2023-12-23,Ativo
2614,Representações Amazônia Soluções Digitais S.A.,Salvador,BA,2023-03-11,Ativo
2615,Grupo Suprema Alimentos S.A.,Campo Grande,MS,2025-11-10,Ativo
2616,Serviços Sigma Energia S.A.,Florianópolis,SC,2022-09-26,Ativo
2617,Varejista Aroeira Equipamentos Ltda.,São Luís,MA,2026-02-01,Ativo
2618,Mercantil Alvorada Serviços Empresariais Ltda.,Londrina,PR,2022-12-02,Ativo
2619,Indústria Progresso Tecnologia Comércio e Serviços,Teresina,PI,2025-07-04,Inativo
2620,Corporativa Nexus Alimentos S.A.,Feira de Santana,BA,2025-06-14,Inativo
2621,Corporativa Pantanal Materiais S.A.,Ribeirão Preto,SP,2024-07-28,Ativo
2622,Varejista Amazônia Móveis S.A.,Porto Alegre,RS,2026-02-07,Ativo
2623,Distribuidora Cedro Engenharia S.A.,Belo Horizonte,MG,2024-04-01,Ativo
2624,Companhia Planalto Serviços Empresariais Comércio e Serviços,Aracaju,SE,2025-12-15,Ativo
2625,Distribuidora Sigma Energia S.A.,Rio de Janeiro,RJ,2024-04-01,Ativo
2626,Comercial Vale Verde Tecnologia S.A.,São Paulo,SP,2025-07-30,Ativo
2627,Indústria Aroeira Móveis Ltda.,Belém,PA,2022-05-29,Ativo
2628,Importadora Vector Alimentos Empresarial,São Paulo,SP,2022-09-14,Ativo
2629,Atacadista Pioneira Móveis S.A.,Ribeirão Preto,SP,2023-01-25,Ativo
2630,Corporativa Vale Verde Tecnologia Ltda.,Macapá,AP,2022-09-22,Ativo
2631,Tecnologia Primavera Suprimentos S.A.,Rio Branco,AC,2025-09-17,Ativo
2632,Companhia Premium Suprimentos Comércio e Serviços,São Paulo,SP,2022-10-26,Ativo
2633,Indústria Avante Comunicação Empresarial,São Luís,MA,2022-04-18,Ativo
2634,Comercial Master Suprimentos Ltda.,Ribeirão Preto,SP,2022-07-16,Ativo
2635,Logística Cerrado Móveis Empresarial,Maringá,PR,2022-03-20,Ativo
2636,Atacadista Vector Soluções Digitais S.A.,Belém,PA,2025-12-30,Ativo
2637,Logística Bandeirante Tecnologia Empresarial,Vitória,ES,2022-06-05,Ativo
2638,Soluções Essencial Transportes S.A.,Aracaju,SE,2024-10-08,Ativo
2639,Negócios Estrela Móveis S.A.,Cuiabá,MT,2023-11-28,Ativo
2640,Mercantil Monte Azul Comércio Ltda.,Porto Velho,RO,2022-04-27,Ativo
2641,Empreendimentos Vale Verde Alimentos Empresarial,Recife,PE,2023-10-01,Ativo
2642,Corporativa Sol Nascente Engenharia Ltda.,Aracaju,SE,2024-10-25,Ativo
2643,Serviços Fortaleza Tecnologia Ltda.,Teresina,PI,2022-04-16,Ativo
2644,Integração Monte Azul Móveis Empresarial,Porto Velho,RO,2026-01-26,Ativo
2645,Companhia Aroeira Comunicação Ltda.,Uberlândia,MG,2023-07-31,Ativo
2646,Distribuidora Capital Sistemas Ltda.,Macapá,AP,2025-06-18,Ativo
2647,Negócios Diamante Energia Empresarial,Belém,PA,2023-10-05,Ativo
2648,Integração Araucária Soluções Digitais Comércio e Serviços,Salvador,BA,2024-07-02,Ativo
2649,Serviços Master Equipamentos S.A.,Teresina,PI,2023-11-11,Inativo
2650,Atacadista Ápice Suprimentos S.A.,Caxias do Sul,RS,2023-01-03,Ativo
2651,Integração Premium Engenharia S.A.,João Pessoa,PB,2026-03-13,Ativo
2652,Logística Fortaleza Serviços Empresariais S.A.,Aracaju,SE,2026-07-14,Ativo
2653,Gestão Buriti Construção Comércio e Serviços,Recife,PE,2022-08-14,Ativo
2654,Negócios Bandeirante Sistemas S.A.,Londrina,PR,2026-06-04,Ativo
2655,Companhia Serra Serviços Empresariais S.A.,Niterói,RJ,2023-05-01,Ativo
2656,Atacadista Jatobá Materiais Empresarial,Santos,SP,2023-12-15,Ativo
2657,Logística Fortaleza Materiais S.A.,São Luís,MA,2025-05-14,Ativo
2658,Companhia Estrela Serviços Empresariais S.A.,Anápolis,GO,2023-08-26,Ativo
2659,Companhia Cristal Engenharia Comércio e Serviços,Uberlândia,MG,2025-04-09,Ativo
2660,Varejista Prime Materiais Empresarial,Belém,PA,2025-06-24,Ativo
2661,Representações Avante Sistemas Ltda.,Uberlândia,MG,2022-04-03,Ativo
2662,Consultoria Alvorada Transportes Empresarial,Salvador,BA,2026-01-02,Ativo
2663,Tecnologia Pantanal Serviços Empresariais S.A.,Santos,SP,2022-03-08,Ativo
2664,Serviços Atlântica Móveis Ltda.,Macapá,AP,2024-03-01,Ativo
2665,Mercantil Vitória Comércio S.A.,Curitiba,PR,2024-06-02,Ativo
2666,Gestão Continental Engenharia Empresarial,Campinas,SP,2022-03-05,Inativo
2667,Soluções Avante Tecnologia Empresarial,Boa Vista,RR,2025-07-19,Ativo
2668,Logística Imperial Materiais Ltda.,Teresina,PI,2024-11-10,Ativo
2669,Consultoria Master Serviços Empresariais Ltda.,Porto Velho,RO,2024-11-20,Ativo
2670,Atacadista Esperança Construção Comércio e Serviços,Vitória,ES,2025-11-21,Ativo
2671,Gestão Luz Tecnologia Empresarial,Palmas,TO,2024-12-04,Inativo
2672,Indústria Litoral Serviços Empresariais Comércio e Serviços,Rio Branco,AC,2023-07-22,Ativo
2673,Tecnologia Central Tecnologia Ltda.,Rio de Janeiro,RJ,2024-12-01,Ativo
2674,Corporativa Luz Comércio Comércio e Serviços,Brasília,DF,2022-04-26,Ativo
2675,Companhia Cristal Energia S.A.,Goiânia,GO,2026-01-01,Ativo
2676,Empreendimentos Araucária Transportes S.A.,Joinville,SC,2025-09-20,Ativo
2677,Importadora Planalto Comércio Comércio e Serviços,Fortaleza,CE,2023-05-14,Ativo
2678,Negócios Ouro Comunicação Comércio e Serviços,São Paulo,SP,2025-01-21,Ativo
2679,Tecnologia Sigma Alimentos S.A.,Natal,RN,2024-08-31,Ativo
2680,Representações Delta Soluções Digitais Empresarial,Natal,RN,2025-12-23,Ativo
2681,Tecnologia Master Suprimentos Ltda.,São Luís,MA,2022-10-12,Ativo
2682,Mercantil Cerrado Construção Empresarial,Porto Velho,RO,2022-03-05,Ativo
2683,Atacadista Serra Comércio S.A.,Anápolis,GO,2024-06-02,Ativo
2684,Atacadista Pacífico Comunicação Empresarial,Rio de Janeiro,RJ,2023-02-21,Ativo
2685,Representações Monte Azul Comunicação Empresarial,Campinas,SP,2026-04-11,Ativo
2686,Mercantil Estrela Tecnologia Comércio e Serviços,Palmas,TO,2023-06-13,Ativo
2687,Companhia Brasília Tecnologia Ltda.,Brasília,DF,2025-04-02,Ativo
2688,Grupo Ideal Alimentos S.A.,Rio de Janeiro,RJ,2023-12-05,Ativo
2689,Corporativa Integra Materiais Ltda.,Florianópolis,SC,2024-11-17,Inativo
2690,Varejista Cerrado Alimentos Ltda.,Campinas,SP,2025-06-09,Ativo
2691,Indústria Continental Soluções Digitais Empresarial,Florianópolis,SC,2023-06-09,Ativo
2692,Comercial Araucária Alimentos Empresarial,São Paulo,SP,2023-12-30,Ativo
2693,Gestão Central Serviços Empresariais S.A.,Goiânia,GO,2023-06-07,Ativo
2694,Logística Pantanal Suprimentos Empresarial,Rio de Janeiro,RJ,2023-11-07,Ativo
2695,Importadora Aroeira Suprimentos S.A.,Campinas,SP,2022-10-30,Ativo
2696,Tecnologia Sigma Suprimentos S.A.,Santos,SP,2026-04-06,Ativo
2697,Empreendimentos Nova Era Sistemas Ltda.,Teresina,PI,2025-09-09,Inativo
2698,Grupo União Construção Comércio e Serviços,Ribeirão Preto,SP,2025-04-06,Ativo
2699,Empreendimentos Cristal Móveis Empresarial,Fortaleza,CE,2026-07-14,Ativo
2700,Grupo Amazônia Serviços Empresariais S.A.,Fortaleza,CE,2025-03-01,Ativo
2701,Companhia Planalto Serviços Empresariais S.A.,Palmas,TO,2023-03-11,Ativo
2702,Distribuidora Sigma Móveis Ltda.,Teresina,PI,2024-01-06,Ativo
2703,Corporativa Planalto Suprimentos S.A.,Natal,RN,2025-12-09,Ativo
2704,Indústria Sol Nascente Equipamentos Empresarial,Goiânia,GO,2026-01-05,Ativo
2705,Tecnologia Planalto Construção Empresarial,Uberlândia,MG,2022-11-10,Ativo
2706,Atacadista Integra Suprimentos Empresarial,Brasília,DF,2023-11-12,Ativo
2707,Representações Evolução Comércio Empresarial,Maceió,AL,2022-07-16,Ativo
2708,Consultoria Evolução Alimentos Ltda.,Aracaju,SE,2024-07-04,Ativo
2709,Importadora Conecta Energia Comércio e Serviços,Belo Horizonte,MG,2026-03-04,Ativo
2710,Corporativa Dinâmica Energia Empresarial,São Luís,MA,2025-01-11,Ativo
2711,Serviços Esperança Suprimentos Empresarial,João Pessoa,PB,2025-01-23,Ativo
2712,Indústria Delta Suprimentos Comércio e Serviços,Manaus,AM,2023-08-07,Ativo
2713,Tecnologia Master Comunicação S.A.,Juiz de Fora,MG,2026-04-02,Ativo
2714,Mercantil Capital Soluções Digitais S.A.,Maceió,AL,2024-05-04,Ativo
2715,Grupo Veredas Engenharia Comércio e Serviços,Porto Alegre,RS,2025-05-01,Ativo
2716,Distribuidora Pantanal Alimentos Empresarial,Macapá,AP,2023-12-18,Ativo
2717,Integração Integra Sistemas Ltda.,Florianópolis,SC,2023-02-20,Inativo
2718,Serviços Pacífico Energia Comércio e Serviços,Juiz de Fora,MG,2022-11-21,Ativo
2719,Mercantil Suprema Equipamentos Comércio e Serviços,Boa Vista,RR,2024-06-21,Ativo
2720,Empreendimentos Essencial Suprimentos Ltda.,Manaus,AM,2022-08-07,Ativo
2721,Empreendimentos Ideal Energia Comércio e Serviços,Porto Alegre,RS,2023-09-09,Ativo
2722,Mercantil Dinâmica Comunicação Comércio e Serviços,Santos,SP,2023-06-13,Ativo
2723,Grupo Atlântica Transportes Empresarial,Joinville,SC,2023-07-31,Ativo
2724,Varejista Estrela Alimentos Comércio e Serviços,Joinville,SC,2022-01-20,Ativo
2725,Soluções Premium Suprimentos Comércio e Serviços,Juiz de Fora,MG,2024-03-12,Inativo
2726,Integração Ideal Soluções Digitais S.A.,São Luís,MA,2026-03-14,Ativo
2727,Integração Vanguarda Sistemas Empresarial,Boa Vista,RR,2024-11-12,Ativo
2728,Gestão Evolução Comércio Empresarial,Fortaleza,CE,2023-09-03,Ativo
2729,Atacadista Esperança Transportes Empresarial,Goiânia,GO,2023-11-21,Ativo
2730,Importadora Ômega Tecnologia Comércio e Serviços,Florianópolis,SC,2025-10-08,Ativo
2731,Integração Fortaleza Equipamentos S.A.,Londrina,PR,2024-01-11,Ativo
2732,Gestão Integra Comunicação S.A.,Anápolis,GO,2023-02-05,Ativo
2733,Tecnologia Premium Energia Ltda.,Juiz de Fora,MG,2022-01-12,Ativo
2734,Gestão Litoral Energia S.A.,Santos,SP,2022-03-16,Ativo
2735,Tecnologia Premium Transportes Ltda.,Ribeirão Preto,SP,2023-10-24,Ativo
2736,Atacadista Progresso Materiais Ltda.,Santos,SP,2024-02-01,Ativo
2737,Integração Premium Móveis Comércio e Serviços,Anápolis,GO,2023-01-14,Ativo
2738,Corporativa Monte Azul Engenharia S.A.,Belém,PA,2023-03-21,Ativo
2739,Gestão Central Energia S.A.,Natal,RN,2026-07-22,Ativo
2740,Corporativa Evolução Móveis Empresarial,Natal,RN,2026-05-11,Ativo
2741,Logística Ápice Serviços Empresariais Empresarial,Niterói,RJ,2023-07-11,Ativo
2742,Tecnologia Ipê Comércio S.A.,Macapá,AP,2023-12-29,Ativo
2743,Empreendimentos Vanguarda Transportes Empresarial,Belém,PA,2025-01-24,Ativo
2744,Soluções Ipê Comunicação Ltda.,Porto Velho,RO,2025-01-10,Ativo
2745,Representações Progresso Materiais Empresarial,Belo Horizonte,MG,2022-07-26,Ativo
2746,Corporativa Continental Engenharia Comércio e Serviços,Salvador,BA,2024-11-10,Ativo
2747,Corporativa Nacional Soluções Digitais S.A.,São Luís,MA,2026-07-21,Ativo
2748,Empreendimentos Luz Construção Comércio e Serviços,Niterói,RJ,2023-07-12,Ativo
2749,Atacadista Monte Azul Equipamentos Empresarial,Macapá,AP,2026-07-02,Ativo
2750,Empreendimentos Continental Alimentos Comércio e Serviços,Londrina,PR,2025-02-02,Ativo
2751,Gestão Ouro Materiais Ltda.,Rio Branco,AC,2025-07-17,Ativo
2752,Corporativa Pantanal Materiais Ltda.,Niterói,RJ,2024-01-29,Ativo
2753,Serviços Nexus Comércio Comércio e Serviços,Campinas,SP,2022-03-26,Ativo
2754,Negócios Alvorada Soluções Digitais S.A.,Campinas,SP,2026-04-22,Ativo
2755,Atacadista Orbe Engenharia Empresarial,Anápolis,GO,2022-10-20,Ativo
2756,Integração Ideal Alimentos Comércio e Serviços,Joinville,SC,2025-12-05,Ativo
2757,Mercantil Metropolitana Sistemas S.A.,Palmas,TO,2026-05-06,Ativo
2758,Serviços Aroeira Tecnologia Ltda.,Goiânia,GO,2022-11-08,Ativo
2759,Representações Continental Tecnologia S.A.,Goiânia,GO,2022-02-07,Ativo
2760,Serviços Integra Comércio Ltda.,Maceió,AL,2026-03-04,Ativo
2761,Corporativa Liberdade Materiais Comércio e Serviços,Campo Grande,MS,2024-10-12,Ativo
2762,Comercial Monte Azul Sistemas Comércio e Serviços,Rio Branco,AC,2025-07-17,Ativo
2763,Consultoria Regional Suprimentos Ltda.,Porto Velho,RO,2026-03-01,Ativo
2764,Importadora Fortaleza Móveis S.A.,Maringá,PR,2025-03-17,Ativo
2765,Soluções Cristal Materiais Ltda.,Porto Alegre,RS,2024-06-21,Ativo
2766,Mercantil Amazônia Comunicação Empresarial,Teresina,PI,2022-03-01,Ativo
2767,Indústria União Comunicação Comércio e Serviços,Curitiba,PR,2022-08-02,Ativo
2768,Comercial Ômega Tecnologia S.A.,Recife,PE,2022-09-02,Ativo
2769,Distribuidora Master Equipamentos Ltda.,Recife,PE,2022-01-01,Ativo
2770,Negócios Confiança Engenharia S.A.,Boa Vista,RR,2023-11-01,Ativo
2771,Integração Suprema Soluções Digitais Ltda.,Teresina,PI,2025-07-09,Ativo
2772,Integração Sol Nascente Suprimentos S.A.,Brasília,DF,2024-05-20,Ativo
2773,Representações Premium Suprimentos Comércio e Serviços,Niterói,RJ,2024-05-06,Ativo
2774,Grupo Vector Comunicação Ltda.,Florianópolis,SC,2022-11-09,Ativo
2775,Atacadista Diamante Transportes Comércio e Serviços,Campo Grande,MS,2023-07-25,Ativo
2776,Varejista Diamante Móveis Ltda.,Fortaleza,CE,2026-07-06,Ativo
2777,Companhia Pantanal Móveis Comércio e Serviços,Belém,PA,2026-07-27,Ativo
2778,Distribuidora Confiança Transportes Empresarial,Caxias do Sul,RS,2024-07-21,Ativo
2779,Soluções Cerrado Equipamentos S.A.,Campinas,SP,2025-07-18,Inativo
2780,Distribuidora Conquista Soluções Digitais S.A.,Ribeirão Preto,SP,2024-07-06,Ativo
2781,Serviços Araucária Materiais Ltda.,Fortaleza,CE,2025-06-12,Ativo
2782,Negócios Litoral Engenharia S.A.,Salvador,BA,2024-05-15,Ativo
2783,Mercantil Fortaleza Equipamentos Comércio e Serviços,João Pessoa,PB,2024-07-24,Ativo
2784,Negócios Real Serviços Empresariais Comércio e Serviços,Santos,SP,2022-05-21,Ativo
2785,Comercial Sol Nascente Engenharia S.A.,Londrina,PR,2023-02-28,Ativo
2786,Distribuidora Araucária Transportes Ltda.,Porto Alegre,RS,2025-06-23,Ativo
2787,Varejista Bandeirante Alimentos Ltda.,Anápolis,GO,2023-02-14,Ativo
2788,Tecnologia Pioneira Alimentos Empresarial,Cuiabá,MT,2024-08-23,Ativo
2789,Serviços Prime Alimentos Ltda.,Juiz de Fora,MG,2023-04-02,Ativo
2790,Serviços Atlântica Energia Ltda.,Santos,SP,2025-09-06,Ativo
2791,Serviços Continental Comércio S.A.,Curitiba,PR,2026-06-15,Inativo
2792,Empreendimentos Dinâmica Construção S.A.,Manaus,AM,2025-06-01,Ativo
2793,Indústria Horizonte Materiais Ltda.,Palmas,TO,2025-10-06,Ativo
2794,Importadora Ômega Tecnologia Empresarial,Vitória,ES,2023-08-05,Ativo
2795,Importadora Sinergia Soluções Digitais Empresarial,Londrina,PR,2025-10-21,Ativo
2796,Representações Global Comunicação Empresarial,Caxias do Sul,RS,2025-12-01,Ativo
2797,Gestão Imperial Soluções Digitais Ltda.,Boa Vista,RR,2023-03-17,Ativo
2798,Consultoria Pacífico Sistemas Ltda.,Belém,PA,2023-10-02,Ativo
2799,Tecnologia Vale Verde Comércio Empresarial,Recife,PE,2022-01-02,Ativo
2800,Atacadista Cerrado Equipamentos Comércio e Serviços,São Paulo,SP,2024-05-22,Ativo
2801,Atacadista Araucária Suprimentos Empresarial,Brasília,DF,2025-10-05,Ativo
2802,Indústria Imperial Serviços Empresariais S.A.,Cuiabá,MT,2022-11-24,Ativo
2803,Indústria Conquista Construção Comércio e Serviços,Manaus,AM,2022-12-11,Ativo
2804,Companhia Primavera Construção Empresarial,Campinas,SP,2022-10-24,Ativo
2805,Importadora Fortaleza Serviços Empresariais Ltda.,Curitiba,PR,2024-09-20,Ativo
2806,Comercial Prime Construção Empresarial,Juiz de Fora,MG,2023-12-16,Ativo
2807,Representações Amazônia Equipamentos Ltda.,Joinville,SC,2022-04-30,Ativo
2808,Logística Estrela Tecnologia S.A.,Teresina,PI,2025-04-06,Ativo
2809,Grupo Excelência Tecnologia S.A.,Londrina,PR,2025-01-27,Ativo
2810,Negócios Essencial Soluções Digitais S.A.,Porto Velho,RO,2022-10-26,Ativo
2811,Consultoria Ipê Comércio Empresarial,Feira de Santana,BA,2025-08-04,Ativo
2812,Grupo Dinâmica Soluções Digitais Comércio e Serviços,São Paulo,SP,2025-02-19,Ativo
2813,Varejista Aroeira Materiais Comércio e Serviços,Ribeirão Preto,SP,2022-04-29,Ativo
2814,Integração Global Alimentos Comércio e Serviços,Manaus,AM,2025-10-20,Ativo
2815,Distribuidora Pantanal Comunicação S.A.,Campo Grande,MS,2025-03-19,Ativo
2816,Atacadista Alvorada Suprimentos Comércio e Serviços,Campinas,SP,2025-02-16,Ativo
2817,Gestão Ápice Equipamentos Comércio e Serviços,Natal,RN,2024-03-16,Ativo
2818,Importadora Pioneira Comunicação Comércio e Serviços,Fortaleza,CE,2022-06-04,Ativo
2819,Representações Suprema Serviços Empresariais S.A.,Natal,RN,2023-02-15,Ativo
2820,Consultoria Amazônia Tecnologia S.A.,Juiz de Fora,MG,2026-07-20,Ativo
2821,Gestão Araucária Materiais Empresarial,Curitiba,PR,2024-05-29,Ativo
2822,Integração Conquista Transportes Comércio e Serviços,Juiz de Fora,MG,2025-05-05,Ativo
2823,Logística Confiança Construção Empresarial,Rio Branco,AC,2025-03-05,Ativo
2824,Corporativa Fortaleza Tecnologia S.A.,Natal,RN,2026-04-08,Ativo
2825,Atacadista Vitória Transportes Ltda.,Niterói,RJ,2024-05-21,Ativo
2826,Importadora Amazônia Serviços Empresariais Empresarial,Brasília,DF,2025-01-24,Ativo
2827,Distribuidora Orbe Engenharia Empresarial,Ribeirão Preto,SP,2023-01-02,Ativo
2828,Atacadista Global Equipamentos Empresarial,Juiz de Fora,MG,2023-04-21,Ativo
2829,Distribuidora Vitória Comércio Comércio e Serviços,Aracaju,SE,2025-05-11,Ativo
2830,Integração Premium Engenharia Ltda.,Manaus,AM,2023-03-18,Ativo
2831,Corporativa Fortaleza Suprimentos Ltda.,Boa Vista,RR,2024-08-25,Ativo
2832,Indústria Conecta Equipamentos Empresarial,Campinas,SP,2022-02-10,Ativo
2833,Mercantil Planalto Materiais Ltda.,Manaus,AM,2024-10-22,Ativo
2834,Indústria Pioneira Materiais S.A.,Curitiba,PR,2025-10-29,Ativo
2835,Atacadista Bandeirante Materiais Empresarial,Brasília,DF,2023-07-03,Ativo
2836,Consultoria Premium Serviços Empresariais Comércio e Serviços,Porto Velho,RO,2023-05-15,Ativo
2837,Empreendimentos Pantanal Transportes Ltda.,Curitiba,PR,2023-01-23,Ativo
2838,Representações Essencial Móveis S.A.,Aracaju,SE,2025-12-02,Ativo
2839,Comercial Ápice Engenharia S.A.,Juiz de Fora,MG,2023-07-10,Ativo
2840,Integração Nexus Soluções Digitais S.A.,Salvador,BA,2026-03-03,Ativo
2841,Logística Capital Serviços Empresariais Ltda.,João Pessoa,PB,2025-05-09,Ativo
2842,Representações Buriti Soluções Digitais Empresarial,Anápolis,GO,2023-02-20,Ativo
2843,Distribuidora Continental Serviços Empresariais Ltda.,Recife,PE,2025-07-03,Ativo
2844,Corporativa Premium Tecnologia Ltda.,Rio de Janeiro,RJ,2025-01-14,Ativo
2845,Comercial Amazônia Construção S.A.,Recife,PE,2024-07-30,Ativo
2846,Soluções Confiança Equipamentos S.A.,Rio Branco,AC,2025-04-28,Ativo
2847,Corporativa Araucária Comércio Empresarial,Recife,PE,2024-07-18,Ativo
2848,Serviços Ouro Comércio Empresarial,Manaus,AM,2022-08-20,Ativo
2849,Grupo Veredas Soluções Digitais S.A.,Rio Branco,AC,2023-07-19,Ativo
2850,Grupo Sinergia Comunicação Ltda.,Porto Alegre,RS,2023-05-16,Ativo
2851,Varejista Safira Soluções Digitais Ltda.,Anápolis,GO,2026-06-09,Ativo
2852,Indústria União Transportes Ltda.,João Pessoa,PB,2025-11-18,Ativo
2853,Representações Jatobá Sistemas Empresarial,Fortaleza,CE,2024-12-11,Ativo
2854,Grupo Avante Móveis Ltda.,São Luís,MA,2024-12-07,Ativo
2855,Representações Sinergia Construção Comércio e Serviços,Manaus,AM,2025-07-09,Ativo
2856,Comercial Vanguarda Engenharia S.A.,São Luís,MA,2026-02-13,Ativo
2857,Importadora Sinergia Tecnologia Empresarial,Teresina,PI,2024-07-04,Ativo
2858,Empreendimentos Continental Materiais Empresarial,Recife,PE,2024-12-22,Inativo
2859,Soluções Alvorada Comércio S.A.,Ribeirão Preto,SP,2025-09-05,Ativo
2860,Soluções Horizonte Móveis Ltda.,Feira de Santana,BA,2024-09-12,Ativo
2861,Atacadista Horizonte Soluções Digitais Ltda.,Palmas,TO,2022-08-04,Ativo
2862,Gestão Alvorada Comércio Empresarial,Boa Vista,RR,2026-02-21,Ativo
2863,Representações Global Construção Empresarial,Rio de Janeiro,RJ,2022-01-19,Ativo
2864,Comercial Safira Energia Comércio e Serviços,Palmas,TO,2025-03-08,Ativo
2865,Negócios Premium Equipamentos Comércio e Serviços,Feira de Santana,BA,2023-07-10,Ativo
2866,Distribuidora Pioneira Soluções Digitais Ltda.,Londrina,PR,2025-06-08,Ativo
2867,Representações Estrela Equipamentos Ltda.,Anápolis,GO,2023-07-24,Ativo
2868,Corporativa Ouro Suprimentos Comércio e Serviços,João Pessoa,PB,2025-07-29,Inativo
2869,Corporativa Ouro Serviços Empresariais S.A.,Manaus,AM,2026-01-30,Ativo
2870,Tecnologia Premium Comunicação S.A.,Brasília,DF,2023-07-16,Ativo
2871,Empreendimentos Fortaleza Equipamentos Comércio e Serviços,Natal,RN,2024-08-24,Ativo
2872,Soluções Sigma Materiais Ltda.,Joinville,SC,2026-06-11,Ativo
2873,Empreendimentos Conquista Energia S.A.,São Paulo,SP,2023-12-25,Ativo
2874,Serviços Fortaleza Soluções Digitais Empresarial,Belém,PA,2025-09-29,Ativo
2875,Empreendimentos Veredas Serviços Empresariais Ltda.,João Pessoa,PB,2023-08-16,Inativo
2876,Gestão Real Soluções Digitais S.A.,Santos,SP,2025-11-07,Ativo
2877,Comercial Evolução Transportes Comércio e Serviços,João Pessoa,PB,2024-09-22,Ativo
2878,Comercial Araucária Engenharia S.A.,Niterói,RJ,2025-05-25,Ativo
2879,Distribuidora Evolução Alimentos S.A.,São Luís,MA,2026-02-04,Ativo
2880,Negócios Nacional Construção S.A.,São Luís,MA,2026-05-07,Ativo
2881,Representações Pioneira Alimentos Comércio e Serviços,Belo Horizonte,MG,2022-12-02,Ativo
2882,Companhia Vanguarda Sistemas Empresarial,Fortaleza,CE,2026-06-06,Inativo
2883,Indústria Cristal Sistemas Ltda.,Belém,PA,2024-07-09,Ativo
2884,Grupo Jatobá Soluções Digitais Comércio e Serviços,Joinville,SC,2023-02-23,Ativo
2885,Mercantil Cedro Móveis Comércio e Serviços,São Paulo,SP,2024-02-04,Ativo
2886,Varejista Buriti Alimentos Ltda.,Salvador,BA,2026-02-16,Inativo
2887,Serviços Vale Verde Sistemas Empresarial,Rio Branco,AC,2022-08-18,Ativo
2888,Importadora Central Energia Ltda.,Feira de Santana,BA,2022-02-21,Ativo
2889,Mercantil Nexus Energia S.A.,Porto Velho,RO,2023-07-20,Ativo
2890,Consultoria Nacional Transportes Ltda.,Juiz de Fora,MG,2024-02-27,Ativo
2891,Comercial Dinâmica Engenharia S.A.,Ribeirão Preto,SP,2022-08-13,Ativo
2892,Logística Primavera Equipamentos Ltda.,Anápolis,GO,2023-03-23,Ativo
2893,Mercantil Pantanal Suprimentos Comércio e Serviços,Cuiabá,MT,2025-02-21,Ativo
2894,Corporativa Diamante Soluções Digitais Empresarial,Londrina,PR,2022-02-21,Ativo
2895,Negócios Suprema Soluções Digitais Empresarial,Fortaleza,CE,2022-07-18,Ativo
2896,Importadora Veredas Suprimentos Ltda.,São Paulo,SP,2024-11-09,Ativo
2897,Negócios Vanguarda Móveis Comércio e Serviços,Belo Horizonte,MG,2026-02-19,Ativo
2898,Empreendimentos Regional Soluções Digitais Comércio e Serviços,Natal,RN,2024-07-03,Ativo
2899,Companhia Primavera Transportes Ltda.,Anápolis,GO,2024-04-10,Inativo
2900,Consultoria Vanguarda Suprimentos S.A.,Maceió,AL,2024-09-03,Ativo
2901,Integração Horizonte Suprimentos S.A.,Campo Grande,MS,2022-08-19,Ativo
2902,Importadora Vanguarda Sistemas Empresarial,Belém,PA,2022-09-16,Ativo
2903,Corporativa Planalto Sistemas Empresarial,Niterói,RJ,2026-03-20,Ativo
2904,Consultoria Alvorada Engenharia Comércio e Serviços,Goiânia,GO,2024-01-28,Ativo
2905,Distribuidora Nova Era Engenharia Ltda.,Macapá,AP,2025-09-25,Ativo
2906,Soluções Capital Móveis Empresarial,Rio Branco,AC,2022-08-02,Ativo
2907,Representações Ouro Equipamentos Comércio e Serviços,Salvador,BA,2025-12-31,Ativo
2908,Grupo Global Construção Comércio e Serviços,Caxias do Sul,RS,2023-02-13,Ativo
2909,Grupo Alvorada Engenharia Empresarial,Maceió,AL,2022-10-24,Ativo
2910,Mercantil Confiança Soluções Digitais Empresarial,São Luís,MA,2026-05-27,Ativo
2911,Empreendimentos Amazônia Suprimentos Empresarial,Brasília,DF,2022-07-23,Ativo
2912,Negócios Luz Alimentos Ltda.,Goiânia,GO,2024-08-27,Ativo
2913,Negócios Litoral Alimentos Empresarial,João Pessoa,PB,2025-11-24,Ativo
2914,Atacadista Nacional Sistemas Comércio e Serviços,Fortaleza,CE,2025-09-13,Ativo
2915,Importadora Suprema Sistemas Empresarial,Rio de Janeiro,RJ,2022-11-04,Ativo
2916,Empreendimentos Essencial Materiais S.A.,Porto Velho,RO,2023-10-31,Ativo
2917,Logística Safira Materiais Empresarial,Maringá,PR,2026-01-08,Ativo
2918,Integração Imperial Tecnologia S.A.,Anápolis,GO,2023-01-16,Inativo
2919,Negócios Cerrado Comunicação Empresarial,São Luís,MA,2022-06-17,Ativo
2920,Negócios Ápice Energia Comércio e Serviços,Londrina,PR,2022-12-12,Ativo
2921,Consultoria Regional Alimentos Ltda.,Rio de Janeiro,RJ,2024-03-20,Ativo
2922,Consultoria Serra Energia Comércio e Serviços,Anápolis,GO,2022-08-15,Ativo
2923,Tecnologia Brasília Construção Comércio e Serviços,Recife,PE,2025-07-22,Ativo
2924,Atacadista Liberdade Suprimentos Empresarial,Goiânia,GO,2024-09-02,Ativo
2925,Grupo Essencial Comércio Empresarial,Ribeirão Preto,SP,2025-12-23,Ativo
2926,Integração Pioneira Engenharia S.A.,Florianópolis,SC,2026-07-03,Ativo
2927,Indústria Pacífico Materiais S.A.,São Paulo,SP,2024-05-20,Ativo
2928,Companhia Premium Sistemas Comércio e Serviços,Anápolis,GO,2025-06-21,Ativo
2929,Distribuidora Integra Energia S.A.,Boa Vista,RR,2022-01-20,Ativo
2930,Distribuidora Buriti Serviços Empresariais Comércio e Serviços,Caxias do Sul,RS,2025-08-25,Ativo
2931,Empreendimentos Vitória Serviços Empresariais S.A.,Manaus,AM,2026-04-23,Ativo
2932,Corporativa Conecta Energia Empresarial,Porto Alegre,RS,2024-07-08,Ativo
2933,Mercantil Suprema Construção Empresarial,Porto Velho,RO,2024-03-09,Ativo
2934,Consultoria Luz Transportes Ltda.,Vitória,ES,2022-03-09,Ativo
2935,Logística Monte Azul Construção Empresarial,Teresina,PI,2023-10-13,Ativo
2936,Negócios Veredas Sistemas S.A.,São Paulo,SP,2024-01-24,Ativo
2937,Indústria Estrela Tecnologia S.A.,Salvador,BA,2023-09-19,Ativo
2938,Representações Premium Soluções Digitais Empresarial,Belo Horizonte,MG,2024-11-01,Ativo
2939,Comercial Pantanal Engenharia S.A.,Macapá,AP,2023-04-03,Ativo
2940,Comercial Sigma Comércio Ltda.,Caxias do Sul,RS,2025-11-17,Ativo
2941,Negócios Vale Verde Engenharia S.A.,Maceió,AL,2023-12-01,Inativo
2942,Atacadista Vector Equipamentos S.A.,Boa Vista,RR,2024-08-10,Ativo
2943,Gestão Vanguarda Energia Ltda.,Vitória,ES,2024-12-17,Ativo
2944,Serviços Aroeira Soluções Digitais Comércio e Serviços,Londrina,PR,2024-11-11,Ativo
2945,Corporativa Pantanal Alimentos Empresarial,Curitiba,PR,2022-05-03,Ativo
2946,Serviços Essencial Serviços Empresariais Comércio e Serviços,Porto Velho,RO,2025-09-23,Ativo
2947,Comercial Esperança Sistemas Comércio e Serviços,João Pessoa,PB,2022-09-17,Ativo
2948,Soluções Regional Soluções Digitais Comércio e Serviços,Campinas,SP,2025-06-02,Ativo
2949,Grupo Vector Comércio Comércio e Serviços,Maringá,PR,2024-02-02,Ativo
2950,Representações Conecta Soluções Digitais Empresarial,Natal,RN,2023-03-11,Ativo
2951,Logística Ápice Materiais Comércio e Serviços,Porto Velho,RO,2024-01-07,Ativo
2952,Indústria Sol Nascente Energia Comércio e Serviços,Juiz de Fora,MG,2024-11-08,Ativo
2953,Companhia Vale Verde Comércio Empresarial,Maringá,PR,2026-05-14,Ativo
2954,Gestão Regional Energia Ltda.,Uberlândia,MG,2022-06-21,Ativo
2955,Serviços Excelência Comércio Empresarial,Porto Alegre,RS,2023-05-20,Ativo
2956,Corporativa Serra Sistemas Empresarial,Belém,PA,2025-09-14,Ativo
2957,Integração Sinergia Serviços Empresariais S.A.,Uberlândia,MG,2023-09-26,Ativo
2958,Negócios Fortaleza Serviços Empresariais S.A.,Salvador,BA,2025-07-20,Ativo
2959,Tecnologia Global Comunicação S.A.,Belo Horizonte,MG,2022-05-26,Inativo
2960,Indústria Suprema Construção S.A.,Rio Branco,AC,2025-07-25,Ativo
2961,Atacadista Prime Equipamentos Ltda.,Juiz de Fora,MG,2022-11-27,Ativo
2962,Comercial Cerrado Serviços Empresariais Comércio e Serviços,Manaus,AM,2026-01-12,Ativo
2963,Negócios Planalto Sistemas Empresarial,Belo Horizonte,MG,2024-04-10,Ativo
2964,Empreendimentos Regional Engenharia S.A.,Belém,PA,2023-04-18,Ativo
2965,Negócios Amazônia Materiais S.A.,Goiânia,GO,2022-08-13,Ativo
2966,Indústria Vector Sistemas Ltda.,Aracaju,SE,2023-06-15,Ativo
2967,Corporativa Litoral Construção Empresarial,Rio de Janeiro,RJ,2026-05-18,Ativo
2968,Companhia Delta Soluções Digitais Empresarial,Ribeirão Preto,SP,2026-02-01,Ativo
2969,Empreendimentos Delta Construção Comércio e Serviços,Manaus,AM,2026-05-19,Ativo
2970,Companhia Vanguarda Materiais Comércio e Serviços,João Pessoa,PB,2023-09-18,Ativo
2971,Comercial Ápice Sistemas S.A.,Florianópolis,SC,2023-05-24,Ativo
2972,Consultoria Delta Serviços Empresariais S.A.,Rio Branco,AC,2022-10-07,Ativo
2973,Negócios Vector Construção S.A.,João Pessoa,PB,2023-03-08,Ativo
2974,Empreendimentos Integra Engenharia Comércio e Serviços,Feira de Santana,BA,2024-05-11,Ativo
2975,Grupo Nacional Engenharia Comércio e Serviços,Teresina,PI,2025-03-01,Ativo
2976,Indústria Dinâmica Móveis Comércio e Serviços,Brasília,DF,2022-05-17,Ativo
2977,Empreendimentos Vector Energia S.A.,Juiz de Fora,MG,2023-03-13,Ativo
2978,Negócios Ipê Construção Ltda.,Londrina,PR,2025-09-28,Ativo
2979,Grupo Atlântica Serviços Empresariais Ltda.,Niterói,RJ,2024-05-11,Ativo
2980,Tecnologia Pioneira Equipamentos Empresarial,São Paulo,SP,2026-01-09,Ativo
2981,Varejista Planalto Tecnologia Ltda.,Porto Alegre,RS,2022-03-14,Ativo
2982,Negócios Horizonte Equipamentos S.A.,Teresina,PI,2022-07-02,Ativo
2983,Mercantil Esperança Comunicação Comércio e Serviços,Ribeirão Preto,SP,2023-07-08,Ativo
2984,Negócios Ideal Materiais Empresarial,Curitiba,PR,2023-04-12,Ativo
2985,Empreendimentos Araucária Tecnologia Ltda.,Rio Branco,AC,2022-10-30,Ativo
2986,Empreendimentos Ápice Materiais Ltda.,Goiânia,GO,2024-08-23,Ativo
2987,Logística Vanguarda Sistemas Ltda.,Manaus,AM,2023-11-08,Ativo
2988,Serviços Confiança Engenharia Comércio e Serviços,Manaus,AM,2024-12-20,Ativo
2989,Consultoria Essencial Serviços Empresariais Comércio e Serviços,São Paulo,SP,2025-01-12,Ativo
2990,Serviços Veredas Energia Ltda.,Florianópolis,SC,2025-12-24,Ativo
2991,Indústria Integra Materiais Ltda.,Rio Branco,AC,2025-01-07,Ativo
2992,Atacadista Prime Materiais S.A.,Feira de Santana,BA,2022-03-07,Ativo
2993,Consultoria Orbe Suprimentos Ltda.,Belém,PA,2022-05-06,Ativo
2994,Consultoria Central Energia S.A.,Campo Grande,MS,2022-02-20,Ativo
2995,Tecnologia Araucária Móveis Ltda.,Cuiabá,MT,2025-05-14,Ativo
2996,Empreendimentos Conecta Comunicação Ltda.,Aracaju,SE,2025-06-20,Ativo
2997,Varejista Vanguarda Sistemas Comércio e Serviços,Feira de Santana,BA,2023-09-07,Ativo
2998,Empreendimentos Vale Verde Comunicação Empresarial,Salvador,BA,2024-09-11,Inativo
2999,Logística Conquista Móveis S.A.,Brasília,DF,2024-05-08,Ativo
3000,Corporativa Conecta Comunicação Empresarial,Cuiabá,MT,2026-01-29,Ativo
3001,Gestão Global Equipamentos Empresarial,Anápolis,GO,2025-10-09,Ativo
3002,Serviços Cedro Alimentos Ltda.,Campo Grande,MS,2024-06-18,Ativo
3003,Consultoria Vanguarda Construção Comércio e Serviços,Recife,PE,2025-01-05,Inativo
3004,Tecnologia Capital Materiais Ltda.,Goiânia,GO,2025-07-07,Ativo
3005,Comercial Excelência Equipamentos Empresarial,Salvador,BA,2024-10-20,Ativo
3006,Consultoria Alvorada Serviços Empresariais S.A.,São Paulo,SP,2022-02-10,Ativo
3007,Integração Evolução Transportes Comércio e Serviços,Vitória,ES,2024-07-13,Ativo
3008,Indústria Nacional Serviços Empresariais Comércio e Serviços,Natal,RN,2023-08-17,Ativo
3009,Comercial União Alimentos Comércio e Serviços,Belém,PA,2024-07-15,Ativo
3010,Serviços Liberdade Serviços Empresariais Comércio e Serviços,Cuiabá,MT,2025-09-14,Ativo
3011,Indústria Conquista Construção Empresarial,Campo Grande,MS,2024-01-31,Ativo
3012,Tecnologia Vale Verde Construção Comércio e Serviços,Belém,PA,2023-11-04,Ativo
3013,Representações Araucária Sistemas S.A.,Londrina,PR,2022-12-21,Ativo
3014,Empreendimentos Essencial Comunicação Empresarial,Aracaju,SE,2025-10-17,Inativo
3015,Comercial Conquista Materiais Empresarial,São Luís,MA,2022-03-30,Ativo
3016,Gestão Delta Construção Comércio e Serviços,Macapá,AP,2024-05-23,Ativo
3017,Tecnologia Vanguarda Sistemas Empresarial,Palmas,TO,2024-06-05,Ativo
3018,Mercantil Monte Azul Transportes Comércio e Serviços,Goiânia,GO,2024-09-03,Ativo
3019,Corporativa Cerrado Tecnologia S.A.,Londrina,PR,2026-03-17,Ativo
3020,Corporativa Liberdade Sistemas Ltda.,Vitória,ES,2024-11-07,Ativo
3021,Tecnologia Capital Energia Comércio e Serviços,Santos,SP,2025-07-16,Ativo
3022,Atacadista Premium Suprimentos S.A.,Boa Vista,RR,2026-05-10,Ativo
3023,Consultoria Progresso Transportes S.A.,Rio de Janeiro,RJ,2026-05-13,Inativo
3024,Distribuidora Avante Alimentos Ltda.,Anápolis,GO,2024-06-16,Ativo
3025,Corporativa Sigma Comércio Ltda.,Rio Branco,AC,2026-01-03,Ativo
3026,Distribuidora Horizonte Móveis Ltda.,São Luís,MA,2023-12-11,Ativo
3027,Consultoria Essencial Sistemas Comércio e Serviços,Recife,PE,2024-11-07,Ativo
3028,Indústria Veredas Materiais S.A.,Campo Grande,MS,2025-07-05,Ativo
3029,Soluções Planalto Construção S.A.,Vitória,ES,2022-07-25,Ativo
3030,Mercantil Aroeira Móveis S.A.,Cuiabá,MT,2023-07-02,Ativo
3031,Logística Buriti Energia Comércio e Serviços,Rio de Janeiro,RJ,2022-03-19,Ativo
3032,Corporativa Referência Comunicação Empresarial,Aracaju,SE,2023-10-30,Ativo
3033,Tecnologia Prime Suprimentos Ltda.,Uberlândia,MG,2025-07-05,Ativo
3034,Corporativa Imperial Suprimentos S.A.,Maceió,AL,2023-12-23,Ativo
3035,Logística Estrela Energia Empresarial,Cuiabá,MT,2022-08-09,Ativo
3036,Comercial Atlântica Soluções Digitais S.A.,Ribeirão Preto,SP,2025-09-05,Ativo
3037,Empreendimentos Conecta Transportes Empresarial,Palmas,TO,2025-06-23,Ativo
3038,Corporativa Global Serviços Empresariais S.A.,Cuiabá,MT,2022-02-16,Ativo
3039,Comercial Ápice Materiais Comércio e Serviços,Vitória,ES,2022-09-15,Ativo
3040,Soluções União Energia Empresarial,Vitória,ES,2022-04-21,Ativo
3041,Grupo Sol Nascente Soluções Digitais Comércio e Serviços,Londrina,PR,2024-02-03,Ativo
3042,Representações Central Construção Comércio e Serviços,Vitória,ES,2023-06-19,Ativo
3043,Comercial Premium Materiais Empresarial,Uberlândia,MG,2025-10-26,Ativo
3044,Empreendimentos Integra Móveis Ltda.,Caxias do Sul,RS,2022-06-27,Ativo
3045,Representações Nexus Serviços Empresariais Empresarial,Belo Horizonte,MG,2023-06-19,Ativo
3046,Negócios Pacífico Soluções Digitais Comércio e Serviços,Salvador,BA,2026-06-02,Ativo
3047,Gestão Esperança Alimentos Comércio e Serviços,Londrina,PR,2022-06-06,Ativo
3048,Atacadista Continental Comércio Ltda.,Cuiabá,MT,2024-10-01,Ativo
3049,Serviços Integra Serviços Empresariais Ltda.,Joinville,SC,2024-12-04,Ativo
3050,Representações Vanguarda Suprimentos S.A.,Belo Horizonte,MG,2024-01-12,Ativo
3051,Negócios Ouro Serviços Empresariais Ltda.,Goiânia,GO,2023-02-12,Ativo
3052,Empreendimentos Integra Construção Comércio e Serviços,Recife,PE,2023-03-03,Ativo
3053,Varejista Sigma Suprimentos S.A.,Londrina,PR,2023-08-15,Ativo
3054,Indústria Alvorada Tecnologia Empresarial,Cuiabá,MT,2022-05-18,Ativo
3055,Companhia Sinergia Equipamentos Ltda.,Fortaleza,CE,2023-05-15,Ativo
3056,Representações Estrela Energia Empresarial,Florianópolis,SC,2026-03-06,Ativo
3057,Importadora Ápice Móveis Comércio e Serviços,Boa Vista,RR,2024-04-22,Ativo
3058,Representações Referência Móveis Comércio e Serviços,São Luís,MA,2026-03-27,Ativo
3059,Empreendimentos Integra Comércio Ltda.,Aracaju,SE,2025-10-31,Ativo
3060,Varejista Ideal Equipamentos Comércio e Serviços,Juiz de Fora,MG,2023-03-06,Ativo
3061,Representações Liberdade Tecnologia Comércio e Serviços,Fortaleza,CE,2024-02-05,Ativo
3062,Importadora Suprema Móveis Ltda.,Rio de Janeiro,RJ,2025-06-24,Ativo
3063,Representações Veredas Sistemas Empresarial,Palmas,TO,2022-01-15,Ativo
3064,Comercial Aroeira Equipamentos Ltda.,João Pessoa,PB,2022-04-16,Inativo
3065,Representações Estrela Tecnologia S.A.,Vitória,ES,2023-07-20,Ativo
3066,Integração Pioneira Equipamentos Ltda.,Natal,RN,2026-07-19,Ativo
3067,Integração Bandeirante Energia Empresarial,Curitiba,PR,2025-11-25,Ativo
3068,Tecnologia Vector Materiais Empresarial,Macapá,AP,2023-06-15,Ativo
3069,Distribuidora Confiança Móveis Comércio e Serviços,Curitiba,PR,2023-04-30,Ativo
3070,Distribuidora Delta Suprimentos Empresarial,Campinas,SP,2025-12-29,Ativo
3071,Distribuidora Cristal Tecnologia Empresarial,Macapá,AP,2026-06-15,Ativo
3072,Distribuidora Prime Energia Empresarial,Curitiba,PR,2025-01-01,Ativo
3073,Negócios Araucária Comunicação Ltda.,Recife,PE,2022-05-05,Ativo
3074,Companhia Ideal Serviços Empresariais Empresarial,Florianópolis,SC,2023-08-13,Ativo
3075,Grupo Ômega Construção S.A.,Brasília,DF,2022-05-15,Ativo
3076,Importadora Master Engenharia S.A.,João Pessoa,PB,2023-12-08,Ativo
3077,Integração Litoral Alimentos S.A.,Belo Horizonte,MG,2022-08-09,Ativo
3078,Integração Orbe Suprimentos Empresarial,Teresina,PI,2025-12-03,Ativo
3079,Soluções Estrela Energia Empresarial,Macapá,AP,2023-10-05,Ativo
3080,Distribuidora Continental Tecnologia Comércio e Serviços,Londrina,PR,2022-05-05,Ativo
3081,Consultoria Bandeirante Equipamentos S.A.,Recife,PE,2022-06-14,Ativo
3082,Indústria Metropolitana Comércio Empresarial,Maringá,PR,2022-01-18,Inativo
3083,Soluções Nexus Sistemas Comércio e Serviços,Natal,RN,2024-12-29,Ativo
3084,Tecnologia Dinâmica Serviços Empresariais Empresarial,Aracaju,SE,2024-02-27,Ativo
3085,Empreendimentos Sol Nascente Comunicação Ltda.,Feira de Santana,BA,2025-03-12,Ativo
3086,Corporativa Serra Tecnologia S.A.,Belém,PA,2023-10-04,Ativo
3087,Empreendimentos Metropolitana Alimentos Empresarial,Natal,RN,2024-08-02,Ativo
3088,Varejista Atlântica Materiais Ltda.,Natal,RN,2023-07-01,Ativo
3089,Representações Suprema Energia Ltda.,São Luís,MA,2022-05-04,Ativo
3090,Negócios Imperial Serviços Empresariais Empresarial,Feira de Santana,BA,2023-11-13,Ativo
3091,Importadora Esperança Comércio Ltda.,Curitiba,PR,2023-09-01,Ativo
3092,Corporativa Master Sistemas S.A.,Belo Horizonte,MG,2026-07-01,Ativo
3093,Empreendimentos Safira Tecnologia Ltda.,Rio de Janeiro,RJ,2026-02-14,Ativo
3094,Soluções Ideal Móveis Ltda.,Fortaleza,CE,2023-09-27,Ativo
3095,Gestão Central Comércio Empresarial,Macapá,AP,2022-02-19,Ativo
3096,Importadora Nacional Construção S.A.,Recife,PE,2025-12-28,Inativo
3097,Varejista Amazônia Comunicação Comércio e Serviços,Belém,PA,2022-03-20,Ativo
3098,Logística Ouro Equipamentos Empresarial,Campo Grande,MS,2026-01-30,Inativo
3099,Atacadista Capital Tecnologia Comércio e Serviços,Maringá,PR,2024-09-25,Ativo
3100,Importadora Fortaleza Soluções Digitais Empresarial,Belém,PA,2026-06-06,Ativo
3101,Consultoria Continental Tecnologia Ltda.,Rio de Janeiro,RJ,2023-02-19,Ativo
3102,Grupo Global Equipamentos Comércio e Serviços,Teresina,PI,2025-07-15,Ativo
3103,Integração Premium Construção Ltda.,Uberlândia,MG,2022-08-25,Ativo
3104,Atacadista Cerrado Materiais S.A.,Recife,PE,2026-01-24,Ativo
3105,Companhia Buriti Tecnologia Comércio e Serviços,Londrina,PR,2022-08-28,Ativo
3106,Indústria Diamante Alimentos Comércio e Serviços,Caxias do Sul,RS,2025-05-03,Ativo
3107,Logística Regional Móveis S.A.,São Paulo,SP,2026-01-30,Ativo
3108,Logística Suprema Comunicação Comércio e Serviços,Fortaleza,CE,2026-03-30,Ativo
3109,Gestão Cristal Energia S.A.,Londrina,PR,2023-12-29,Ativo
3110,Comercial Safira Transportes Comércio e Serviços,Maceió,AL,2022-01-22,Ativo
3111,Empreendimentos Regional Materiais Empresarial,Joinville,SC,2023-12-30,Ativo
3112,Corporativa Delta Engenharia Ltda.,Cuiabá,MT,2025-11-04,Ativo
3113,Importadora Ápice Comunicação Comércio e Serviços,Juiz de Fora,MG,2023-02-06,Ativo
3114,Importadora Horizonte Tecnologia S.A.,Londrina,PR,2023-09-21,Ativo
3115,Varejista Premium Energia Ltda.,Salvador,BA,2024-12-10,Ativo
3116,Atacadista Pantanal Materiais Comércio e Serviços,Brasília,DF,2025-07-15,Ativo
3117,Comercial Safira Alimentos Empresarial,Porto Velho,RO,2023-06-18,Inativo
3118,Distribuidora Cristal Sistemas Comércio e Serviços,Rio de Janeiro,RJ,2025-04-06,Ativo
3119,Consultoria Araucária Energia Ltda.,Uberlândia,MG,2023-01-09,Ativo
3120,Companhia Liberdade Equipamentos Empresarial,Campinas,SP,2026-02-07,Ativo
3121,Integração Conecta Comunicação S.A.,Campinas,SP,2025-03-01,Ativo
3122,Consultoria Liberdade Alimentos S.A.,Feira de Santana,BA,2022-01-28,Ativo
3123,Logística Progresso Construção Empresarial,Brasília,DF,2024-03-02,Ativo
3124,Distribuidora Progresso Comércio S.A.,Teresina,PI,2026-04-24,Ativo
3125,Negócios Cedro Comércio S.A.,Rio de Janeiro,RJ,2023-05-20,Ativo
3126,Importadora Luz Sistemas Empresarial,Manaus,AM,2025-05-10,Ativo
3127,Companhia Pacífico Comércio Comércio e Serviços,Joinville,SC,2025-03-04,Ativo
3128,Gestão Avante Soluções Digitais Ltda.,Macapá,AP,2023-02-16,Ativo
3129,Negócios Conecta Tecnologia Ltda.,Campo Grande,MS,2025-02-09,Ativo
3130,Representações Diamante Alimentos Comércio e Serviços,Salvador,BA,2025-05-13,Ativo
3131,Logística Sigma Sistemas Empresarial,Rio de Janeiro,RJ,2025-05-14,Ativo
3132,Tecnologia Pioneira Transportes Ltda.,Rio Branco,AC,2025-08-16,Ativo
3133,Logística Essencial Alimentos Empresarial,Salvador,BA,2024-06-18,Ativo
3134,Varejista Litoral Sistemas Empresarial,Niterói,RJ,2024-09-30,Ativo
3135,Gestão Continental Tecnologia Empresarial,Rio Branco,AC,2024-03-11,Ativo
3136,Representações Regional Energia Comércio e Serviços,Londrina,PR,2026-01-01,Inativo
3137,Indústria Alvorada Comunicação Empresarial,Rio de Janeiro,RJ,2026-03-12,Ativo
3138,Comercial Metropolitana Alimentos Empresarial,São Paulo,SP,2022-11-25,Ativo
3139,Integração Nova Era Equipamentos Comércio e Serviços,Maringá,PR,2023-01-21,Ativo
3140,Grupo Nova Era Móveis Comércio e Serviços,Brasília,DF,2025-11-08,Ativo
3141,Soluções Ápice Sistemas Empresarial,Vitória,ES,2026-01-23,Ativo
3142,Integração Vector Móveis S.A.,Salvador,BA,2022-10-26,Ativo
3143,Integração Progresso Comércio Ltda.,Santos,SP,2023-12-24,Ativo
3144,Grupo Vitória Soluções Digitais Ltda.,Recife,PE,2024-11-13,Ativo
3145,Negócios Premium Suprimentos Comércio e Serviços,Caxias do Sul,RS,2023-07-18,Ativo
3146,Atacadista Ideal Sistemas S.A.,Florianópolis,SC,2024-05-02,Ativo
3147,Tecnologia Excelência Comércio S.A.,Juiz de Fora,MG,2024-09-02,Ativo
3148,Representações Vanguarda Alimentos Ltda.,Joinville,SC,2023-10-12,Ativo
3149,Empreendimentos Imperial Soluções Digitais S.A.,Rio Branco,AC,2022-11-22,Ativo
3150,Serviços Monte Azul Construção Empresarial,Uberlândia,MG,2022-12-04,Ativo
3151,Negócios Aroeira Sistemas Empresarial,Santos,SP,2023-05-17,Ativo
3152,Gestão Prime Materiais Ltda.,Porto Alegre,RS,2023-05-05,Ativo
3153,Atacadista Continental Engenharia S.A.,Anápolis,GO,2022-01-03,Ativo
3154,Empreendimentos Brasília Serviços Empresariais S.A.,Teresina,PI,2025-03-15,Ativo
3155,Varejista Imperial Serviços Empresariais Empresarial,Joinville,SC,2024-11-15,Ativo
3156,Integração Capital Comércio Comércio e Serviços,Porto Velho,RO,2024-12-08,Ativo
3157,Importadora Estrela Materiais Empresarial,Porto Alegre,RS,2022-03-29,Inativo
3158,Representações Continental Construção Empresarial,Uberlândia,MG,2023-10-13,Ativo
3159,Gestão Vector Alimentos Ltda.,Uberlândia,MG,2026-04-26,Ativo
3160,Serviços Pioneira Construção Empresarial,Cuiabá,MT,2023-02-10,Ativo
3161,Mercantil Excelência Engenharia Empresarial,Natal,RN,2024-05-04,Inativo
3162,Varejista Master Construção S.A.,Ribeirão Preto,SP,2024-12-15,Ativo
3163,Varejista Sinergia Comunicação Ltda.,Aracaju,SE,2024-10-23,Ativo
3164,Negócios Serra Soluções Digitais Ltda.,Brasília,DF,2024-09-28,Ativo
3165,Integração Cerrado Equipamentos Empresarial,Londrina,PR,2024-02-27,Ativo
3166,Importadora Sinergia Alimentos S.A.,Boa Vista,RR,2025-05-04,Ativo
3167,Indústria Integra Comunicação S.A.,João Pessoa,PB,2023-03-04,Ativo
3168,Consultoria Excelência Alimentos S.A.,Belém,PA,2025-03-12,Ativo
3169,Empreendimentos Estrela Sistemas Ltda.,Teresina,PI,2024-01-04,Ativo
3170,Corporativa Integra Energia Comércio e Serviços,São Paulo,SP,2023-11-07,Ativo
3171,Gestão Suprema Sistemas Comércio e Serviços,Recife,PE,2023-04-03,Ativo
3172,Representações Nexus Engenharia Comércio e Serviços,Natal,RN,2026-02-20,Inativo
3173,Distribuidora Brasília Sistemas Ltda.,Natal,RN,2024-05-31,Ativo
3174,Gestão Atlântica Transportes S.A.,Campinas,SP,2022-11-30,Ativo
3175,Serviços Ideal Móveis Ltda.,Campinas,SP,2022-01-23,Ativo
3176,Varejista Veredas Energia S.A.,Campo Grande,MS,2025-01-11,Ativo
3177,Logística Metropolitana Construção Comércio e Serviços,Rio Branco,AC,2022-08-02,Ativo
3178,Soluções Estrela Transportes Comércio e Serviços,Natal,RN,2022-09-11,Ativo
3179,Negócios Monte Azul Sistemas Empresarial,Florianópolis,SC,2024-04-22,Ativo
3180,Integração Nova Era Engenharia Ltda.,Recife,PE,2024-04-07,Ativo
3181,Soluções Conecta Serviços Empresariais Ltda.,Palmas,TO,2022-12-04,Ativo
3182,Consultoria Nacional Tecnologia Comércio e Serviços,São Paulo,SP,2024-02-22,Ativo
3183,Representações Delta Móveis Empresarial,Campinas,SP,2022-05-11,Ativo
3184,Gestão Avante Comércio Empresarial,Palmas,TO,2022-10-16,Ativo
3185,Empreendimentos Delta Materiais S.A.,Anápolis,GO,2022-02-12,Ativo
3186,Corporativa Ouro Comunicação Ltda.,Cuiabá,MT,2025-08-22,Ativo
3187,Negócios Evolução Construção Empresarial,Feira de Santana,BA,2023-09-09,Ativo
3188,Comercial Veredas Equipamentos Empresarial,Belo Horizonte,MG,2022-03-25,Ativo
3189,Tecnologia Esperança Energia Comércio e Serviços,Santos,SP,2023-12-11,Ativo
3190,Companhia Liberdade Comércio Comércio e Serviços,Macapá,AP,2024-10-24,Ativo
3191,Comercial Pacífico Sistemas Empresarial,Joinville,SC,2022-12-06,Ativo
3192,Empreendimentos Ideal Serviços Empresariais Empresarial,Brasília,DF,2024-06-07,Ativo
3193,Indústria Veredas Sistemas Empresarial,Belo Horizonte,MG,2023-06-22,Ativo
3194,Atacadista Regional Tecnologia S.A.,São Paulo,SP,2022-12-02,Ativo
3195,Tecnologia Vale Verde Tecnologia Comércio e Serviços,Aracaju,SE,2025-08-11,Ativo
3196,Tecnologia Sinergia Alimentos Comércio e Serviços,Joinville,SC,2022-03-11,Ativo
3197,Corporativa Sol Nascente Engenharia Empresarial,Natal,RN,2024-04-21,Ativo
3198,Gestão Global Construção Comércio e Serviços,Boa Vista,RR,2025-09-04,Ativo
3199,Comercial Atlântica Alimentos Empresarial,Aracaju,SE,2023-06-18,Ativo
3200,Representações Nova Era Construção Empresarial,Curitiba,PR,2022-11-28,Inativo
3201,Indústria Referência Transportes Empresarial,Vitória,ES,2024-09-04,Ativo
3202,Companhia Brasília Materiais S.A.,Palmas,TO,2022-01-07,Ativo
3203,Consultoria Jatobá Suprimentos Ltda.,Ribeirão Preto,SP,2025-10-26,Inativo
3204,Logística Confiança Engenharia Ltda.,João Pessoa,PB,2023-11-16,Ativo
3205,Importadora Liberdade Transportes S.A.,Teresina,PI,2026-04-30,Ativo
3206,Grupo Monte Azul Alimentos Ltda.,Fortaleza,CE,2024-06-09,Ativo
3207,Negócios Atlântica Engenharia Comércio e Serviços,Florianópolis,SC,2022-12-23,Ativo
3208,Gestão Sinergia Materiais S.A.,Belém,PA,2025-10-04,Ativo
3209,Integração Sinergia Sistemas Comércio e Serviços,Salvador,BA,2024-05-27,Ativo
3210,Companhia Ápice Sistemas Ltda.,Joinville,SC,2025-03-06,Ativo
3211,Tecnologia Global Equipamentos Ltda.,Goiânia,GO,2023-06-28,Ativo
3212,Logística Buriti Móveis S.A.,Porto Alegre,RS,2023-06-24,Ativo
3213,Logística Central Construção Empresarial,Manaus,AM,2026-05-13,Ativo
3214,Gestão Continental Móveis Comércio e Serviços,Anápolis,GO,2026-06-04,Ativo
3215,Indústria Esperança Tecnologia S.A.,Manaus,AM,2024-11-30,Ativo
3216,Atacadista Pantanal Serviços Empresariais Comércio e Serviços,São Paulo,SP,2023-06-06,Ativo
3217,Representações Pacífico Sistemas Ltda.,João Pessoa,PB,2025-04-05,Ativo
3218,Importadora Horizonte Móveis Ltda.,Joinville,SC,2022-11-26,Ativo
3219,Logística Serra Equipamentos Ltda.,Goiânia,GO,2023-07-26,Ativo
3220,Comercial Conecta Comércio Ltda.,Niterói,RJ,2023-12-21,Ativo
3221,Soluções Araucária Energia Comércio e Serviços,Anápolis,GO,2024-03-31,Ativo
3222,Atacadista Nacional Comércio S.A.,Uberlândia,MG,2022-08-29,Ativo
3223,Atacadista Global Suprimentos Empresarial,Caxias do Sul,RS,2022-09-11,Ativo
3224,Empreendimentos Litoral Serviços Empresariais S.A.,Boa Vista,RR,2022-07-10,Ativo
3225,Atacadista Master Equipamentos S.A.,Maceió,AL,2023-02-21,Ativo
3226,Empreendimentos Sol Nascente Materiais Ltda.,Ribeirão Preto,SP,2024-08-24,Ativo
3227,Serviços Liberdade Tecnologia Empresarial,Caxias do Sul,RS,2022-01-27,Ativo
3228,Serviços União Comunicação Comércio e Serviços,Natal,RN,2022-05-07,Ativo
3229,Varejista Pantanal Materiais Empresarial,Cuiabá,MT,2024-07-30,Ativo
3230,Varejista Integra Comércio Empresarial,Campinas,SP,2026-06-16,Ativo
3231,Integração Litoral Materiais Empresarial,Boa Vista,RR,2026-05-27,Ativo
3232,Soluções Vanguarda Engenharia Ltda.,Feira de Santana,BA,2024-07-31,Ativo
3233,Integração Pacífico Comércio Comércio e Serviços,Santos,SP,2024-09-13,Ativo
3234,Mercantil Vector Energia Empresarial,Niterói,RJ,2023-06-13,Ativo
3235,Tecnologia Vitória Equipamentos S.A.,João Pessoa,PB,2026-01-11,Ativo
3236,Gestão Referência Serviços Empresariais Ltda.,Santos,SP,2025-05-30,Inativo
3237,Atacadista Capital Comunicação S.A.,Anápolis,GO,2022-12-03,Ativo
3238,Tecnologia Central Soluções Digitais S.A.,Goiânia,GO,2022-03-31,Ativo
3239,Varejista Pacífico Serviços Empresariais Empresarial,Anápolis,GO,2025-11-21,Ativo
3240,Negócios Conquista Móveis S.A.,Porto Velho,RO,2026-04-20,Ativo
3241,Comercial Serra Alimentos Empresarial,Belo Horizonte,MG,2025-07-02,Ativo
3242,Companhia Monte Azul Suprimentos Comércio e Serviços,Belém,PA,2023-11-07,Ativo
3243,Soluções Vanguarda Engenharia Comércio e Serviços,Cuiabá,MT,2025-08-06,Ativo
3244,Representações Ideal Alimentos S.A.,Goiânia,GO,2022-04-25,Ativo
3245,Mercantil Real Engenharia Empresarial,Maceió,AL,2024-01-02,Ativo
3246,Corporativa Excelência Construção Ltda.,Anápolis,GO,2023-07-04,Ativo
3247,Indústria Cerrado Sistemas Ltda.,Feira de Santana,BA,2025-12-07,Ativo
3248,Soluções Cedro Suprimentos S.A.,Belém,PA,2023-03-04,Ativo
3249,Corporativa Evolução Equipamentos Comércio e Serviços,Palmas,TO,2025-10-22,Inativo
3250,Consultoria Jatobá Materiais Ltda.,Joinville,SC,2024-02-06,Ativo
3251,Consultoria Aroeira Tecnologia Ltda.,Brasília,DF,2023-07-19,Ativo
3252,Indústria Pantanal Engenharia Comércio e Serviços,Aracaju,SE,2023-02-17,Ativo
3253,Indústria Buriti Comunicação Comércio e Serviços,Curitiba,PR,2024-04-28,Ativo
3254,Tecnologia Pioneira Serviços Empresariais S.A.,Juiz de Fora,MG,2026-01-05,Ativo
3255,Tecnologia Nacional Sistemas S.A.,Londrina,PR,2023-12-15,Ativo
3256,Varejista Vitória Alimentos Ltda.,Niterói,RJ,2022-09-30,Ativo
3257,Soluções Atlântica Sistemas Ltda.,Curitiba,PR,2025-05-29,Ativo
3258,Logística Ideal Serviços Empresariais Comércio e Serviços,Campinas,SP,2023-08-09,Ativo
3259,Integração Imperial Equipamentos S.A.,Londrina,PR,2026-03-19,Ativo
3260,Tecnologia Ouro Móveis Ltda.,Teresina,PI,2025-10-25,Ativo
3261,Grupo Veredas Construção Ltda.,Santos,SP,2024-09-01,Ativo
3262,Varejista Continental Materiais Ltda.,Porto Velho,RO,2025-09-24,Ativo
3263,Companhia Monte Azul Suprimentos Empresarial,Campo Grande,MS,2024-08-30,Ativo
3264,Atacadista Amazônia Energia Ltda.,Goiânia,GO,2025-05-02,Ativo
3265,Logística Buriti Transportes Ltda.,Porto Alegre,RS,2026-07-11,Ativo
3266,Atacadista Monte Azul Materiais S.A.,Anápolis,GO,2026-07-04,Ativo
3267,Mercantil Nova Era Equipamentos Comércio e Serviços,Aracaju,SE,2025-02-23,Ativo
3268,Importadora Delta Transportes Empresarial,Palmas,TO,2024-04-12,Ativo
3269,Serviços Bandeirante Comércio Comércio e Serviços,Palmas,TO,2023-02-09,Ativo
3270,Atacadista Alvorada Comércio Empresarial,Ribeirão Preto,SP,2025-09-23,Ativo
3271,Distribuidora Conquista Serviços Empresariais S.A.,Feira de Santana,BA,2026-05-21,Inativo
3272,Comercial Avante Tecnologia Ltda.,Boa Vista,RR,2023-12-25,Ativo
3273,Representações Esperança Transportes Ltda.,Salvador,BA,2022-02-05,Ativo
3274,Gestão Sigma Construção Ltda.,Campo Grande,MS,2024-05-09,Ativo
3275,Distribuidora Nexus Construção Ltda.,Vitória,ES,2025-07-03,Ativo
3276,Negócios Buriti Energia Empresarial,Recife,PE,2023-01-03,Ativo
3277,Representações Progresso Sistemas Ltda.,Boa Vista,RR,2022-03-18,Ativo
3278,Negócios Aroeira Comércio Ltda.,Uberlândia,MG,2022-04-06,Ativo
3279,Consultoria Luz Alimentos Empresarial,Maceió,AL,2025-02-03,Ativo
3280,Companhia Atlântica Móveis S.A.,Aracaju,SE,2022-06-20,Inativo
3281,Logística Alvorada Soluções Digitais Ltda.,Maringá,PR,2025-08-18,Ativo
3282,Logística Referência Sistemas Empresarial,Belo Horizonte,MG,2023-08-19,Ativo
3283,Importadora Imperial Soluções Digitais Empresarial,Florianópolis,SC,2024-05-09,Ativo
3284,Comercial Araucária Engenharia Ltda.,Maceió,AL,2024-03-09,Ativo
3285,Distribuidora Fortaleza Energia Empresarial,Salvador,BA,2025-09-17,Ativo
3286,Logística Vector Materiais Comércio e Serviços,Maringá,PR,2024-11-07,Ativo
3287,Gestão Luz Serviços Empresariais Comércio e Serviços,Uberlândia,MG,2024-09-20,Ativo
3288,Serviços Pacífico Alimentos S.A.,Campinas,SP,2023-11-11,Ativo
3289,Consultoria Esperança Materiais S.A.,Aracaju,SE,2025-06-05,Ativo
3290,Varejista Capital Suprimentos Empresarial,Londrina,PR,2023-10-04,Ativo
3291,Corporativa Pacífico Engenharia Empresarial,São Paulo,SP,2024-06-01,Ativo
3292,Negócios Ômega Engenharia Empresarial,Belo Horizonte,MG,2022-08-17,Ativo
3293,Serviços Horizonte Suprimentos Empresarial,Fortaleza,CE,2022-12-09,Ativo
3294,Distribuidora Vale Verde Móveis Empresarial,Juiz de Fora,MG,2025-05-24,Inativo
3295,Distribuidora Atlântica Engenharia Ltda.,São Luís,MA,2022-10-14,Ativo
3296,Negócios Ômega Energia Comércio e Serviços,Cuiabá,MT,2025-08-31,Ativo
3297,Atacadista Avante Tecnologia Empresarial,Rio de Janeiro,RJ,2026-04-20,Ativo
3298,Atacadista Vanguarda Alimentos Empresarial,Rio de Janeiro,RJ,2025-03-24,Ativo
3299,Indústria Pacífico Suprimentos Empresarial,Brasília,DF,2026-06-02,Ativo
3300,Negócios Serra Energia Ltda.,São Luís,MA,2025-12-05,Ativo
3301,Representações Cristal Tecnologia Comércio e Serviços,Manaus,AM,2023-01-18,Ativo
3302,Indústria Orbe Transportes Comércio e Serviços,Fortaleza,CE,2026-02-07,Ativo
3303,Negócios Veredas Sistemas Empresarial,Natal,RN,2025-08-13,Ativo
3304,Serviços Capital Energia S.A.,Goiânia,GO,2026-02-18,Ativo
3305,Serviços Luz Tecnologia Ltda.,Aracaju,SE,2023-12-12,Inativo
3306,Gestão Vitória Soluções Digitais S.A.,Cuiabá,MT,2026-04-21,Ativo
3307,Empreendimentos Amazônia Comércio Comércio e Serviços,Brasília,DF,2024-02-02,Ativo
3308,Gestão Vitória Construção Comércio e Serviços,Boa Vista,RR,2025-07-06,Ativo
3309,Companhia Regional Equipamentos Empresarial,Aracaju,SE,2025-07-25,Ativo
3310,Consultoria Prime Suprimentos Comércio e Serviços,João Pessoa,PB,2025-07-23,Ativo
3311,Serviços Vitória Suprimentos Ltda.,Santos,SP,2025-10-04,Ativo
3312,Distribuidora Planalto Soluções Digitais Comércio e Serviços,Macapá,AP,2026-02-15,Ativo
3313,Logística Vector Suprimentos Ltda.,Manaus,AM,2022-04-17,Inativo
3314,Logística Master Materiais Ltda.,Brasília,DF,2026-04-28,Ativo
3315,Consultoria Referência Equipamentos Ltda.,Porto Alegre,RS,2022-09-03,Ativo
3316,Grupo Fortaleza Materiais S.A.,Uberlândia,MG,2025-01-02,Ativo
3317,Varejista Esperança Tecnologia S.A.,Aracaju,SE,2024-04-10,Ativo
3318,Integração Vanguarda Soluções Digitais S.A.,Porto Alegre,RS,2026-02-09,Ativo
3319,Soluções Esperança Energia S.A.,São Luís,MA,2025-11-10,Ativo
3320,Indústria Veredas Transportes Empresarial,Cuiabá,MT,2024-02-01,Ativo
3321,Empreendimentos Ideal Construção S.A.,João Pessoa,PB,2023-02-08,Ativo
3322,Serviços Veredas Móveis S.A.,Florianópolis,SC,2023-02-13,Inativo
3323,Corporativa Brasília Engenharia Empresarial,Aracaju,SE,2024-09-10,Ativo
3324,Corporativa Master Alimentos Empresarial,Belo Horizonte,MG,2023-12-19,Ativo
3325,Soluções Araucária Transportes Ltda.,Macapá,AP,2025-03-02,Ativo
3326,Representações Vector Construção Empresarial,Campo Grande,MS,2024-08-26,Ativo
3327,Companhia Esperança Comunicação S.A.,São Paulo,SP,2023-03-23,Ativo
3328,Soluções Araucária Engenharia Empresarial,Goiânia,GO,2023-12-18,Ativo
3329,Negócios Ômega Transportes Ltda.,Manaus,AM,2024-07-03,Ativo
3330,Negócios Master Comércio Ltda.,Caxias do Sul,RS,2022-03-10,Ativo
3331,Importadora Primavera Suprimentos Comércio e Serviços,Belém,PA,2025-09-14,Ativo
3332,Corporativa Esperança Sistemas Ltda.,Manaus,AM,2024-08-29,Inativo
3333,Soluções Dinâmica Energia Ltda.,Rio de Janeiro,RJ,2023-03-14,Ativo
3334,Logística Ápice Transportes Comércio e Serviços,Campinas,SP,2025-06-26,Ativo
3335,Indústria Vanguarda Serviços Empresariais Comércio e Serviços,São Paulo,SP,2023-06-01,Ativo
3336,Atacadista Master Materiais Comércio e Serviços,Manaus,AM,2022-08-16,Ativo
3337,Negócios Premium Energia Ltda.,Fortaleza,CE,2023-08-31,Ativo
3338,Atacadista Alvorada Comunicação S.A.,Teresina,PI,2026-04-09,Ativo
3339,Distribuidora Dinâmica Serviços Empresariais Ltda.,Palmas,TO,2023-06-07,Ativo
3340,Negócios Luz Transportes Comércio e Serviços,Anápolis,GO,2023-01-10,Ativo
3341,Serviços Orbe Serviços Empresariais Empresarial,Vitória,ES,2026-03-11,Ativo
3342,Integração Diamante Tecnologia Comércio e Serviços,Rio de Janeiro,RJ,2025-02-17,Inativo
3343,Logística Diamante Comunicação Ltda.,Porto Velho,RO,2024-01-01,Ativo
3344,Atacadista Atlântica Comunicação Empresarial,Rio Branco,AC,2024-01-01,Ativo
3345,Corporativa Nacional Energia Comércio e Serviços,Brasília,DF,2024-04-18,Ativo
3346,Tecnologia Delta Transportes S.A.,Caxias do Sul,RS,2024-11-04,Inativo
3347,Serviços Vanguarda Móveis S.A.,Campo Grande,MS,2024-11-04,Ativo
3348,Integração Real Comunicação Ltda.,Recife,PE,2024-11-29,Ativo
3349,Empreendimentos Capital Construção Comércio e Serviços,Santos,SP,2024-09-02,Ativo
3350,Comercial Sigma Sistemas S.A.,Florianópolis,SC,2026-02-11,Ativo
3351,Companhia Global Móveis Empresarial,Natal,RN,2025-08-02,Ativo
3352,Importadora Cerrado Equipamentos Ltda.,Campo Grande,MS,2023-08-09,Ativo
3353,Logística Metropolitana Engenharia S.A.,Ribeirão Preto,SP,2023-05-13,Ativo
3354,Consultoria Buriti Tecnologia Ltda.,Fortaleza,CE,2022-10-15,Ativo
3355,Grupo Excelência Materiais Comércio e Serviços,Caxias do Sul,RS,2025-10-14,Ativo
3356,Tecnologia Sol Nascente Soluções Digitais Empresarial,Aracaju,SE,2026-05-05,Ativo
3357,Companhia Horizonte Tecnologia S.A.,Natal,RN,2025-05-19,Ativo
3358,Empreendimentos Real Comunicação S.A.,São Luís,MA,2024-06-27,Ativo
3359,Varejista Sinergia Móveis Ltda.,Cuiabá,MT,2026-01-04,Ativo
3360,Indústria Orbe Serviços Empresariais Empresarial,São Luís,MA,2024-12-11,Ativo
3361,Empreendimentos Primavera Transportes S.A.,João Pessoa,PB,2023-01-28,Ativo
3362,Mercantil Referência Sistemas Empresarial,Feira de Santana,BA,2025-11-05,Ativo
3363,Representações Pacífico Engenharia Comércio e Serviços,Aracaju,SE,2025-08-05,Ativo
3364,Grupo Horizonte Materiais Empresarial,Teresina,PI,2023-03-17,Ativo
3365,Gestão Vitória Alimentos Ltda.,Teresina,PI,2024-12-03,Ativo
3366,Soluções Nova Era Suprimentos Ltda.,Belém,PA,2024-07-25,Inativo
3367,Serviços Continental Transportes S.A.,Goiânia,GO,2025-09-25,Ativo
3368,Indústria Orbe Soluções Digitais Empresarial,São Paulo,SP,2024-06-22,Ativo
3369,Atacadista Orbe Comunicação Ltda.,Macapá,AP,2025-10-05,Ativo
3370,Logística Jatobá Engenharia Comércio e Serviços,Joinville,SC,2023-12-19,Ativo
3371,Comercial Amazônia Sistemas Empresarial,Salvador,BA,2025-05-19,Ativo
3372,Corporativa Vitória Comunicação S.A.,Londrina,PR,2022-11-27,Ativo
3373,Indústria União Equipamentos Ltda.,Vitória,ES,2025-07-03,Ativo
3374,Consultoria Amazônia Equipamentos Comércio e Serviços,Campinas,SP,2022-06-14,Ativo
3375,Comercial Aroeira Móveis Ltda.,Curitiba,PR,2024-01-02,Ativo
3376,Empreendimentos Premium Materiais S.A.,Cuiabá,MT,2023-08-10,Ativo
3377,Distribuidora Capital Energia Ltda.,Aracaju,SE,2026-04-13,Ativo
3378,Soluções Ouro Comércio Comércio e Serviços,Brasília,DF,2023-11-19,Ativo
3379,Varejista Brasília Serviços Empresariais Comércio e Serviços,Porto Velho,RO,2026-03-23,Ativo
3380,Logística Prime Serviços Empresariais S.A.,Santos,SP,2026-07-18,Ativo
3381,Representações Jatobá Móveis S.A.,Aracaju,SE,2026-03-20,Ativo
3382,Companhia Atlântica Engenharia Comércio e Serviços,Uberlândia,MG,2023-01-21,Ativo
3383,Atacadista Progresso Móveis Empresarial,João Pessoa,PB,2025-08-09,Ativo
3384,Varejista Confiança Tecnologia Empresarial,Joinville,SC,2022-08-06,Ativo
3385,Distribuidora Nacional Comércio Comércio e Serviços,Maceió,AL,2026-07-26,Ativo
3386,Soluções Sol Nascente Comunicação Comércio e Serviços,Londrina,PR,2026-03-28,Ativo
3387,Representações Sigma Transportes Ltda.,Rio de Janeiro,RJ,2025-04-09,Ativo
3388,Logística Sol Nascente Sistemas S.A.,João Pessoa,PB,2023-03-22,Ativo
3389,Representações Vanguarda Construção Empresarial,Campo Grande,MS,2023-05-28,Ativo
3390,Distribuidora Dinâmica Energia S.A.,Brasília,DF,2022-09-15,Ativo
3391,Indústria Orbe Comunicação Empresarial,Ribeirão Preto,SP,2022-03-31,Ativo
3392,Logística Fortaleza Transportes Comércio e Serviços,Recife,PE,2025-07-25,Ativo
3393,Integração Vanguarda Transportes Comércio e Serviços,Belo Horizonte,MG,2025-09-22,Ativo
3394,Logística Metropolitana Transportes Comércio e Serviços,Anápolis,GO,2026-02-25,Ativo
3395,Logística Integra Comércio Comércio e Serviços,Vitória,ES,2022-02-23,Inativo
3396,Companhia União Construção S.A.,Brasília,DF,2024-02-07,Ativo
3397,Importadora Jatobá Suprimentos Ltda.,Caxias do Sul,RS,2025-02-27,Ativo
3398,Mercantil Atlântica Equipamentos Empresarial,Campinas,SP,2022-08-12,Ativo
3399,Empreendimentos Conquista Transportes Empresarial,Caxias do Sul,RS,2024-06-25,Ativo
3400,Serviços Master Engenharia S.A.,Porto Alegre,RS,2024-06-25,Ativo
3401,Logística Evolução Transportes Empresarial,Ribeirão Preto,SP,2024-12-02,Inativo
3402,Serviços Premium Transportes S.A.,João Pessoa,PB,2024-12-15,Ativo
3403,Companhia Ideal Comércio S.A.,Cuiabá,MT,2024-01-06,Ativo
3404,Distribuidora Conquista Soluções Digitais Comércio e Serviços,Teresina,PI,2024-09-10,Ativo
3405,Indústria Continental Energia Ltda.,Teresina,PI,2022-01-15,Ativo
3406,Logística Prime Equipamentos Ltda.,Juiz de Fora,MG,2022-01-06,Ativo
3407,Gestão Planalto Energia Ltda.,Belo Horizonte,MG,2024-03-09,Ativo
3408,Grupo Continental Comércio Empresarial,Macapá,AP,2024-01-30,Ativo
3409,Corporativa Imperial Móveis S.A.,Belém,PA,2024-02-15,Ativo
3410,Tecnologia Avante Sistemas Ltda.,São Paulo,SP,2023-10-22,Ativo
3411,Grupo Integra Transportes Ltda.,Porto Alegre,RS,2024-02-02,Ativo
3412,Comercial Global Suprimentos S.A.,Manaus,AM,2022-09-08,Ativo
3413,Corporativa Pacífico Móveis Empresarial,Joinville,SC,2022-01-16,Inativo
3414,Consultoria Ouro Energia Comércio e Serviços,Boa Vista,RR,2024-08-12,Ativo
3415,Integração Nacional Soluções Digitais S.A.,Vitória,ES,2025-07-04,Ativo
3416,Varejista União Serviços Empresariais Empresarial,Boa Vista,RR,2024-12-13,Ativo
3417,Negócios Planalto Suprimentos Ltda.,São Paulo,SP,2025-09-09,Ativo
3418,Mercantil Cristal Sistemas S.A.,Campo Grande,MS,2022-11-15,Ativo
3419,Soluções Serra Materiais Comércio e Serviços,Manaus,AM,2026-04-21,Inativo
3420,Grupo Pioneira Serviços Empresariais S.A.,Porto Alegre,RS,2022-08-13,Ativo
3421,Integração Prime Equipamentos Empresarial,Aracaju,SE,2023-05-15,Ativo
3422,Representações Vale Verde Sistemas S.A.,Rio Branco,AC,2022-12-14,Ativo
3423,Soluções Ômega Construção Comércio e Serviços,Aracaju,SE,2023-10-14,Ativo
3424,Gestão Cristal Transportes S.A.,Fortaleza,CE,2023-09-30,Ativo
3425,Logística Estrela Móveis Comércio e Serviços,Londrina,PR,2025-06-19,Ativo
3426,Importadora Nova Era Sistemas Comércio e Serviços,Joinville,SC,2023-07-26,Ativo
3427,Negócios Avante Equipamentos Ltda.,Feira de Santana,BA,2025-07-04,Ativo
3428,Distribuidora Conquista Alimentos Comércio e Serviços,Campo Grande,MS,2023-05-26,Inativo
3429,Consultoria Ápice Tecnologia Comércio e Serviços,João Pessoa,PB,2025-09-05,Ativo
3430,Integração Esperança Energia Empresarial,Uberlândia,MG,2025-09-10,Ativo
3431,Indústria Bandeirante Engenharia Empresarial,Rio Branco,AC,2022-08-10,Ativo
3432,Soluções Confiança Equipamentos Empresarial,Goiânia,GO,2023-10-01,Ativo
3433,Mercantil Vector Alimentos Comércio e Serviços,Belo Horizonte,MG,2022-12-15,Ativo
3434,Mercantil Global Equipamentos Ltda.,Joinville,SC,2023-06-14,Ativo
3435,Logística Bandeirante Soluções Digitais Empresarial,Porto Alegre,RS,2022-07-17,Ativo
3436,Distribuidora Evolução Serviços Empresariais Comércio e Serviços,Brasília,DF,2022-12-28,Ativo
3437,Consultoria Sol Nascente Soluções Digitais S.A.,Campo Grande,MS,2026-01-29,Ativo
3438,Consultoria Araucária Tecnologia Empresarial,Natal,RN,2026-07-14,Ativo
3439,Tecnologia Referência Materiais S.A.,Londrina,PR,2025-10-02,Ativo
3440,Consultoria Sigma Soluções Digitais Ltda.,Niterói,RJ,2026-01-02,Ativo
3441,Mercantil Conecta Sistemas Ltda.,Aracaju,SE,2023-11-19,Ativo
3442,Negócios Bandeirante Suprimentos S.A.,Porto Alegre,RS,2025-06-04,Ativo
3443,Corporativa Capital Materiais Comércio e Serviços,São Paulo,SP,2025-05-04,Ativo
3444,Tecnologia Amazônia Alimentos Comércio e Serviços,Aracaju,SE,2022-03-23,Ativo
3445,Serviços União Móveis S.A.,Juiz de Fora,MG,2025-01-05,Ativo
3446,Mercantil Araucária Energia Comércio e Serviços,Porto Velho,RO,2023-04-02,Ativo
3447,Grupo Amazônia Equipamentos S.A.,Campinas,SP,2026-01-28,Ativo
3448,Consultoria Capital Alimentos Ltda.,Belém,PA,2026-02-08,Ativo
3449,Varejista Dinâmica Alimentos Empresarial,Aracaju,SE,2024-12-12,Ativo
3450,Negócios Confiança Engenharia Comércio e Serviços,João Pessoa,PB,2025-03-27,Ativo
3451,Distribuidora Atlântica Serviços Empresariais Empresarial,Niterói,RJ,2025-11-14,Ativo
3452,Corporativa Luz Energia S.A.,Porto Velho,RO,2025-09-11,Ativo
3453,Indústria Sigma Engenharia Empresarial,Recife,PE,2024-09-11,Ativo
3454,Logística Primavera Engenharia S.A.,Brasília,DF,2024-01-25,Ativo
3455,Empreendimentos Vanguarda Construção Ltda.,Porto Alegre,RS,2022-01-18,Ativo
3456,Varejista Monte Azul Construção Empresarial,Anápolis,GO,2022-04-19,Ativo
3457,Gestão Continental Comércio S.A.,Recife,PE,2024-05-11,Ativo
3458,Gestão Global Comunicação S.A.,Rio de Janeiro,RJ,2023-01-14,Ativo
3459,Negócios Orbe Suprimentos Ltda.,Campinas,SP,2022-01-31,Ativo
3460,Grupo Amazônia Tecnologia Comércio e Serviços,Campo Grande,MS,2025-03-31,Ativo
3461,Comercial Nacional Suprimentos Comércio e Serviços,Campo Grande,MS,2023-07-14,Ativo
3462,Soluções Sinergia Soluções Digitais S.A.,Boa Vista,RR,2025-09-08,Ativo
3463,Indústria Primavera Soluções Digitais Ltda.,Salvador,BA,2026-01-24,Ativo
3464,Integração Integra Comunicação Ltda.,Belo Horizonte,MG,2026-04-07,Ativo
3465,Corporativa Pantanal Comércio S.A.,Rio de Janeiro,RJ,2022-06-07,Ativo
3466,Companhia Conquista Comunicação Empresarial,Palmas,TO,2023-04-30,Ativo
3467,Soluções Safira Equipamentos S.A.,Teresina,PI,2023-01-27,Ativo
3468,Comercial Brasília Serviços Empresariais S.A.,Santos,SP,2022-04-17,Ativo
3469,Corporativa Regional Serviços Empresariais Empresarial,Porto Alegre,RS,2023-12-27,Ativo
3470,Indústria Fortaleza Alimentos Comércio e Serviços,Vitória,ES,2026-05-03,Ativo
3471,Indústria Serra Comércio Comércio e Serviços,Porto Alegre,RS,2025-01-29,Ativo
3472,Tecnologia Orbe Soluções Digitais Comércio e Serviços,Manaus,AM,2023-12-24,Inativo
3473,Distribuidora Cristal Móveis Ltda.,Boa Vista,RR,2024-02-28,Ativo
3474,Soluções Ouro Comunicação S.A.,Ribeirão Preto,SP,2022-06-16,Ativo
3475,Gestão Ipê Tecnologia S.A.,São Luís,MA,2022-02-26,Ativo
3476,Logística Evolução Serviços Empresariais Ltda.,Cuiabá,MT,2022-03-01,Ativo
3477,Comercial Orbe Soluções Digitais S.A.,Rio de Janeiro,RJ,2026-02-02,Ativo
3478,Varejista Litoral Serviços Empresariais Comércio e Serviços,Campinas,SP,2024-01-11,Ativo
3479,Serviços Conquista Materiais Empresarial,Maringá,PR,2024-12-01,Ativo
3480,Companhia Nova Era Tecnologia Ltda.,João Pessoa,PB,2023-08-24,Ativo
3481,Representações Dinâmica Soluções Digitais S.A.,São Paulo,SP,2024-03-31,Ativo
3482,Empreendimentos Atlântica Construção Ltda.,Manaus,AM,2024-10-22,Ativo
3483,Corporativa Ideal Energia Empresarial,Natal,RN,2023-02-12,Ativo
3484,Indústria Imperial Comunicação Comércio e Serviços,São Paulo,SP,2024-09-06,Ativo
3485,Importadora Continental Suprimentos S.A.,Vitória,ES,2026-03-27,Ativo
3486,Indústria Essencial Suprimentos Comércio e Serviços,Londrina,PR,2023-12-17,Ativo
3487,Corporativa Safira Equipamentos Empresarial,Curitiba,PR,2022-03-12,Ativo
3488,Indústria Conecta Tecnologia Empresarial,Rio de Janeiro,RJ,2023-10-28,Ativo
3489,Mercantil Confiança Equipamentos Comércio e Serviços,Campo Grande,MS,2026-04-21,Ativo
3490,Tecnologia Jatobá Construção S.A.,Cuiabá,MT,2025-07-03,Inativo
3491,Corporativa Litoral Sistemas Empresarial,Teresina,PI,2024-09-29,Ativo
3492,Consultoria Cristal Materiais Ltda.,Campo Grande,MS,2026-02-04,Inativo
3493,Comercial Sol Nascente Materiais Ltda.,Curitiba,PR,2025-09-26,Ativo
3494,Grupo Alvorada Equipamentos S.A.,Boa Vista,RR,2025-06-03,Ativo
3495,Integração Cedro Construção Comércio e Serviços,Anápolis,GO,2022-11-01,Ativo
3496,Mercantil Esperança Comércio Ltda.,Recife,PE,2023-10-28,Ativo
3497,Logística Nexus Serviços Empresariais S.A.,Curitiba,PR,2025-03-30,Ativo
3498,Representações Luz Suprimentos Empresarial,Belém,PA,2023-01-02,Ativo
3499,Tecnologia Primavera Equipamentos Comércio e Serviços,Porto Alegre,RS,2022-11-20,Ativo
3500,Comercial Aroeira Engenharia S.A.,Vitória,ES,2023-02-08,Ativo
3501,Representações Pantanal Construção Comércio e Serviços,Ribeirão Preto,SP,2022-10-14,Ativo
3502,Negócios Ouro Suprimentos Empresarial,Campinas,SP,2025-06-12,Ativo
3503,Varejista Amazônia Comércio S.A.,Campo Grande,MS,2024-01-10,Ativo
3504,Negócios Pioneira Energia Comércio e Serviços,Ribeirão Preto,SP,2025-06-30,Ativo
3505,Companhia Ideal Serviços Empresariais Ltda.,Macapá,AP,2022-03-07,Ativo
3506,Soluções Nexus Serviços Empresariais Empresarial,Recife,PE,2025-12-09,Ativo
3507,Serviços Diamante Engenharia Comércio e Serviços,São Paulo,SP,2024-04-11,Ativo
3508,Grupo Nova Era Comércio Comércio e Serviços,Brasília,DF,2025-01-16,Ativo
3509,Consultoria Araucária Equipamentos Ltda.,Uberlândia,MG,2022-05-30,Ativo
3510,Varejista Premium Construção Comércio e Serviços,Goiânia,GO,2024-06-29,Ativo
3511,Tecnologia Vitória Tecnologia Comércio e Serviços,Londrina,PR,2023-05-06,Ativo
3512,Gestão Vitória Suprimentos Empresarial,Goiânia,GO,2022-03-30,Ativo
3513,Indústria Central Engenharia Empresarial,Belém,PA,2022-11-22,Ativo
3514,Representações Orbe Energia Ltda.,Joinville,SC,2023-10-15,Ativo
3515,Representações Liberdade Materiais S.A.,Maceió,AL,2025-08-24,Ativo
3516,Representações Aroeira Tecnologia Ltda.,Florianópolis,SC,2025-01-17,Ativo
3517,Companhia Fortaleza Alimentos Ltda.,Belém,PA,2024-05-23,Ativo
3518,Integração Brasília Alimentos Comércio e Serviços,Anápolis,GO,2022-10-09,Ativo
3519,Negócios Excelência Suprimentos S.A.,Joinville,SC,2023-05-05,Ativo
3520,Varejista Orbe Comunicação Comércio e Serviços,Campo Grande,MS,2024-03-29,Ativo
3521,Grupo Cristal Móveis S.A.,Teresina,PI,2023-10-30,Ativo
3522,Corporativa Vale Verde Comércio Ltda.,São Paulo,SP,2024-11-01,Ativo
3523,Atacadista Vanguarda Sistemas Empresarial,Boa Vista,RR,2025-02-21,Ativo
3524,Representações Regional Construção Empresarial,São Luís,MA,2022-11-02,Ativo
3525,Distribuidora Master Sistemas Comércio e Serviços,Teresina,PI,2023-06-06,Ativo
3526,Varejista Dinâmica Construção Empresarial,Salvador,BA,2025-12-12,Ativo
3527,Grupo Nexus Sistemas S.A.,Santos,SP,2023-02-16,Ativo
3528,Indústria Litoral Engenharia S.A.,Aracaju,SE,2024-10-05,Ativo
3529,Serviços Veredas Serviços Empresariais Empresarial,Maceió,AL,2022-03-27,Ativo
3530,Soluções Brasília Tecnologia Empresarial,Santos,SP,2024-03-17,Ativo
3531,Comercial Sigma Comunicação Comércio e Serviços,Cuiabá,MT,2023-05-10,Ativo
3532,Comercial Global Construção Empresarial,Ribeirão Preto,SP,2025-11-12,Ativo
3533,Varejista Ipê Móveis S.A.,Maringá,PR,2022-09-20,Ativo
3534,Consultoria Bandeirante Engenharia S.A.,Joinville,SC,2026-01-23,Ativo
3535,Distribuidora Litoral Soluções Digitais Ltda.,Boa Vista,RR,2024-05-03,Ativo
3536,Serviços Araucária Alimentos Ltda.,Curitiba,PR,2023-02-02,Ativo
3537,Tecnologia Ouro Transportes Comércio e Serviços,Cuiabá,MT,2023-10-31,Ativo
3538,Distribuidora Cedro Alimentos S.A.,Palmas,TO,2023-01-27,Ativo
3539,Companhia Pantanal Construção Comércio e Serviços,Campinas,SP,2022-06-05,Ativo
3540,Negócios Cedro Móveis Ltda.,Teresina,PI,2025-04-05,Ativo
3541,Serviços Suprema Serviços Empresariais Comércio e Serviços,Londrina,PR,2025-10-06,Ativo
3542,Serviços União Soluções Digitais Ltda.,Curitiba,PR,2024-02-17,Ativo
3543,Gestão Aroeira Transportes Empresarial,São Paulo,SP,2022-11-01,Ativo
3544,Tecnologia Ideal Soluções Digitais S.A.,Belo Horizonte,MG,2022-04-25,Ativo
3545,Importadora Brasília Materiais Ltda.,Joinville,SC,2023-10-31,Ativo
3546,Tecnologia Ipê Soluções Digitais Empresarial,Campinas,SP,2023-03-24,Ativo
3547,Empreendimentos Central Alimentos Ltda.,Porto Alegre,RS,2025-05-27,Ativo
3548,Logística Monte Azul Sistemas S.A.,Fortaleza,CE,2023-05-05,Ativo
3549,Grupo Planalto Sistemas S.A.,Curitiba,PR,2025-10-07,Ativo
3550,Integração Continental Soluções Digitais Comércio e Serviços,Manaus,AM,2024-07-11,Ativo
3551,Importadora Diamante Transportes S.A.,Fortaleza,CE,2022-12-26,Ativo
3552,Corporativa Referência Móveis Comércio e Serviços,Porto Velho,RO,2026-05-13,Ativo
3553,Tecnologia Vitória Materiais Empresarial,Goiânia,GO,2025-10-05,Ativo
3554,Distribuidora Conquista Transportes S.A.,Curitiba,PR,2024-06-27,Ativo
3555,Corporativa Ideal Energia Ltda.,Porto Velho,RO,2023-12-05,Ativo
3556,Mercantil Esperança Suprimentos S.A.,Aracaju,SE,2022-09-23,Ativo
3557,Distribuidora Cristal Materiais S.A.,Curitiba,PR,2023-06-18,Ativo
3558,Corporativa Nexus Suprimentos Comércio e Serviços,Rio Branco,AC,2026-05-27,Ativo
3559,Comercial Confiança Suprimentos S.A.,Belém,PA,2024-01-13,Ativo
3560,Atacadista Central Materiais S.A.,Macapá,AP,2026-06-03,Ativo
3561,Negócios Premium Sistemas Ltda.,Porto Alegre,RS,2023-02-07,Ativo
3562,Negócios Orbe Construção Comércio e Serviços,Boa Vista,RR,2023-12-30,Ativo
3563,Empreendimentos Cedro Comércio Empresarial,São Paulo,SP,2026-03-16,Ativo
3564,Representações Nova Era Comunicação Ltda.,Palmas,TO,2026-07-07,Inativo
3565,Logística Integra Materiais Ltda.,Recife,PE,2024-07-23,Ativo
3566,Distribuidora Progresso Comércio Empresarial,Curitiba,PR,2024-07-26,Inativo
3567,Tecnologia Vanguarda Transportes Empresarial,Rio Branco,AC,2022-02-15,Ativo
3568,Soluções Pacífico Energia Comércio e Serviços,Joinville,SC,2022-02-21,Ativo
3569,Companhia Sigma Energia S.A.,Salvador,BA,2026-07-10,Ativo
3570,Corporativa Premium Comunicação Empresarial,Feira de Santana,BA,2024-03-07,Ativo
3571,Corporativa Sigma Sistemas Empresarial,Belém,PA,2023-06-06,Ativo
3572,Distribuidora Progresso Suprimentos Ltda.,Recife,PE,2025-04-15,Ativo
3573,Comercial Atlântica Soluções Digitais Comércio e Serviços,Macapá,AP,2024-03-25,Ativo
3574,Soluções Pioneira Materiais Ltda.,Santos,SP,2024-09-09,Ativo
3575,Importadora Pantanal Materiais Empresarial,Fortaleza,CE,2025-08-24,Ativo
3576,Mercantil Imperial Materiais Comércio e Serviços,Fortaleza,CE,2022-02-10,Ativo
3577,Gestão Veredas Construção S.A.,Boa Vista,RR,2022-05-19,Ativo
3578,Indústria Excelência Engenharia Comércio e Serviços,Recife,PE,2022-02-13,Ativo
3579,Consultoria Imperial Transportes Comércio e Serviços,Campo Grande,MS,2025-01-29,Ativo
3580,Corporativa Referência Serviços Empresariais Ltda.,Campo Grande,MS,2022-09-03,Ativo
3581,Varejista Buriti Soluções Digitais S.A.,Uberlândia,MG,2023-01-18,Ativo
3582,Gestão Vale Verde Sistemas Empresarial,Ribeirão Preto,SP,2023-03-26,Ativo
3583,Gestão Alvorada Alimentos Ltda.,Salvador,BA,2023-01-23,Ativo
3584,Representações Diamante Serviços Empresariais Empresarial,Brasília,DF,2025-07-02,Ativo
3585,Corporativa Cristal Construção Empresarial,Manaus,AM,2022-09-25,Ativo
3586,Gestão Esperança Construção S.A.,Anápolis,GO,2024-10-18,Ativo
3587,Representações Capital Sistemas Ltda.,Goiânia,GO,2023-09-18,Ativo
3588,Varejista Avante Comunicação S.A.,Juiz de Fora,MG,2026-04-15,Ativo
3589,Empreendimentos Esperança Tecnologia Ltda.,Belo Horizonte,MG,2022-02-03,Inativo
3590,Consultoria Esperança Serviços Empresariais Ltda.,Palmas,TO,2024-10-01,Ativo
3591,Representações Dinâmica Serviços Empresariais Empresarial,Joinville,SC,2024-05-10,Ativo
3592,Grupo Araucária Móveis Ltda.,Belo Horizonte,MG,2024-05-26,Ativo
3593,Negócios Serra Serviços Empresariais Ltda.,Vitória,ES,2022-04-18,Inativo
3594,Indústria Monte Azul Engenharia Ltda.,São Luís,MA,2025-07-27,Ativo
3595,Soluções Referência Comunicação Ltda.,Porto Alegre,RS,2023-12-09,Ativo
3596,Varejista Planalto Móveis S.A.,Porto Velho,RO,2025-12-22,Ativo
3597,Varejista Ipê Engenharia S.A.,Rio de Janeiro,RJ,2024-04-05,Ativo
3598,Corporativa Brasília Comunicação Empresarial,Belo Horizonte,MG,2023-12-10,Ativo
3599,Representações Sigma Materiais Empresarial,Maringá,PR,2025-10-20,Ativo
3600,Logística Prime Soluções Digitais Ltda.,Salvador,BA,2024-05-28,Inativo
3601,Importadora Estrela Sistemas Comércio e Serviços,Joinville,SC,2025-06-04,Inativo
3602,Empreendimentos Luz Comércio S.A.,Maceió,AL,2025-09-08,Inativo
3603,Distribuidora Referência Comunicação S.A.,Goiânia,GO,2025-08-14,Ativo
3604,Mercantil Essencial Equipamentos Empresarial,Maceió,AL,2025-09-20,Ativo
3605,Distribuidora Avante Suprimentos Comércio e Serviços,Niterói,RJ,2024-08-24,Ativo
3606,Distribuidora Vale Verde Equipamentos Comércio e Serviços,Rio de Janeiro,RJ,2024-05-07,Ativo
3607,Gestão Ideal Comunicação Ltda.,Campo Grande,MS,2025-12-31,Ativo
3608,Indústria Fortaleza Energia S.A.,Palmas,TO,2022-04-10,Ativo
3609,Comercial Delta Suprimentos Ltda.,João Pessoa,PB,2022-06-10,Ativo
3610,Corporativa Nova Era Soluções Digitais Comércio e Serviços,Porto Alegre,RS,2022-05-21,Ativo
3611,Gestão Luz Transportes Comércio e Serviços,Cuiabá,MT,2022-09-16,Ativo
3612,Indústria Continental Tecnologia Ltda.,Goiânia,GO,2023-05-22,Ativo
3613,Serviços Araucária Equipamentos Comércio e Serviços,Curitiba,PR,2023-02-08,Ativo
3614,Negócios Cedro Soluções Digitais S.A.,Macapá,AP,2023-07-29,Ativo
3615,Atacadista Sol Nascente Comércio S.A.,Aracaju,SE,2022-07-10,Ativo
3616,Consultoria Excelência Alimentos Comércio e Serviços,Boa Vista,RR,2022-02-22,Ativo
3617,Comercial Excelência Sistemas S.A.,Maceió,AL,2022-07-08,Ativo
3618,Atacadista Cerrado Energia Empresarial,Ribeirão Preto,SP,2025-09-17,Ativo
3619,Companhia Continental Alimentos S.A.,João Pessoa,PB,2024-09-08,Ativo
3620,Serviços Capital Móveis Empresarial,Boa Vista,RR,2026-07-12,Ativo
3621,Gestão Global Suprimentos S.A.,Brasília,DF,2022-02-11,Ativo
3622,Representações Continental Móveis Comércio e Serviços,Palmas,TO,2024-11-01,Ativo
3623,Grupo Master Sistemas S.A.,Brasília,DF,2023-08-31,Ativo
3624,Representações Veredas Energia Comércio e Serviços,São Luís,MA,2023-02-19,Inativo
3625,Consultoria Excelência Engenharia Comércio e Serviços,Joinville,SC,2022-05-05,Ativo
3626,Corporativa Central Suprimentos Comércio e Serviços,Recife,PE,2024-05-08,Ativo
3627,Tecnologia Continental Suprimentos Empresarial,Porto Alegre,RS,2024-04-14,Ativo
3628,Representações Ômega Tecnologia S.A.,Campinas,SP,2024-08-07,Ativo
3629,Atacadista Continental Serviços Empresariais S.A.,Santos,SP,2026-02-11,Ativo
3630,Importadora Bandeirante Equipamentos Ltda.,João Pessoa,PB,2024-05-04,Ativo
3631,Mercantil Confiança Tecnologia Comércio e Serviços,Recife,PE,2022-10-30,Ativo
3632,Corporativa Nova Era Construção Empresarial,Cuiabá,MT,2023-12-02,Ativo
3633,Soluções Pacífico Tecnologia Empresarial,Brasília,DF,2025-12-24,Ativo
3634,Comercial Alvorada Comunicação S.A.,Niterói,RJ,2025-05-21,Ativo
3635,Varejista União Alimentos Empresarial,São Paulo,SP,2022-05-06,Ativo
3636,Consultoria Liberdade Engenharia Empresarial,João Pessoa,PB,2023-09-12,Ativo
3637,Consultoria Continental Materiais S.A.,Santos,SP,2025-07-09,Ativo
3638,Companhia Nacional Construção Comércio e Serviços,São Paulo,SP,2024-06-25,Ativo
3639,Integração União Alimentos Empresarial,Santos,SP,2023-04-23,Ativo
3640,Representações Prime Transportes Comércio e Serviços,Caxias do Sul,RS,2025-06-23,Ativo
3641,Soluções Sinergia Tecnologia Empresarial,Boa Vista,RR,2023-03-12,Ativo
3642,Serviços Dinâmica Serviços Empresariais Ltda.,Juiz de Fora,MG,2022-06-07,Ativo
3643,Atacadista Delta Serviços Empresariais S.A.,Maringá,PR,2023-10-07,Ativo
3644,Consultoria Delta Serviços Empresariais Comércio e Serviços,Maceió,AL,2024-08-21,Inativo
3645,Mercantil Diamante Construção Empresarial,Brasília,DF,2023-12-19,Ativo
3646,Indústria Pacífico Transportes Comércio e Serviços,Goiânia,GO,2023-05-27,Ativo
3647,Negócios Sinergia Sistemas Empresarial,Santos,SP,2024-09-01,Ativo
3648,Comercial Ipê Tecnologia S.A.,Boa Vista,RR,2025-12-09,Ativo
3649,Atacadista Ômega Suprimentos S.A.,Caxias do Sul,RS,2025-08-27,Ativo
3650,Mercantil Vitória Tecnologia S.A.,Maceió,AL,2024-08-08,Ativo
3651,Integração Bandeirante Suprimentos Ltda.,Ribeirão Preto,SP,2025-05-28,Ativo
3652,Atacadista Luz Energia S.A.,Vitória,ES,2024-11-01,Ativo
3653,Negócios Sol Nascente Comércio S.A.,Uberlândia,MG,2022-10-22,Ativo
3654,Serviços Vector Materiais Empresarial,Florianópolis,SC,2023-02-21,Ativo
3655,Negócios Cedro Comunicação Empresarial,Palmas,TO,2024-12-12,Ativo
3656,Empreendimentos Regional Comércio Ltda.,Goiânia,GO,2022-11-08,Ativo
3657,Indústria Sigma Engenharia S.A.,Natal,RN,2022-08-03,Ativo
3658,Serviços Pacífico Engenharia S.A.,Ribeirão Preto,SP,2023-02-28,Inativo
3659,Serviços Buriti Suprimentos Ltda.,Recife,PE,2025-09-24,Ativo
3660,Logística Evolução Engenharia Comércio e Serviços,Maceió,AL,2025-04-15,Ativo
3661,Serviços Regional Comércio Comércio e Serviços,Fortaleza,CE,2026-06-15,Ativo
3662,Distribuidora Alvorada Alimentos Comércio e Serviços,Cuiabá,MT,2025-01-02,Ativo
3663,Mercantil Prime Materiais Empresarial,Caxias do Sul,RS,2024-02-10,Ativo
3664,Comercial Sinergia Engenharia S.A.,Campinas,SP,2022-11-11,Ativo
3665,Empreendimentos Bandeirante Móveis Ltda.,Cuiabá,MT,2023-07-22,Ativo
3666,Grupo União Equipamentos Comércio e Serviços,Feira de Santana,BA,2023-10-14,Ativo
3667,Tecnologia Pantanal Construção Comércio e Serviços,Manaus,AM,2025-01-19,Ativo
3668,Representações Veredas Transportes S.A.,Natal,RN,2024-05-11,Ativo
3669,Serviços Continental Energia Comércio e Serviços,Maringá,PR,2022-04-09,Ativo
3670,Soluções Horizonte Comunicação S.A.,Florianópolis,SC,2022-09-23,Ativo
3671,Grupo União Engenharia Ltda.,Rio de Janeiro,RJ,2024-11-23,Ativo
3672,Empreendimentos Diamante Serviços Empresariais Comércio e Serviços,Brasília,DF,2024-10-01,Ativo
3673,Integração Amazônia Energia Empresarial,Palmas,TO,2022-10-15,Ativo
3674,Importadora Prime Suprimentos S.A.,Belo Horizonte,MG,2023-07-02,Ativo
3675,Soluções Global Transportes S.A.,Teresina,PI,2024-05-17,Ativo
3676,Integração Ápice Engenharia Ltda.,Cuiabá,MT,2023-01-21,Ativo
3677,Atacadista Araucária Sistemas Empresarial,Londrina,PR,2024-05-28,Ativo
3678,Varejista Vector Móveis S.A.,Teresina,PI,2026-06-11,Ativo
3679,Grupo Litoral Sistemas Ltda.,Cuiabá,MT,2022-10-21,Ativo
3680,Negócios Global Materiais Empresarial,São Luís,MA,2023-05-17,Ativo
3681,Soluções Suprema Soluções Digitais Comércio e Serviços,Uberlândia,MG,2022-09-20,Ativo
3682,Logística Progresso Tecnologia Ltda.,São Paulo,SP,2026-05-18,Ativo
3683,Representações Delta Construção Ltda.,Porto Velho,RO,2024-03-21,Inativo
3684,Grupo Litoral Soluções Digitais Comércio e Serviços,Salvador,BA,2026-06-22,Ativo
3685,Soluções Bandeirante Equipamentos Comércio e Serviços,Curitiba,PR,2025-11-09,Ativo
3686,Empreendimentos Diamante Engenharia S.A.,Rio Branco,AC,2026-02-07,Ativo
3687,Mercantil Vitória Comércio Empresarial,Juiz de Fora,MG,2022-09-23,Ativo
3688,Indústria Esperança Materiais Ltda.,Natal,RN,2026-04-06,Ativo
3689,Importadora Essencial Suprimentos Ltda.,Maceió,AL,2026-01-10,Ativo
3690,Logística Vitória Serviços Empresariais S.A.,Natal,RN,2025-02-15,Ativo
3691,Logística Premium Suprimentos Ltda.,Florianópolis,SC,2023-01-12,Ativo
3692,Tecnologia Master Sistemas Comércio e Serviços,Niterói,RJ,2024-08-08,Ativo
3693,Representações Monte Azul Sistemas Ltda.,Rio Branco,AC,2023-11-21,Ativo
3694,Logística Orbe Equipamentos S.A.,São Luís,MA,2024-10-03,Ativo
3695,Distribuidora Horizonte Suprimentos Comércio e Serviços,João Pessoa,PB,2024-05-02,Ativo
3696,Gestão Aroeira Construção Empresarial,Natal,RN,2024-09-11,Ativo
3697,Varejista Evolução Móveis S.A.,Ribeirão Preto,SP,2023-09-19,Ativo
3698,Negócios Monte Azul Tecnologia Ltda.,Maringá,PR,2022-12-31,Ativo
3699,Representações Pioneira Materiais Comércio e Serviços,Belém,PA,2026-02-27,Ativo
3700,Corporativa Conquista Alimentos S.A.,Campinas,SP,2023-04-20,Ativo
3701,Grupo Vitória Móveis S.A.,Recife,PE,2023-09-23,Inativo
3702,Atacadista Metropolitana Materiais Empresarial,Goiânia,GO,2022-10-05,Ativo
3703,Integração Sigma Serviços Empresariais S.A.,Boa Vista,RR,2024-06-27,Ativo
3704,Comercial Excelência Serviços Empresariais S.A.,Boa Vista,RR,2025-07-22,Inativo
3705,Serviços Sinergia Transportes Ltda.,Cuiabá,MT,2024-08-15,Ativo
3706,Logística Fortaleza Construção Ltda.,Uberlândia,MG,2023-07-12,Ativo
3707,Companhia Ipê Comércio Empresarial,Campinas,SP,2024-02-13,Ativo
3708,Mercantil Jatobá Tecnologia S.A.,Uberlândia,MG,2024-08-11,Ativo
3709,Empreendimentos Regional Tecnologia Comércio e Serviços,Belo Horizonte,MG,2022-10-06,Ativo
3710,Comercial Estrela Suprimentos S.A.,Recife,PE,2023-08-14,Ativo
3711,Atacadista Orbe Engenharia S.A.,Juiz de Fora,MG,2024-12-27,Ativo
3712,Companhia Integra Engenharia S.A.,Juiz de Fora,MG,2025-12-20,Ativo
3713,Corporativa Sigma Engenharia Comércio e Serviços,Joinville,SC,2025-08-03,Ativo
3714,Varejista Vale Verde Soluções Digitais Empresarial,Belo Horizonte,MG,2022-04-16,Ativo
3715,Integração Conquista Móveis S.A.,Aracaju,SE,2025-10-03,Ativo
3716,Consultoria Bandeirante Serviços Empresariais Ltda.,Curitiba,PR,2026-06-18,Inativo
3717,Empreendimentos Vector Engenharia Empresarial,Aracaju,SE,2026-04-02,Ativo
3718,Logística Cerrado Soluções Digitais Empresarial,Curitiba,PR,2024-09-02,Ativo
3719,Negócios Excelência Transportes S.A.,Uberlândia,MG,2024-12-29,Ativo
3720,Mercantil Ipê Construção Empresarial,Manaus,AM,2022-03-04,Ativo
3721,Representações Continental Tecnologia Comércio e Serviços,Niterói,RJ,2026-05-28,Ativo
3722,Tecnologia Orbe Energia Empresarial,Macapá,AP,2025-04-18,Ativo
3723,Integração Litoral Móveis Empresarial,Boa Vista,RR,2023-04-29,Ativo
3724,Negócios Referência Soluções Digitais Comércio e Serviços,Uberlândia,MG,2026-01-30,Ativo
3725,Soluções Diamante Soluções Digitais Ltda.,Macapá,AP,2025-06-10,Ativo
3726,Companhia Horizonte Alimentos S.A.,Belém,PA,2024-07-29,Ativo
3727,Corporativa Imperial Suprimentos Ltda.,Maceió,AL,2023-12-08,Ativo
3728,Representações Master Soluções Digitais Empresarial,Campo Grande,MS,2023-05-01,Ativo
3729,Tecnologia Ouro Sistemas S.A.,Curitiba,PR,2022-03-15,Ativo
3730,Consultoria Vanguarda Engenharia Comércio e Serviços,Vitória,ES,2023-04-27,Ativo
3731,Atacadista Sinergia Móveis Empresarial,Teresina,PI,2026-04-07,Ativo
3732,Consultoria Nexus Comunicação Empresarial,Palmas,TO,2022-05-13,Ativo
3733,Soluções Ômega Comunicação S.A.,Rio de Janeiro,RJ,2026-07-16,Ativo
3734,Corporativa Nacional Tecnologia Comércio e Serviços,Rio Branco,AC,2024-01-05,Ativo
3735,Indústria Atlântica Energia S.A.,Salvador,BA,2022-11-21,Ativo
3736,Representações Primavera Tecnologia Ltda.,Aracaju,SE,2022-01-26,Ativo
3737,Grupo Ipê Suprimentos S.A.,Vitória,ES,2024-06-20,Inativo
3738,Integração Delta Sistemas Empresarial,Goiânia,GO,2022-09-30,Ativo
3739,Corporativa Luz Sistemas Ltda.,Curitiba,PR,2022-05-30,Inativo
3740,Comercial Integra Energia Empresarial,Niterói,RJ,2024-01-30,Ativo
3741,Atacadista Monte Azul Transportes Ltda.,Boa Vista,RR,2024-07-25,Ativo
3742,Importadora Brasília Equipamentos Ltda.,Aracaju,SE,2023-02-01,Ativo
3743,Representações Progresso Materiais Comércio e Serviços,Porto Alegre,RS,2024-07-31,Ativo
3744,Distribuidora Premium Transportes Ltda.,Boa Vista,RR,2022-10-20,Ativo
3745,Logística Planalto Materiais Ltda.,Vitória,ES,2022-04-06,Ativo
3746,Indústria Regional Alimentos S.A.,Porto Alegre,RS,2025-09-22,Ativo
3747,Empreendimentos Pantanal Construção S.A.,Campinas,SP,2023-12-18,Ativo
3748,Atacadista Global Sistemas Comércio e Serviços,Cuiabá,MT,2022-10-09,Ativo
3749,Gestão Cerrado Equipamentos Empresarial,Palmas,TO,2026-02-01,Ativo
3750,Gestão Pantanal Soluções Digitais Ltda.,Macapá,AP,2024-10-04,Inativo
3751,Corporativa União Engenharia S.A.,Teresina,PI,2023-03-29,Ativo
3752,Gestão Conquista Alimentos Ltda.,Goiânia,GO,2023-10-04,Ativo
3753,Empreendimentos Delta Materiais Comércio e Serviços,São Luís,MA,2024-04-15,Ativo
3754,Serviços Premium Sistemas S.A.,Boa Vista,RR,2023-08-18,Ativo
3755,Corporativa Jatobá Suprimentos Comércio e Serviços,João Pessoa,PB,2022-11-18,Ativo
3756,Tecnologia Essencial Tecnologia Empresarial,Maceió,AL,2025-01-31,Ativo
3757,Comercial Liberdade Engenharia Ltda.,Juiz de Fora,MG,2024-06-10,Ativo
3758,Tecnologia Aroeira Energia S.A.,Porto Velho,RO,2023-12-24,Ativo
3759,Gestão Ômega Comércio Ltda.,Juiz de Fora,MG,2022-05-01,Ativo
3760,Soluções Referência Comércio Comércio e Serviços,Joinville,SC,2024-07-12,Ativo
3761,Empreendimentos Conquista Móveis Empresarial,Ribeirão Preto,SP,2026-04-09,Ativo
3762,Indústria Cristal Construção Ltda.,Caxias do Sul,RS,2025-12-16,Ativo
3763,Empreendimentos Primavera Equipamentos Ltda.,Maringá,PR,2022-03-23,Ativo
3764,Empreendimentos Ômega Construção Empresarial,Porto Velho,RO,2025-06-26,Ativo
3765,Logística Suprema Alimentos Empresarial,Belém,PA,2022-05-10,Inativo
3766,Atacadista Diamante Tecnologia S.A.,Joinville,SC,2026-02-05,Ativo
3767,Comercial Litoral Materiais Empresarial,Manaus,AM,2022-11-15,Ativo
3768,Negócios Ipê Soluções Digitais Empresarial,Palmas,TO,2022-03-16,Ativo
3769,Gestão Sol Nascente Suprimentos Ltda.,São Paulo,SP,2024-03-01,Ativo
3770,Gestão Sinergia Serviços Empresariais S.A.,Juiz de Fora,MG,2024-01-22,Ativo
3771,Comercial Essencial Serviços Empresariais S.A.,Boa Vista,RR,2023-11-30,Ativo
3772,Grupo Bandeirante Equipamentos Empresarial,Manaus,AM,2025-10-01,Ativo
3773,Atacadista Aroeira Soluções Digitais Ltda.,Feira de Santana,BA,2022-10-07,Ativo
3774,Empreendimentos Ômega Tecnologia Ltda.,Belém,PA,2024-10-08,Ativo
3775,Varejista Sigma Equipamentos Empresarial,Porto Velho,RO,2022-05-02,Ativo
3776,Gestão Vanguarda Engenharia Comércio e Serviços,São Paulo,SP,2025-11-16,Ativo
3777,Importadora Progresso Engenharia Ltda.,Joinville,SC,2023-01-03,Ativo
3778,Corporativa Esperança Transportes Empresarial,Caxias do Sul,RS,2022-02-07,Ativo
3779,Consultoria Planalto Materiais S.A.,Recife,PE,2026-05-06,Ativo
3780,Serviços Central Alimentos Empresarial,Rio Branco,AC,2025-01-08,Ativo
3781,Distribuidora Evolução Sistemas S.A.,Vitória,ES,2026-01-29,Ativo
3782,Integração Vector Equipamentos Comércio e Serviços,Boa Vista,RR,2023-10-21,Ativo
3783,Distribuidora Delta Sistemas S.A.,Ribeirão Preto,SP,2023-03-08,Ativo
3784,Importadora Master Soluções Digitais Empresarial,Ribeirão Preto,SP,2025-04-08,Ativo
3785,Logística Alvorada Energia S.A.,Manaus,AM,2023-10-05,Ativo
3786,Indústria Ápice Materiais Comércio e Serviços,Feira de Santana,BA,2022-02-13,Ativo
3787,Soluções Litoral Alimentos Ltda.,Porto Velho,RO,2023-02-01,Ativo
3788,Serviços Ouro Energia Ltda.,Belo Horizonte,MG,2023-06-19,Ativo
3789,Comercial Serra Tecnologia Comércio e Serviços,Salvador,BA,2022-12-01,Ativo
3790,Soluções Global Serviços Empresariais Comércio e Serviços,São Luís,MA,2026-01-22,Ativo
3791,Representações Litoral Engenharia S.A.,João Pessoa,PB,2022-03-08,Ativo
3792,Companhia Jatobá Alimentos Empresarial,Fortaleza,CE,2024-02-10,Ativo
3793,Gestão Cristal Comunicação Ltda.,Campinas,SP,2022-10-22,Ativo
3794,Grupo Vanguarda Soluções Digitais S.A.,Goiânia,GO,2024-11-11,Ativo
3795,Soluções Capital Suprimentos Ltda.,Belo Horizonte,MG,2022-11-20,Inativo
3796,Corporativa Avante Construção Comércio e Serviços,Belém,PA,2023-06-20,Ativo
3797,Varejista Pioneira Construção Empresarial,Manaus,AM,2022-09-15,Ativo
3798,Empreendimentos Pacífico Comércio Comércio e Serviços,Belo Horizonte,MG,2026-02-02,Ativo
3799,Importadora Primavera Materiais Ltda.,Feira de Santana,BA,2024-11-13,Ativo
3800,Indústria Delta Móveis Empresarial,Salvador,BA,2026-05-30,Ativo
3801,Comercial Vale Verde Engenharia Ltda.,São Luís,MA,2023-04-16,Ativo
3802,Tecnologia Evolução Materiais Comércio e Serviços,Palmas,TO,2023-09-08,Ativo
3803,Gestão Fortaleza Móveis Empresarial,Recife,PE,2022-01-21,Inativo
3804,Distribuidora Monte Azul Equipamentos S.A.,Palmas,TO,2023-12-16,Ativo
3805,Representações Conquista Suprimentos Empresarial,Brasília,DF,2024-08-29,Ativo
3806,Integração Dinâmica Alimentos Comércio e Serviços,Curitiba,PR,2024-08-04,Ativo
3807,Corporativa Bandeirante Móveis Comércio e Serviços,Belém,PA,2026-07-19,Ativo
3808,Integração Central Serviços Empresariais Empresarial,Recife,PE,2026-07-20,Inativo
3809,Grupo Vanguarda Móveis Empresarial,Rio de Janeiro,RJ,2022-08-27,Ativo
3810,Negócios Pacífico Energia Ltda.,Florianópolis,SC,2023-05-06,Ativo
3811,Distribuidora Ideal Construção S.A.,Rio Branco,AC,2023-05-13,Ativo
3812,Companhia Brasília Suprimentos Comércio e Serviços,Natal,RN,2022-10-01,Ativo
3813,Consultoria Fortaleza Comércio S.A.,Anápolis,GO,2023-03-11,Ativo
3814,Gestão Conecta Equipamentos Comércio e Serviços,Caxias do Sul,RS,2024-06-27,Ativo
3815,Negócios Buriti Sistemas Ltda.,Rio Branco,AC,2024-06-23,Ativo
3816,Logística Pacífico Tecnologia Empresarial,Ribeirão Preto,SP,2026-07-18,Ativo
3817,Importadora Ápice Móveis Ltda.,Joinville,SC,2024-08-23,Ativo
3818,Comercial Veredas Tecnologia S.A.,Boa Vista,RR,2023-11-29,Ativo
3819,Soluções Delta Serviços Empresariais S.A.,Porto Alegre,RS,2026-03-08,Ativo
3820,Indústria Pacífico Soluções Digitais Ltda.,Aracaju,SE,2022-12-15,Ativo
3821,Mercantil Cedro Sistemas Comércio e Serviços,Anápolis,GO,2023-08-09,Ativo
3822,Distribuidora Bandeirante Alimentos Empresarial,São Luís,MA,2022-05-02,Ativo
3823,Comercial Pantanal Tecnologia Empresarial,Boa Vista,RR,2024-12-21,Ativo
3824,Grupo Progresso Construção Empresarial,Recife,PE,2023-04-27,Ativo
3825,Negócios Horizonte Engenharia Empresarial,Natal,RN,2024-08-19,Ativo
3826,Soluções Pacífico Soluções Digitais Comércio e Serviços,Uberlândia,MG,2023-11-05,Ativo
3827,Integração Litoral Engenharia Comércio e Serviços,Brasília,DF,2025-05-16,Inativo
3828,Comercial Essencial Serviços Empresariais Ltda.,Maceió,AL,2023-12-08,Ativo
3829,Tecnologia Delta Transportes Comércio e Serviços,Porto Alegre,RS,2024-09-16,Ativo
3830,Gestão Imperial Tecnologia Empresarial,Salvador,BA,2023-03-09,Ativo
3831,Mercantil Vitória Comércio Ltda.,São Paulo,SP,2025-01-21,Inativo
3832,Consultoria Nova Era Engenharia Ltda.,Aracaju,SE,2022-09-16,Ativo
3833,Logística Alvorada Transportes S.A.,Rio Branco,AC,2025-06-16,Ativo
3834,Consultoria Excelência Materiais Ltda.,Florianópolis,SC,2023-10-26,Ativo
3835,Distribuidora Metropolitana Transportes Empresarial,Florianópolis,SC,2024-07-23,Ativo
3836,Mercantil Regional Serviços Empresariais Comércio e Serviços,Belém,PA,2022-08-29,Ativo
3837,Serviços Vanguarda Comércio Comércio e Serviços,Fortaleza,CE,2023-04-01,Ativo
3838,Importadora Nacional Engenharia Ltda.,Santos,SP,2024-03-29,Ativo
3839,Gestão Progresso Sistemas S.A.,Recife,PE,2023-09-13,Ativo
3840,Representações Nacional Equipamentos Comércio e Serviços,Campo Grande,MS,2023-04-19,Ativo
3841,Atacadista Brasília Sistemas Empresarial,Aracaju,SE,2024-12-25,Ativo
3842,Soluções Nexus Transportes Ltda.,Rio Branco,AC,2022-03-28,Ativo
3843,Integração Referência Engenharia Empresarial,Rio de Janeiro,RJ,2024-04-13,Ativo
3844,Soluções Sinergia Construção Empresarial,Macapá,AP,2024-09-14,Ativo
3845,Tecnologia Nexus Comércio Comércio e Serviços,Goiânia,GO,2023-08-16,Ativo
3846,Companhia Liberdade Tecnologia Ltda.,Porto Velho,RO,2022-02-11,Ativo
3847,Importadora Litoral Transportes S.A.,Campinas,SP,2026-07-17,Ativo
3848,Corporativa Orbe Comunicação Empresarial,Uberlândia,MG,2022-12-12,Ativo
3849,Importadora Capital Equipamentos Empresarial,Londrina,PR,2022-05-22,Ativo
3850,Comercial Confiança Tecnologia Ltda.,Caxias do Sul,RS,2023-02-11,Ativo
3851,Distribuidora Sol Nascente Sistemas S.A.,Joinville,SC,2023-10-01,Ativo
3852,Gestão Fortaleza Tecnologia Comércio e Serviços,Santos,SP,2023-01-16,Ativo
3853,Consultoria Prime Suprimentos Empresarial,Fortaleza,CE,2024-10-13,Ativo
3854,Companhia Vitória Serviços Empresariais Comércio e Serviços,Joinville,SC,2023-04-15,Ativo
3855,Soluções Pacífico Equipamentos Comércio e Serviços,Florianópolis,SC,2026-06-23,Ativo
3856,Representações Progresso Comunicação Comércio e Serviços,Joinville,SC,2025-01-03,Ativo
3857,Serviços Orbe Alimentos Empresarial,Caxias do Sul,RS,2024-05-13,Ativo
3858,Grupo Alvorada Construção S.A.,Niterói,RJ,2025-10-10,Ativo
3859,Soluções Nacional Serviços Empresariais Empresarial,Santos,SP,2026-01-06,Inativo
3860,Comercial Delta Móveis Ltda.,Uberlândia,MG,2025-07-27,Ativo
3861,Gestão Vanguarda Serviços Empresariais S.A.,Uberlândia,MG,2023-07-29,Ativo
3862,Gestão Nova Era Sistemas Ltda.,Palmas,TO,2026-01-27,Ativo
3863,Serviços Cristal Serviços Empresariais S.A.,Aracaju,SE,2023-10-06,Ativo
3864,Atacadista Ipê Soluções Digitais S.A.,Porto Alegre,RS,2025-02-03,Ativo
3865,Logística Pioneira Equipamentos Empresarial,Macapá,AP,2025-04-12,Ativo
3866,Distribuidora Progresso Sistemas Ltda.,Porto Velho,RO,2023-04-18,Ativo
3867,Consultoria Primavera Suprimentos Ltda.,São Paulo,SP,2024-05-28,Ativo
3868,Soluções Cedro Alimentos Comércio e Serviços,Campinas,SP,2025-08-25,Ativo
3869,Integração Metropolitana Alimentos S.A.,Caxias do Sul,RS,2026-02-05,Ativo
3870,Logística Sol Nascente Engenharia S.A.,Juiz de Fora,MG,2023-02-18,Ativo
3871,Corporativa Continental Energia Empresarial,Macapá,AP,2026-02-08,Ativo
3872,Grupo Araucária Comércio Comércio e Serviços,Rio Branco,AC,2024-06-16,Ativo
3873,Companhia Sigma Serviços Empresariais Empresarial,Salvador,BA,2023-05-01,Ativo
3874,Companhia Progresso Comércio Comércio e Serviços,Cuiabá,MT,2025-10-17,Ativo
3875,Indústria Ipê Equipamentos S.A.,Caxias do Sul,RS,2023-01-10,Inativo
3876,Serviços Excelência Equipamentos Comércio e Serviços,Campo Grande,MS,2023-12-28,Ativo
3877,Grupo Cedro Equipamentos Empresarial,Joinville,SC,2023-11-16,Ativo
3878,Distribuidora Conquista Alimentos S.A.,Porto Alegre,RS,2023-09-05,Ativo
3879,Integração Dinâmica Comércio Empresarial,Teresina,PI,2022-12-26,Ativo
3880,Consultoria Horizonte Alimentos Comércio e Serviços,Aracaju,SE,2022-10-24,Ativo
3881,Integração Araucária Materiais S.A.,Rio Branco,AC,2026-07-14,Ativo
3882,Comercial Avante Tecnologia S.A.,Cuiabá,MT,2024-12-20,Inativo
3883,Mercantil Araucária Soluções Digitais Ltda.,Palmas,TO,2022-06-05,Ativo
3884,Comercial Cristal Construção Comércio e Serviços,Porto Velho,RO,2024-08-31,Ativo
3885,Grupo União Soluções Digitais Ltda.,Rio Branco,AC,2024-09-19,Ativo
3886,Companhia Global Materiais Ltda.,Fortaleza,CE,2026-03-16,Ativo
3887,Integração Continental Móveis Ltda.,Goiânia,GO,2022-12-08,Ativo
3888,Varejista Jatobá Sistemas Comércio e Serviços,Campinas,SP,2022-03-13,Inativo
3889,Comercial Luz Móveis Comércio e Serviços,Recife,PE,2025-12-19,Ativo
3890,Comercial Prime Materiais Ltda.,Niterói,RJ,2022-05-03,Ativo
3891,Representações Conquista Tecnologia Comércio e Serviços,Aracaju,SE,2025-04-01,Inativo
3892,Consultoria Buriti Engenharia Ltda.,Natal,RN,2025-01-21,Ativo
3893,Consultoria Avante Tecnologia Empresarial,Rio de Janeiro,RJ,2024-04-25,Ativo
3894,Comercial Estrela Equipamentos Ltda.,São Luís,MA,2024-10-15,Ativo
3895,Consultoria Orbe Materiais Comércio e Serviços,Santos,SP,2024-07-08,Ativo
3896,Comercial Metropolitana Energia Empresarial,Londrina,PR,2022-04-05,Ativo
3897,Corporativa Atlântica Equipamentos Empresarial,Feira de Santana,BA,2025-10-23,Ativo
3898,Atacadista Dinâmica Transportes Ltda.,Ribeirão Preto,SP,2023-01-09,Inativo
3899,Corporativa Nacional Alimentos Empresarial,Vitória,ES,2025-06-07,Ativo
3900,Varejista Buriti Móveis Empresarial,João Pessoa,PB,2022-10-25,Ativo
3901,Indústria Alvorada Comércio Empresarial,Brasília,DF,2023-05-13,Ativo
3902,Indústria Capital Tecnologia Empresarial,Campo Grande,MS,2023-01-17,Ativo
3903,Consultoria Planalto Comunicação Empresarial,Boa Vista,RR,2025-02-20,Ativo
3904,Logística Imperial Materiais Empresarial,Maceió,AL,2025-05-14,Ativo
3905,Representações Ipê Engenharia Ltda.,Teresina,PI,2025-03-14,Ativo
3906,Atacadista Vale Verde Móveis S.A.,Cuiabá,MT,2025-03-26,Ativo
3907,Atacadista Ouro Sistemas Empresarial,Salvador,BA,2025-06-04,Ativo
3908,Importadora Conecta Tecnologia Ltda.,Vitória,ES,2024-07-28,Ativo
3909,Comercial Regional Móveis S.A.,Uberlândia,MG,2023-10-25,Ativo
3910,Atacadista Nexus Alimentos Empresarial,Boa Vista,RR,2024-09-07,Ativo
3911,Tecnologia Conecta Materiais S.A.,Vitória,ES,2026-03-14,Ativo
3912,Varejista Central Comunicação S.A.,Vitória,ES,2022-11-08,Ativo
3913,Mercantil Real Transportes Ltda.,Goiânia,GO,2026-03-11,Ativo
3914,Negócios Vitória Comunicação Empresarial,Natal,RN,2025-08-21,Ativo
3915,Atacadista Bandeirante Comércio Ltda.,Goiânia,GO,2024-01-17,Ativo
3916,Integração Monte Azul Sistemas Comércio e Serviços,Goiânia,GO,2022-04-04,Ativo
3917,Integração Brasília Comunicação Ltda.,Natal,RN,2022-07-16,Ativo
3918,Indústria Suprema Energia Comércio e Serviços,Porto Velho,RO,2025-11-10,Ativo
3919,Consultoria Monte Azul Comunicação S.A.,Macapá,AP,2023-02-13,Ativo
3920,Companhia Premium Móveis S.A.,Campinas,SP,2022-03-27,Ativo
3921,Distribuidora Central Móveis Empresarial,Ribeirão Preto,SP,2025-07-18,Ativo
3922,Logística Aroeira Equipamentos S.A.,Brasília,DF,2022-03-11,Ativo
3923,Varejista Estrela Soluções Digitais Empresarial,Maceió,AL,2025-04-21,Ativo
3924,Negócios Jatobá Suprimentos Ltda.,Rio Branco,AC,2024-07-19,Ativo
3925,Varejista Amazônia Suprimentos Comércio e Serviços,Curitiba,PR,2025-06-01,Ativo
3926,Gestão Metropolitana Sistemas Empresarial,Recife,PE,2023-03-04,Ativo
3927,Corporativa Regional Comércio S.A.,Teresina,PI,2022-12-06,Ativo
3928,Grupo Cedro Materiais S.A.,Ribeirão Preto,SP,2026-02-23,Ativo
3929,Negócios Vale Verde Suprimentos Comércio e Serviços,Teresina,PI,2024-09-18,Ativo
3930,Serviços Ouro Materiais Empresarial,Cuiabá,MT,2023-05-23,Ativo
3931,Gestão Real Energia Comércio e Serviços,Porto Velho,RO,2025-09-02,Ativo
3932,Empreendimentos Nova Era Materiais Ltda.,Caxias do Sul,RS,2026-07-15,Ativo
3933,Integração Master Transportes Comércio e Serviços,Juiz de Fora,MG,2024-03-21,Ativo
3934,Mercantil Integra Energia Comércio e Serviços,João Pessoa,PB,2023-11-20,Ativo
3935,Distribuidora Integra Suprimentos Comércio e Serviços,Fortaleza,CE,2023-06-07,Inativo
3936,Tecnologia Confiança Serviços Empresariais S.A.,Cuiabá,MT,2026-02-21,Ativo
3937,Mercantil Real Serviços Empresariais Comércio e Serviços,Vitória,ES,2025-09-05,Ativo
3938,Serviços Fortaleza Engenharia S.A.,Palmas,TO,2026-03-19,Ativo
3939,Empreendimentos Jatobá Engenharia S.A.,Manaus,AM,2026-07-27,Ativo
3940,Soluções Araucária Equipamentos S.A.,Curitiba,PR,2024-01-25,Inativo
3941,Indústria Progresso Serviços Empresariais S.A.,Fortaleza,CE,2022-12-19,Ativo
3942,Varejista Prime Tecnologia Ltda.,Feira de Santana,BA,2024-07-29,Ativo
3943,Serviços Planalto Alimentos S.A.,João Pessoa,PB,2022-09-04,Ativo
3944,Indústria Alvorada Suprimentos Comércio e Serviços,Anápolis,GO,2026-04-13,Ativo
3945,Companhia Essencial Transportes Comércio e Serviços,Palmas,TO,2026-03-14,Ativo
3946,Comercial Atlântica Soluções Digitais Ltda.,Boa Vista,RR,2022-11-13,Ativo
3947,Mercantil Estrela Serviços Empresariais Ltda.,Goiânia,GO,2022-03-09,Ativo
3948,Tecnologia Nexus Construção Empresarial,Recife,PE,2023-03-21,Ativo
3949,Tecnologia Vitória Alimentos Empresarial,Natal,RN,2023-03-29,Ativo
3950,Indústria Imperial Transportes Comércio e Serviços,Macapá,AP,2022-04-10,Ativo
3951,Companhia Sol Nascente Comunicação Comércio e Serviços,São Paulo,SP,2024-09-30,Ativo
3952,Gestão Master Materiais Ltda.,Londrina,PR,2024-06-18,Ativo
3953,Consultoria Ideal Soluções Digitais Ltda.,Recife,PE,2025-09-25,Ativo
3954,Gestão Buriti Engenharia Comércio e Serviços,Brasília,DF,2022-11-26,Ativo
3955,Corporativa Vector Engenharia Ltda.,Uberlândia,MG,2026-06-11,Ativo
3956,Integração Premium Materiais Ltda.,Juiz de Fora,MG,2026-07-19,Ativo
3957,Atacadista Imperial Comunicação S.A.,Cuiabá,MT,2023-12-25,Ativo
3958,Importadora Ômega Construção Ltda.,João Pessoa,PB,2022-04-23,Ativo
3959,Comercial Aroeira Comunicação S.A.,Boa Vista,RR,2024-07-04,Ativo
3960,Comercial Excelência Energia Comércio e Serviços,Maceió,AL,2024-02-27,Ativo
3961,Varejista Serra Sistemas Ltda.,Macapá,AP,2025-07-07,Ativo
3962,Importadora Cedro Materiais Comércio e Serviços,Santos,SP,2025-08-19,Ativo
3963,Atacadista Estrela Engenharia S.A.,Rio de Janeiro,RJ,2025-04-15,Ativo
3964,Importadora Estrela Comércio S.A.,Brasília,DF,2024-01-10,Ativo
3965,Grupo Metropolitana Materiais S.A.,Uberlândia,MG,2023-03-22,Ativo
3966,Comercial Luz Tecnologia Empresarial,Curitiba,PR,2023-09-14,Ativo
3967,Integração Suprema Transportes Empresarial,Goiânia,GO,2025-10-12,Ativo
3968,Consultoria Pioneira Comércio Ltda.,Belém,PA,2023-11-26,Ativo
3969,Corporativa Sinergia Comércio S.A.,Caxias do Sul,RS,2026-06-06,Ativo
3970,Consultoria Luz Materiais Comércio e Serviços,Belo Horizonte,MG,2022-02-22,Inativo
3971,Negócios Evolução Comércio Ltda.,Feira de Santana,BA,2023-01-10,Ativo
3972,Mercantil Conecta Comunicação Ltda.,Natal,RN,2024-04-19,Ativo
3973,Gestão Diamante Transportes Empresarial,Belo Horizonte,MG,2025-10-07,Ativo
3974,Empreendimentos Prime Equipamentos S.A.,Vitória,ES,2024-09-06,Ativo
3975,Corporativa Confiança Comunicação S.A.,Porto Velho,RO,2023-06-10,Ativo
3976,Tecnologia Vitória Móveis Comércio e Serviços,Boa Vista,RR,2023-10-14,Ativo
3977,Negócios Master Construção Comércio e Serviços,Recife,PE,2023-03-25,Inativo
3978,Gestão Prime Suprimentos Ltda.,Natal,RN,2024-04-29,Ativo
3979,Distribuidora Alvorada Engenharia S.A.,Belo Horizonte,MG,2026-04-28,Ativo
3980,Importadora Alvorada Sistemas S.A.,Uberlândia,MG,2022-08-08,Ativo
3981,Comercial Luz Energia Comércio e Serviços,Joinville,SC,2023-10-07,Ativo
3982,Comercial Araucária Suprimentos S.A.,Manaus,AM,2025-04-05,Ativo
3983,Mercantil Araucária Móveis S.A.,Macapá,AP,2022-08-02,Ativo
3984,Companhia Confiança Energia Ltda.,Manaus,AM,2025-01-17,Ativo
3985,Grupo Excelência Serviços Empresariais Comércio e Serviços,Brasília,DF,2026-04-02,Ativo
3986,Indústria Dinâmica Móveis Empresarial,Caxias do Sul,RS,2024-04-05,Ativo
3987,Negócios Avante Soluções Digitais Empresarial,Aracaju,SE,2022-01-17,Ativo
3988,Grupo Vale Verde Comércio Comércio e Serviços,Belo Horizonte,MG,2023-07-02,Ativo
3989,Consultoria Atlântica Comunicação S.A.,Londrina,PR,2024-03-10,Inativo
3990,Importadora Vector Tecnologia Empresarial,Juiz de Fora,MG,2022-12-30,Ativo
3991,Serviços Delta Alimentos S.A.,Manaus,AM,2025-01-05,Ativo
3992,Representações Ipê Tecnologia Empresarial,Natal,RN,2026-03-29,Ativo
3993,Negócios Liberdade Equipamentos Comércio e Serviços,Juiz de Fora,MG,2022-06-18,Ativo
3994,Serviços Cristal Soluções Digitais Comércio e Serviços,Curitiba,PR,2026-03-13,Ativo
3995,Empreendimentos Jatobá Equipamentos S.A.,Campo Grande,MS,2022-09-03,Ativo
3996,Consultoria Continental Soluções Digitais Comércio e Serviços,Florianópolis,SC,2024-06-25,Ativo
3997,Atacadista Veredas Energia Ltda.,Boa Vista,RR,2022-03-19,Ativo
3998,Logística Continental Sistemas Ltda.,Brasília,DF,2023-08-30,Ativo
3999,Logística Cerrado Serviços Empresariais Comércio e Serviços,Fortaleza,CE,2023-01-10,Ativo
4000,Logística Nova Era Tecnologia Comércio e Serviços,Anápolis,GO,2025-04-12,Ativo
4001,Mercantil União Energia S.A.,Salvador,BA,2025-01-03,Ativo
4002,Distribuidora Horizonte Transportes Empresarial,Campo Grande,MS,2025-09-01,Ativo
4003,Gestão Real Suprimentos Empresarial,Brasília,DF,2022-12-30,Ativo
4004,Companhia Excelência Engenharia S.A.,Manaus,AM,2023-06-01,Ativo
4005,Empreendimentos Diamante Tecnologia Comércio e Serviços,Uberlândia,MG,2026-07-03,Ativo
4006,Tecnologia Araucária Construção Comércio e Serviços,Goiânia,GO,2025-10-04,Ativo
4007,Grupo Regional Suprimentos Comércio e Serviços,Brasília,DF,2022-10-12,Inativo
4008,Comercial Nacional Comunicação Comércio e Serviços,Rio de Janeiro,RJ,2026-03-22,Ativo
4009,Importadora Estrela Móveis Empresarial,Manaus,AM,2022-04-03,Ativo
4010,Consultoria Ouro Suprimentos Comércio e Serviços,Curitiba,PR,2022-01-05,Ativo
4011,Gestão Luz Comércio Empresarial,Natal,RN,2023-11-13,Ativo
4012,Gestão Cristal Transportes Empresarial,Boa Vista,RR,2025-03-23,Ativo
4013,Serviços Ideal Transportes Empresarial,Ribeirão Preto,SP,2024-10-22,Inativo
4014,Distribuidora Evolução Sistemas Empresarial,Porto Alegre,RS,2024-02-01,Ativo
4015,Atacadista Vanguarda Soluções Digitais Comércio e Serviços,Curitiba,PR,2024-09-24,Ativo
4016,Integração Evolução Suprimentos Comércio e Serviços,Caxias do Sul,RS,2023-10-09,Ativo
4017,Mercantil Esperança Sistemas Comércio e Serviços,Macapá,AP,2023-09-06,Ativo
4018,Integração Aroeira Equipamentos S.A.,Feira de Santana,BA,2023-08-10,Inativo
4019,Empreendimentos Amazônia Equipamentos S.A.,Santos,SP,2024-03-26,Ativo
4020,Companhia Suprema Comunicação Ltda.,Santos,SP,2024-04-09,Ativo
4021,Integração Litoral Equipamentos Ltda.,Goiânia,GO,2023-05-11,Ativo
4022,Tecnologia Dinâmica Construção Comércio e Serviços,Anápolis,GO,2022-03-14,Ativo
4023,Companhia Amazônia Tecnologia Comércio e Serviços,Campinas,SP,2024-07-26,Ativo
4024,Integração Esperança Sistemas S.A.,Curitiba,PR,2025-01-11,Ativo
4025,Companhia Veredas Construção Empresarial,Florianópolis,SC,2025-03-16,Inativo
4026,Representações Cristal Suprimentos Ltda.,Boa Vista,RR,2023-11-07,Ativo
4027,Corporativa Vanguarda Materiais S.A.,Santos,SP,2022-10-21,Ativo
4028,Distribuidora Diamante Móveis S.A.,Londrina,PR,2025-10-30,Ativo
4029,Grupo Fortaleza Construção Comércio e Serviços,Joinville,SC,2025-02-20,Ativo
4030,Representações Atlântica Engenharia S.A.,Belo Horizonte,MG,2024-02-23,Ativo
4031,Gestão Atlântica Energia Empresarial,Salvador,BA,2022-03-25,Ativo
4032,Comercial Nacional Engenharia Ltda.,Rio de Janeiro,RJ,2022-05-25,Ativo
4033,Tecnologia Planalto Equipamentos Comércio e Serviços,Belém,PA,2025-05-18,Inativo
4034,Grupo Ideal Equipamentos Ltda.,Londrina,PR,2023-07-15,Ativo
4035,Companhia Pioneira Construção S.A.,São Paulo,SP,2024-03-01,Ativo
4036,Consultoria Serra Materiais S.A.,Teresina,PI,2025-04-11,Ativo
4037,Logística Sol Nascente Energia Comércio e Serviços,Florianópolis,SC,2022-11-09,Inativo
4038,Representações Premium Móveis S.A.,Londrina,PR,2022-03-11,Ativo
4039,Varejista Vector Suprimentos Empresarial,Manaus,AM,2022-01-31,Ativo
4040,Comercial Avante Móveis S.A.,Curitiba,PR,2022-09-10,Ativo
4041,Varejista Monte Azul Engenharia Ltda.,Aracaju,SE,2025-11-20,Ativo
4042,Integração Brasília Comunicação S.A.,Fortaleza,CE,2025-11-27,Ativo
4043,Consultoria Sol Nascente Comércio Empresarial,Niterói,RJ,2024-03-19,Ativo
4044,Importadora Alvorada Materiais Comércio e Serviços,Santos,SP,2024-11-25,Ativo
4045,Serviços União Transportes Comércio e Serviços,Recife,PE,2022-09-19,Ativo
4046,Tecnologia Cedro Alimentos Comércio e Serviços,Macapá,AP,2023-02-21,Ativo
4047,Serviços Vector Energia S.A.,Cuiabá,MT,2023-09-22,Ativo
4048,Distribuidora Master Suprimentos Empresarial,São Luís,MA,2026-05-07,Ativo
4049,Integração Brasília Móveis Comércio e Serviços,Belo Horizonte,MG,2026-03-14,Ativo
4050,Varejista Orbe Sistemas Comércio e Serviços,Rio de Janeiro,RJ,2023-08-15,Ativo
4051,Distribuidora Litoral Alimentos Ltda.,Campinas,SP,2024-09-02,Ativo
4052,Negócios Referência Materiais Comércio e Serviços,Porto Velho,RO,2023-04-14,Ativo
4053,Atacadista Suprema Comércio S.A.,Maceió,AL,2026-06-18,Ativo
4054,Consultoria Amazônia Soluções Digitais Comércio e Serviços,Florianópolis,SC,2024-04-10,Ativo
4055,Importadora Nacional Transportes Comércio e Serviços,Macapá,AP,2022-03-13,Ativo
4056,Representações Imperial Energia Empresarial,Recife,PE,2025-05-16,Ativo
4057,Atacadista Master Tecnologia Ltda.,Florianópolis,SC,2023-04-26,Inativo
4058,Mercantil Conquista Suprimentos Comércio e Serviços,Campo Grande,MS,2025-03-18,Ativo
4059,Logística Liberdade Sistemas S.A.,Goiânia,GO,2023-11-29,Ativo
4060,Companhia Alvorada Serviços Empresariais Empresarial,Palmas,TO,2022-04-14,Ativo
4061,Comercial Dinâmica Comércio Ltda.,Aracaju,SE,2023-02-04,Ativo
4062,Negócios Nacional Transportes Empresarial,Feira de Santana,BA,2023-12-08,Ativo
4063,Tecnologia Horizonte Materiais Comércio e Serviços,Cuiabá,MT,2023-02-27,Ativo
4064,Companhia Referência Comércio Comércio e Serviços,São Paulo,SP,2022-07-12,Ativo
4065,Empreendimentos Litoral Móveis Empresarial,Londrina,PR,2023-07-22,Ativo
4066,Gestão Bandeirante Transportes Empresarial,Campinas,SP,2024-01-24,Ativo
4067,Comercial Real Transportes Ltda.,Anápolis,GO,2025-11-25,Ativo
4068,Consultoria Horizonte Equipamentos Empresarial,Florianópolis,SC,2023-04-06,Ativo
4069,Companhia Nacional Comunicação Comércio e Serviços,Belém,PA,2022-12-01,Ativo
4070,Integração Araucária Transportes Empresarial,Juiz de Fora,MG,2023-03-11,Ativo
4071,Negócios Dinâmica Móveis Empresarial,Joinville,SC,2026-06-01,Ativo
4072,Representações Fortaleza Equipamentos Ltda.,Boa Vista,RR,2024-02-13,Ativo
4073,Negócios Cristal Equipamentos Ltda.,Palmas,TO,2023-01-03,Ativo
4074,Negócios Brasília Engenharia Comércio e Serviços,Porto Velho,RO,2026-06-26,Ativo
4075,Mercantil Amazônia Transportes Empresarial,Porto Velho,RO,2023-03-09,Ativo
4076,Serviços Luz Energia Empresarial,Porto Velho,RO,2023-12-29,Ativo
4077,Corporativa Ômega Engenharia S.A.,Manaus,AM,2026-01-15,Inativo
4078,Gestão Continental Equipamentos Comércio e Serviços,Niterói,RJ,2023-10-12,Ativo
4079,Comercial Vector Engenharia Comércio e Serviços,Fortaleza,CE,2025-01-18,Ativo
4080,Logística Global Construção Comércio e Serviços,Londrina,PR,2024-09-25,Ativo
4081,Grupo Global Alimentos S.A.,Belém,PA,2023-11-11,Ativo
4082,Tecnologia Cedro Sistemas Comércio e Serviços,São Luís,MA,2024-05-24,Ativo
4083,Grupo Brasília Móveis S.A.,Recife,PE,2024-03-24,Ativo
4084,Atacadista Esperança Móveis Comércio e Serviços,Florianópolis,SC,2026-05-11,Ativo
4085,Indústria Essencial Móveis Ltda.,Teresina,PI,2024-03-22,Ativo
4086,Logística Pioneira Materiais Empresarial,Santos,SP,2022-03-23,Ativo
4087,Atacadista Jatobá Energia Ltda.,Florianópolis,SC,2025-09-08,Ativo
4088,Distribuidora Orbe Energia Ltda.,Natal,RN,2026-03-26,Ativo
4089,Logística Cristal Comércio S.A.,Anápolis,GO,2022-09-29,Ativo
4090,Soluções Ouro Equipamentos Empresarial,Manaus,AM,2023-05-11,Ativo
4091,Companhia Capital Serviços Empresariais Ltda.,Campo Grande,MS,2022-01-10,Ativo
4092,Soluções Prime Engenharia S.A.,Florianópolis,SC,2023-07-20,Ativo
4093,Grupo Delta Construção S.A.,Porto Alegre,RS,2023-10-18,Ativo
4094,Mercantil Progresso Móveis Comércio e Serviços,João Pessoa,PB,2023-10-23,Inativo
4095,Atacadista Master Comércio S.A.,Belo Horizonte,MG,2022-12-31,Ativo
4096,Logística Regional Transportes Comércio e Serviços,Teresina,PI,2022-08-30,Ativo
4097,Empreendimentos Ápice Construção Comércio e Serviços,Porto Alegre,RS,2024-05-31,Inativo
4098,Serviços Primavera Equipamentos Empresarial,Caxias do Sul,RS,2023-11-15,Ativo
4099,Distribuidora Vale Verde Soluções Digitais Comércio e Serviços,Macapá,AP,2022-09-25,Inativo
4100,Importadora Evolução Comunicação Empresarial,Cuiabá,MT,2023-03-31,Ativo
4101,Grupo Nacional Transportes Empresarial,Belém,PA,2022-06-08,Ativo
4102,Representações Alvorada Construção Empresarial,Maringá,PR,2024-01-22,Ativo
4103,Companhia Integra Transportes S.A.,Natal,RN,2022-03-31,Inativo
4104,Integração Delta Comércio S.A.,Caxias do Sul,RS,2022-05-29,Inativo
4105,Distribuidora Litoral Equipamentos Ltda.,Joinville,SC,2023-11-26,Ativo
4106,Logística Evolução Construção Empresarial,Campo Grande,MS,2023-03-05,Ativo
4107,Soluções Pantanal Comércio S.A.,Juiz de Fora,MG,2022-07-29,Ativo
4108,Serviços Atlântica Comércio Ltda.,Belém,PA,2024-12-25,Ativo
4109,Negócios Monte Azul Materiais Comércio e Serviços,João Pessoa,PB,2026-07-19,Ativo
4110,Serviços Araucária Comunicação Comércio e Serviços,Fortaleza,CE,2024-08-11,Ativo
4111,Empreendimentos Suprema Suprimentos Comércio e Serviços,Brasília,DF,2025-09-18,Ativo
4112,Corporativa Primavera Móveis S.A.,São Luís,MA,2026-02-10,Ativo
4113,Grupo Sol Nascente Comunicação Empresarial,Boa Vista,RR,2025-02-20,Ativo
4114,Mercantil Ápice Engenharia Empresarial,Maringá,PR,2022-03-15,Ativo
4115,Mercantil Ouro Tecnologia Ltda.,São Luís,MA,2024-08-02,Ativo
4116,Logística Sol Nascente Equipamentos Empresarial,Santos,SP,2025-10-05,Ativo
4117,Comercial Ipê Tecnologia Ltda.,Caxias do Sul,RS,2024-02-11,Ativo
4118,Mercantil Litoral Soluções Digitais S.A.,Juiz de Fora,MG,2023-09-24,Ativo
4119,Corporativa Real Transportes Comércio e Serviços,Aracaju,SE,2023-01-24,Ativo
4120,Tecnologia Primavera Construção Comércio e Serviços,Campo Grande,MS,2022-04-01,Ativo
4121,Serviços Premium Comunicação Ltda.,Londrina,PR,2022-02-16,Ativo
4122,Varejista Continental Transportes Ltda.,Boa Vista,RR,2022-03-15,Ativo
4123,Corporativa Primavera Sistemas S.A.,Campinas,SP,2023-06-23,Ativo
4124,Gestão Vitória Soluções Digitais Comércio e Serviços,Juiz de Fora,MG,2024-04-01,Inativo
4125,Grupo Jatobá Energia Empresarial,Niterói,RJ,2023-09-21,Ativo
4126,Integração Estrela Equipamentos Comércio e Serviços,Salvador,BA,2022-12-25,Ativo
4127,Comercial Amazônia Tecnologia Empresarial,Natal,RN,2026-01-29,Ativo
4128,Tecnologia Cristal Sistemas S.A.,Natal,RN,2025-02-28,Ativo
4129,Representações Sinergia Tecnologia Empresarial,Teresina,PI,2025-06-24,Ativo
4130,Gestão Progresso Transportes S.A.,Aracaju,SE,2022-03-05,Ativo
4131,Importadora Delta Transportes S.A.,Curitiba,PR,2024-12-17,Ativo
4132,Negócios Global Materiais S.A.,Maceió,AL,2026-04-07,Ativo
4133,Indústria Orbe Comércio Empresarial,Belém,PA,2026-04-30,Ativo
4134,Negócios Ômega Suprimentos Comércio e Serviços,Ribeirão Preto,SP,2023-05-22,Ativo
4135,Gestão Essencial Comunicação S.A.,Juiz de Fora,MG,2023-11-25,Ativo
4136,Comercial Jatobá Energia S.A.,Manaus,AM,2023-01-29,Ativo
4137,Gestão Horizonte Alimentos Ltda.,Teresina,PI,2025-03-17,Ativo
4138,Comercial Capital Suprimentos Empresarial,Porto Velho,RO,2025-08-21,Inativo
4139,Serviços Global Móveis S.A.,Belo Horizonte,MG,2024-10-14,Ativo
4140,Logística Veredas Serviços Empresariais Ltda.,Goiânia,GO,2022-09-26,Inativo
4141,Atacadista Progresso Serviços Empresariais Empresarial,Joinville,SC,2023-07-11,Ativo
4142,Mercantil Primavera Móveis Empresarial,Anápolis,GO,2023-09-20,Ativo
4143,Soluções Continental Comércio Empresarial,São Luís,MA,2025-04-11,Ativo
4144,Indústria Dinâmica Comércio Comércio e Serviços,Fortaleza,CE,2022-07-18,Ativo
4145,Atacadista Safira Transportes Empresarial,Santos,SP,2026-01-08,Ativo
4146,Corporativa Orbe Energia S.A.,Maceió,AL,2025-11-03,Ativo
4147,Logística Premium Sistemas Empresarial,Campinas,SP,2023-03-16,Ativo
4148,Negócios Atlântica Construção Ltda.,João Pessoa,PB,2022-03-08,Ativo
4149,Consultoria Ômega Equipamentos S.A.,João Pessoa,PB,2024-12-29,Ativo
4150,Corporativa Amazônia Serviços Empresariais Ltda.,São Luís,MA,2023-02-19,Ativo
4151,Grupo Continental Construção Comércio e Serviços,Fortaleza,CE,2026-07-10,Ativo
4152,Gestão Cedro Soluções Digitais Ltda.,Belém,PA,2023-12-03,Ativo
4153,Grupo Regional Materiais Empresarial,Uberlândia,MG,2024-04-10,Ativo
4154,Atacadista Global Equipamentos S.A.,Natal,RN,2022-02-22,Ativo
4155,Tecnologia Ouro Móveis Empresarial,João Pessoa,PB,2026-03-08,Ativo
4156,Distribuidora União Tecnologia Comércio e Serviços,Feira de Santana,BA,2022-05-15,Inativo
4157,Mercantil Ideal Energia S.A.,Feira de Santana,BA,2025-06-02,Ativo
4158,Negócios Liberdade Sistemas Ltda.,Campinas,SP,2023-03-13,Ativo
4159,Indústria Metropolitana Comércio S.A.,Rio Branco,AC,2023-05-20,Ativo
4160,Importadora Regional Comunicação Empresarial,Maceió,AL,2022-11-21,Ativo
4161,Soluções Orbe Comércio S.A.,Porto Alegre,RS,2022-08-18,Ativo
4162,Corporativa Integra Móveis Empresarial,Vitória,ES,2023-10-12,Ativo
4163,Varejista Sol Nascente Engenharia Ltda.,São Paulo,SP,2025-08-21,Ativo
4164,Companhia Confiança Serviços Empresariais Comércio e Serviços,Fortaleza,CE,2025-03-10,Ativo
4165,Empreendimentos Orbe Engenharia Ltda.,Niterói,RJ,2023-07-31,Inativo
4166,Negócios Alvorada Tecnologia S.A.,Campo Grande,MS,2022-08-02,Ativo
4167,Importadora Excelência Engenharia Comércio e Serviços,Rio de Janeiro,RJ,2024-09-04,Ativo
4168,Distribuidora Luz Sistemas Empresarial,Feira de Santana,BA,2025-04-15,Ativo
4169,Atacadista Cerrado Comércio S.A.,Cuiabá,MT,2022-06-04,Ativo
4170,Gestão Atlântica Comércio S.A.,Rio Branco,AC,2022-10-17,Ativo
4171,Negócios Cristal Engenharia S.A.,Anápolis,GO,2022-01-30,Ativo
4172,Atacadista Aroeira Suprimentos Empresarial,Campo Grande,MS,2023-05-19,Ativo
4173,Corporativa Master Comunicação Ltda.,Salvador,BA,2024-07-28,Ativo
4174,Empreendimentos Dinâmica Soluções Digitais Empresarial,Maringá,PR,2026-07-10,Ativo
4175,Varejista Referência Comércio Comércio e Serviços,Londrina,PR,2023-06-16,Ativo
4176,Grupo Nacional Alimentos Ltda.,Porto Velho,RO,2025-02-10,Ativo
4177,Distribuidora Ideal Soluções Digitais S.A.,Macapá,AP,2026-04-14,Ativo
4178,Consultoria Capital Materiais S.A.,Porto Alegre,RS,2025-01-26,Ativo
4179,Importadora Veredas Comércio S.A.,Maringá,PR,2025-09-29,Ativo
4180,Corporativa Buriti Alimentos Comércio e Serviços,Maceió,AL,2024-07-09,Ativo
4181,Atacadista Cristal Comunicação Empresarial,Macapá,AP,2022-05-13,Ativo
4182,Mercantil Sigma Móveis S.A.,Maringá,PR,2024-03-23,Ativo
4183,Varejista Monte Azul Alimentos Empresarial,Curitiba,PR,2023-06-07,Ativo
4184,Logística Master Transportes Ltda.,Rio de Janeiro,RJ,2025-11-09,Ativo
4185,Comercial Buriti Serviços Empresariais Empresarial,João Pessoa,PB,2023-09-13,Ativo
4186,Corporativa Fortaleza Serviços Empresariais Comércio e Serviços,Natal,RN,2025-04-29,Ativo
4187,Tecnologia Essencial Serviços Empresariais Ltda.,Salvador,BA,2022-03-12,Ativo
4188,Soluções Vale Verde Transportes Ltda.,Campo Grande,MS,2025-10-24,Ativo
4189,Negócios Prime Tecnologia S.A.,Macapá,AP,2023-10-03,Inativo
4190,Tecnologia Liberdade Suprimentos Comércio e Serviços,Santos,SP,2022-05-01,Ativo
4191,Grupo Conquista Equipamentos S.A.,Macapá,AP,2026-03-06,Ativo
4192,Atacadista Orbe Alimentos Comércio e Serviços,Palmas,TO,2023-03-26,Ativo
4193,Representações Safira Comunicação S.A.,Curitiba,PR,2023-11-12,Inativo
4194,Tecnologia Liberdade Engenharia Ltda.,Recife,PE,2023-02-28,Ativo
4195,Grupo Bandeirante Comunicação Ltda.,São Luís,MA,2023-12-07,Ativo
4196,Logística Safira Móveis Ltda.,Cuiabá,MT,2022-04-20,Ativo
4197,Serviços Horizonte Transportes Comércio e Serviços,Recife,PE,2026-06-07,Inativo
4198,Serviços Ouro Móveis Ltda.,Boa Vista,RR,2022-01-15,Ativo
4199,Indústria Estrela Materiais Comércio e Serviços,João Pessoa,PB,2024-12-31,Ativo
4200,Negócios Excelência Soluções Digitais Ltda.,São Luís,MA,2025-02-27,Ativo
4201,Gestão Avante Comércio S.A.,Caxias do Sul,RS,2023-10-31,Ativo
4202,Distribuidora Continental Transportes Comércio e Serviços,Uberlândia,MG,2025-10-09,Ativo
4203,Mercantil Global Serviços Empresariais Empresarial,Caxias do Sul,RS,2022-04-03,Ativo
4204,Logística Global Sistemas S.A.,Campinas,SP,2022-10-04,Inativo
4205,Companhia Diamante Engenharia Empresarial,Londrina,PR,2025-01-11,Ativo
4206,Logística Ômega Alimentos S.A.,Natal,RN,2024-07-22,Ativo
4207,Logística Buriti Alimentos Comércio e Serviços,Uberlândia,MG,2024-03-23,Ativo
4208,Logística Pioneira Energia Empresarial,Teresina,PI,2025-04-12,Ativo
4209,Atacadista Regional Construção Ltda.,Porto Velho,RO,2024-05-25,Ativo
4210,Logística Nacional Sistemas Empresarial,Maringá,PR,2022-12-14,Ativo
4211,Tecnologia Pantanal Tecnologia Empresarial,Ribeirão Preto,SP,2024-05-19,Ativo
4212,Importadora Ideal Comércio S.A.,Recife,PE,2025-12-02,Ativo
4213,Gestão Vitória Transportes Ltda.,Santos,SP,2025-04-07,Ativo
4214,Importadora Sigma Alimentos Empresarial,Recife,PE,2023-02-15,Ativo
4215,Consultoria Fortaleza Energia Comércio e Serviços,Natal,RN,2025-03-02,Ativo
4216,Importadora Esperança Móveis Comércio e Serviços,Salvador,BA,2025-05-08,Ativo
4217,Companhia Avante Materiais S.A.,Macapá,AP,2025-12-03,Ativo
4218,Grupo Pacífico Alimentos Comércio e Serviços,Belém,PA,2023-12-08,Ativo
4219,Corporativa Conecta Alimentos Ltda.,Aracaju,SE,2022-11-12,Inativo
4220,Logística Serra Serviços Empresariais Ltda.,Belém,PA,2024-10-03,Ativo
4221,Corporativa Central Comunicação Comércio e Serviços,São Luís,MA,2023-10-09,Inativo
4222,Representações Pantanal Materiais Comércio e Serviços,Juiz de Fora,MG,2024-03-05,Ativo
4223,Integração Evolução Energia Empresarial,Porto Velho,RO,2022-08-13,Ativo
4224,Atacadista Pioneira Energia Empresarial,Aracaju,SE,2022-03-23,Ativo
4225,Importadora Amazônia Comércio Empresarial,Maringá,PR,2025-02-26,Ativo
4226,Mercantil Atlântica Sistemas Empresarial,Rio de Janeiro,RJ,2023-05-13,Ativo
4227,Comercial Buriti Transportes Comércio e Serviços,Joinville,SC,2022-12-21,Inativo
4228,Varejista Sigma Transportes Empresarial,Campinas,SP,2022-02-11,Ativo
4229,Grupo Dinâmica Transportes Ltda.,Cuiabá,MT,2026-03-10,Ativo
4230,Integração Horizonte Comunicação Empresarial,Santos,SP,2024-11-19,Ativo
4231,Negócios Confiança Construção Ltda.,João Pessoa,PB,2022-06-28,Ativo
4232,Representações Safira Materiais Comércio e Serviços,Porto Alegre,RS,2023-06-25,Inativo
4233,Varejista Sol Nascente Comércio Ltda.,Belo Horizonte,MG,2025-08-13,Ativo
4234,Integração Cerrado Tecnologia Comércio e Serviços,Aracaju,SE,2022-08-30,Ativo
4235,Integração Primavera Comunicação Empresarial,Manaus,AM,2022-07-27,Ativo
4236,Comercial Ipê Móveis S.A.,Macapá,AP,2024-04-07,Ativo
4237,Tecnologia Horizonte Construção Ltda.,Cuiabá,MT,2023-07-14,Ativo
4238,Importadora Referência Comunicação S.A.,Teresina,PI,2024-10-16,Ativo
4239,Corporativa Confiança Móveis Comércio e Serviços,Boa Vista,RR,2022-06-08,Ativo
4240,Atacadista Planalto Comércio Ltda.,Cuiabá,MT,2023-04-23,Ativo
4241,Negócios Vale Verde Tecnologia Empresarial,Belém,PA,2025-02-20,Ativo
4242,Atacadista Litoral Construção Ltda.,Porto Alegre,RS,2024-06-20,Ativo
4243,Integração Delta Suprimentos Ltda.,Anápolis,GO,2023-02-20,Ativo
4244,Representações Global Suprimentos Empresarial,São Luís,MA,2024-04-24,Ativo
4245,Companhia Regional Sistemas S.A.,Aracaju,SE,2023-09-26,Inativo
4246,Companhia Conquista Engenharia Empresarial,Campinas,SP,2026-06-16,Ativo
4247,Serviços Global Serviços Empresariais Comércio e Serviços,Niterói,RJ,2023-07-16,Ativo
4248,Atacadista Serra Suprimentos Empresarial,Belo Horizonte,MG,2025-12-21,Ativo
4249,Indústria Ouro Transportes Ltda.,Macapá,AP,2024-10-24,Ativo
4250,Empreendimentos Confiança Materiais Empresarial,Goiânia,GO,2026-02-17,Ativo
4251,Representações Alvorada Suprimentos Comércio e Serviços,Santos,SP,2023-04-30,Ativo
4252,Mercantil Serra Materiais Comércio e Serviços,Belo Horizonte,MG,2025-09-20,Ativo
4253,Integração Nacional Equipamentos Empresarial,Maringá,PR,2025-08-23,Ativo
4254,Comercial Conecta Comércio S.A.,Vitória,ES,2023-01-14,Ativo
4255,Distribuidora Orbe Móveis Comércio e Serviços,Anápolis,GO,2025-08-12,Ativo
4256,Serviços Aroeira Transportes Ltda.,Teresina,PI,2026-02-23,Ativo
4257,Corporativa Vale Verde Soluções Digitais S.A.,Boa Vista,RR,2024-05-10,Ativo
4258,Tecnologia Prime Materiais Ltda.,São Paulo,SP,2024-12-18,Ativo
4259,Grupo Luz Alimentos Comércio e Serviços,João Pessoa,PB,2026-01-24,Ativo
4260,Empreendimentos Brasília Energia Ltda.,Campo Grande,MS,2023-02-04,Ativo
4261,Negócios Vector Alimentos Comércio e Serviços,Londrina,PR,2024-12-19,Ativo
4262,Corporativa Vale Verde Equipamentos S.A.,Campo Grande,MS,2026-04-09,Ativo
4263,Representações Premium Comércio Ltda.,Curitiba,PR,2026-02-10,Ativo
4264,Mercantil Master Equipamentos Empresarial,Belo Horizonte,MG,2022-04-12,Ativo
4265,Logística Ouro Construção S.A.,Vitória,ES,2023-03-21,Ativo
4266,Varejista Conquista Energia Ltda.,Recife,PE,2023-03-23,Ativo
4267,Comercial Ideal Sistemas S.A.,Teresina,PI,2026-05-31,Ativo
4268,Indústria Primavera Suprimentos Comércio e Serviços,Rio de Janeiro,RJ,2024-07-30,Ativo
4269,Empreendimentos Regional Serviços Empresariais Ltda.,Rio de Janeiro,RJ,2022-12-15,Ativo
4270,Companhia União Equipamentos Ltda.,Porto Velho,RO,2022-05-13,Ativo
4271,Atacadista Ouro Suprimentos Empresarial,Campo Grande,MS,2024-06-27,Ativo
4272,Soluções Capital Alimentos Empresarial,Boa Vista,RR,2026-02-10,Ativo
4273,Corporativa Nexus Comunicação Comércio e Serviços,Santos,SP,2025-09-08,Ativo
4274,Serviços Pioneira Energia Ltda.,João Pessoa,PB,2022-07-21,Ativo
4275,Consultoria Serra Móveis Ltda.,Macapá,AP,2024-08-27,Ativo
4276,Grupo Brasília Tecnologia Comércio e Serviços,Joinville,SC,2023-03-26,Ativo
4277,Representações União Soluções Digitais Empresarial,Campinas,SP,2025-01-28,Inativo
4278,Atacadista Imperial Tecnologia S.A.,São Paulo,SP,2024-12-25,Ativo
4279,Distribuidora Orbe Soluções Digitais Ltda.,Belém,PA,2026-03-14,Ativo
4280,Importadora Suprema Serviços Empresariais Comércio e Serviços,Niterói,RJ,2026-03-06,Ativo
4281,Grupo Estrela Sistemas Empresarial,Salvador,BA,2024-12-14,Ativo
4282,Representações Horizonte Móveis Ltda.,Porto Velho,RO,2023-10-26,Ativo
4283,Serviços Delta Construção Empresarial,Goiânia,GO,2022-02-11,Ativo
4284,Comercial Araucária Serviços Empresariais Empresarial,Belém,PA,2023-07-19,Ativo
4285,Companhia Planalto Construção Comércio e Serviços,Rio de Janeiro,RJ,2024-06-20,Ativo
4286,Grupo Veredas Materiais Comércio e Serviços,Uberlândia,MG,2023-05-27,Ativo
4287,Corporativa Continental Construção Comércio e Serviços,Manaus,AM,2025-02-15,Ativo
4288,Representações União Transportes Comércio e Serviços,Teresina,PI,2023-05-03,Inativo
4289,Negócios Ipê Comunicação Comércio e Serviços,Maringá,PR,2025-02-05,Ativo
4290,Comercial Primavera Equipamentos Comércio e Serviços,Cuiabá,MT,2025-10-15,Ativo
4291,Mercantil Ideal Materiais Ltda.,Caxias do Sul,RS,2024-01-19,Ativo
4292,Empreendimentos Fortaleza Energia Empresarial,Cuiabá,MT,2023-08-19,Ativo
4293,Indústria Central Comunicação Empresarial,Anápolis,GO,2024-06-17,Ativo
4294,Soluções Estrela Energia S.A.,Goiânia,GO,2022-01-17,Ativo
4295,Indústria Nova Era Soluções Digitais Empresarial,São Luís,MA,2023-07-23,Ativo
4296,Soluções União Energia Comércio e Serviços,Londrina,PR,2025-06-17,Ativo
4297,Corporativa Jatobá Soluções Digitais S.A.,Manaus,AM,2025-10-12,Ativo
4298,Soluções Nexus Construção S.A.,Santos,SP,2023-03-04,Ativo
4299,Gestão Ápice Serviços Empresariais Comércio e Serviços,Cuiabá,MT,2026-02-25,Ativo
4300,Representações Nova Era Materiais S.A.,Teresina,PI,2026-03-03,Ativo
4301,Integração Pioneira Energia S.A.,São Luís,MA,2022-09-28,Inativo
4302,Mercantil Real Comércio Comércio e Serviços,Florianópolis,SC,2022-10-17,Ativo
4303,Importadora Confiança Energia Empresarial,Porto Alegre,RS,2025-01-14,Ativo
4304,Comercial Evolução Equipamentos Empresarial,João Pessoa,PB,2023-02-16,Ativo
4305,Companhia Master Sistemas Comércio e Serviços,São Paulo,SP,2023-01-22,Ativo
4306,Integração Amazônia Construção Ltda.,Rio de Janeiro,RJ,2023-08-22,Ativo
4307,Indústria Global Engenharia S.A.,Teresina,PI,2023-09-19,Ativo
4308,Importadora Excelência Alimentos S.A.,Campinas,SP,2023-06-20,Ativo
4309,Soluções Capital Construção Comércio e Serviços,Palmas,TO,2026-05-27,Ativo
4310,Atacadista Progresso Sistemas Empresarial,Teresina,PI,2024-08-30,Ativo
4311,Consultoria Integra Sistemas Ltda.,Caxias do Sul,RS,2023-06-02,Ativo
4312,Companhia Orbe Soluções Digitais Comércio e Serviços,Teresina,PI,2022-11-05,Ativo
4313,Negócios Alvorada Sistemas Ltda.,Maringá,PR,2022-12-18,Ativo
4314,Consultoria Monte Azul Móveis S.A.,Fortaleza,CE,2023-05-01,Ativo
4315,Comercial Sinergia Engenharia Ltda.,Maringá,PR,2026-02-22,Ativo
4316,Soluções Brasília Comércio Empresarial,Joinville,SC,2022-05-23,Ativo
4317,Atacadista Cedro Soluções Digitais Comércio e Serviços,Boa Vista,RR,2025-02-22,Ativo
4318,Integração Conquista Energia Ltda.,Porto Alegre,RS,2024-03-03,Ativo
4319,Integração Horizonte Comunicação S.A.,Rio de Janeiro,RJ,2022-06-01,Ativo
4320,Tecnologia Cedro Energia Empresarial,Fortaleza,CE,2025-05-05,Ativo
4321,Grupo Pioneira Tecnologia Comércio e Serviços,Florianópolis,SC,2023-03-31,Ativo
4322,Indústria Ômega Móveis S.A.,Brasília,DF,2022-02-20,Inativo
4323,Serviços Bandeirante Móveis Empresarial,Natal,RN,2026-03-06,Ativo
4324,Logística Veredas Materiais Ltda.,Vitória,ES,2022-10-12,Ativo
4325,Companhia Orbe Engenharia S.A.,Palmas,TO,2022-04-02,Ativo
4326,Indústria Capital Energia Ltda.,Salvador,BA,2025-08-17,Ativo
4327,Atacadista Vale Verde Serviços Empresariais Ltda.,Aracaju,SE,2023-05-02,Ativo
4328,Companhia Ideal Tecnologia S.A.,Salvador,BA,2022-05-08,Ativo
4329,Mercantil Progresso Soluções Digitais Comércio e Serviços,Ribeirão Preto,SP,2026-06-22,Ativo
4330,Corporativa Ipê Serviços Empresariais Ltda.,Campo Grande,MS,2023-05-16,Ativo
4331,Importadora Pioneira Comunicação Empresarial,São Paulo,SP,2023-07-20,Ativo
4332,Tecnologia Vitória Tecnologia Empresarial,Florianópolis,SC,2023-09-04,Ativo
4333,Soluções Metropolitana Soluções Digitais Comércio e Serviços,Cuiabá,MT,2023-06-08,Ativo
4334,Integração Ouro Sistemas S.A.,Uberlândia,MG,2023-03-09,Ativo
4335,Logística Regional Sistemas Comércio e Serviços,Anápolis,GO,2024-05-05,Ativo
4336,Logística Vitória Construção Ltda.,Niterói,RJ,2025-06-02,Ativo
4337,Logística Fortaleza Móveis Comércio e Serviços,Goiânia,GO,2023-10-18,Ativo
4338,Gestão Suprema Serviços Empresariais Ltda.,Campo Grande,MS,2022-05-27,Ativo
4339,Integração Araucária Sistemas Comércio e Serviços,Maceió,AL,2025-12-07,Ativo
4340,Comercial Regional Suprimentos Empresarial,Goiânia,GO,2026-07-14,Ativo
4341,Comercial Nova Era Suprimentos S.A.,Aracaju,SE,2024-08-22,Ativo
4342,Empreendimentos Estrela Engenharia Comércio e Serviços,São Luís,MA,2025-02-12,Inativo
4343,Gestão Sinergia Serviços Empresariais Empresarial,Manaus,AM,2022-06-07,Inativo
4344,Integração Ômega Suprimentos Empresarial,Londrina,PR,2023-03-01,Ativo
4345,Corporativa Jatobá Móveis S.A.,Ribeirão Preto,SP,2023-06-24,Ativo
4346,Distribuidora Alvorada Transportes S.A.,Campo Grande,MS,2022-06-29,Inativo
4347,Tecnologia Safira Móveis S.A.,Cuiabá,MT,2026-02-05,Ativo
4348,Soluções Ômega Móveis Ltda.,Feira de Santana,BA,2022-12-22,Ativo
4349,Tecnologia Sol Nascente Equipamentos Empresarial,Natal,RN,2023-11-17,Inativo
4350,Serviços Global Móveis Empresarial,Recife,PE,2024-11-02,Ativo
4351,Tecnologia Prime Soluções Digitais S.A.,Manaus,AM,2025-07-22,Ativo
4352,Gestão Ipê Engenharia Comércio e Serviços,Joinville,SC,2022-04-15,Ativo
4353,Serviços Cristal Comunicação S.A.,Feira de Santana,BA,2026-03-27,Ativo
4354,Indústria Master Serviços Empresariais S.A.,Feira de Santana,BA,2022-09-09,Ativo
4355,Mercantil Fortaleza Soluções Digitais S.A.,João Pessoa,PB,2024-06-11,Ativo
4356,Integração Real Materiais S.A.,Santos,SP,2022-03-04,Ativo
4357,Gestão Nova Era Energia Comércio e Serviços,Niterói,RJ,2025-10-07,Ativo
4358,Companhia Referência Alimentos Ltda.,São Paulo,SP,2024-12-19,Ativo
4359,Atacadista Nexus Suprimentos S.A.,Porto Velho,RO,2024-04-13,Ativo
4360,Empreendimentos Pioneira Transportes Comércio e Serviços,Recife,PE,2026-05-14,Ativo
4361,Serviços Essencial Materiais Empresarial,Juiz de Fora,MG,2026-01-31,Inativo
4362,Serviços Buriti Alimentos Ltda.,Caxias do Sul,RS,2025-07-02,Ativo
4363,Corporativa Ideal Equipamentos Comércio e Serviços,Goiânia,GO,2024-10-21,Ativo
4364,Negócios Central Suprimentos Ltda.,Belém,PA,2025-06-04,Ativo
4365,Serviços Regional Comércio Ltda.,Juiz de Fora,MG,2025-11-26,Ativo
4366,Empreendimentos Planalto Serviços Empresariais Empresarial,Palmas,TO,2022-09-01,Ativo
4367,Negócios Vitória Soluções Digitais Ltda.,Joinville,SC,2023-06-01,Ativo
4368,Varejista Metropolitana Comércio S.A.,Juiz de Fora,MG,2025-11-10,Ativo
4369,Serviços Pioneira Suprimentos Ltda.,Fortaleza,CE,2023-11-13,Ativo
4370,Importadora Araucária Equipamentos Empresarial,Fortaleza,CE,2024-12-10,Ativo
4371,Serviços Esperança Transportes Empresarial,Caxias do Sul,RS,2022-04-01,Ativo
4372,Tecnologia Ápice Serviços Empresariais Ltda.,Niterói,RJ,2023-10-18,Ativo
4373,Corporativa Essencial Construção S.A.,Belo Horizonte,MG,2024-03-06,Ativo
4374,Comercial Vanguarda Soluções Digitais Ltda.,Brasília,DF,2025-06-19,Ativo
4375,Soluções Prime Materiais Comércio e Serviços,São Luís,MA,2024-10-18,Ativo
4376,Integração Ouro Transportes Comércio e Serviços,João Pessoa,PB,2022-11-09,Ativo
4377,Negócios Vanguarda Móveis S.A.,Anápolis,GO,2022-02-22,Ativo
4378,Atacadista Cristal Comércio Empresarial,Belém,PA,2022-12-24,Ativo
4379,Tecnologia Liberdade Energia Ltda.,Caxias do Sul,RS,2022-05-15,Ativo
4380,Serviços Atlântica Alimentos Empresarial,Salvador,BA,2022-06-18,Inativo
4381,Distribuidora Pioneira Tecnologia Comércio e Serviços,São Luís,MA,2022-11-22,Ativo
4382,Indústria Continental Sistemas Ltda.,Niterói,RJ,2023-07-25,Ativo
4383,Indústria Esperança Sistemas Ltda.,Manaus,AM,2024-02-28,Inativo
4384,Gestão Evolução Móveis Empresarial,Belo Horizonte,MG,2023-02-18,Ativo
4385,Soluções Aroeira Suprimentos Comércio e Serviços,Manaus,AM,2024-01-22,Ativo
4386,Tecnologia Orbe Materiais Comércio e Serviços,São Paulo,SP,2026-04-30,Ativo
4387,Grupo Litoral Equipamentos Comércio e Serviços,Manaus,AM,2022-04-19,Ativo
4388,Logística Ômega Transportes Empresarial,Belém,PA,2024-04-07,Ativo
4389,Representações Alvorada Tecnologia S.A.,Londrina,PR,2026-07-01,Ativo
4390,Representações Safira Comunicação Ltda.,Recife,PE,2022-01-16,Ativo
4391,Consultoria Pantanal Equipamentos Empresarial,Rio de Janeiro,RJ,2023-12-09,Ativo
4392,Comercial Planalto Móveis Empresarial,João Pessoa,PB,2023-07-13,Ativo
4393,Serviços Capital Suprimentos Empresarial,Aracaju,SE,2026-03-19,Ativo
4394,Soluções Fortaleza Serviços Empresariais Ltda.,Campo Grande,MS,2023-03-15,Inativo
4395,Distribuidora Sinergia Sistemas Empresarial,Goiânia,GO,2026-05-05,Ativo
4396,Varejista Sigma Comércio Ltda.,Feira de Santana,BA,2023-11-14,Ativo
4397,Negócios Vale Verde Equipamentos Comércio e Serviços,Macapá,AP,2022-12-29,Ativo
4398,Importadora Ouro Tecnologia Comércio e Serviços,Cuiabá,MT,2023-06-09,Ativo
4399,Representações Ômega Suprimentos S.A.,São Luís,MA,2024-01-15,Ativo
4400,Importadora Sinergia Serviços Empresariais S.A.,Ribeirão Preto,SP,2026-01-01,Ativo
4401,Distribuidora Integra Comunicação S.A.,Maringá,PR,2023-06-16,Inativo
4402,Companhia Ápice Serviços Empresariais Empresarial,Campinas,SP,2022-02-13,Ativo
4403,Gestão Pacífico Móveis Ltda.,Cuiabá,MT,2025-04-22,Ativo
4404,Corporativa Ouro Sistemas Ltda.,Caxias do Sul,RS,2023-06-19,Inativo
4405,Logística Bandeirante Equipamentos Empresarial,Belém,PA,2023-08-23,Ativo
4406,Varejista Prime Móveis Comércio e Serviços,Palmas,TO,2024-08-16,Ativo
4407,Mercantil Ipê Móveis Comércio e Serviços,Campo Grande,MS,2022-04-03,Ativo
4408,Serviços Premium Engenharia S.A.,Porto Alegre,RS,2026-07-06,Ativo
4409,Soluções Ipê Transportes Empresarial,Manaus,AM,2025-08-27,Ativo
4410,Tecnologia Conquista Suprimentos Ltda.,Florianópolis,SC,2023-11-25,Ativo
4411,Indústria Nova Era Comércio S.A.,Macapá,AP,2025-11-18,Ativo
4412,Corporativa Estrela Construção Empresarial,Brasília,DF,2024-05-20,Ativo
4413,Indústria Vanguarda Transportes Empresarial,Belo Horizonte,MG,2025-09-11,Ativo
4414,Consultoria Referência Construção Comércio e Serviços,Florianópolis,SC,2023-06-29,Ativo
4415,Tecnologia Cerrado Tecnologia S.A.,Rio Branco,AC,2022-12-16,Ativo
4416,Atacadista Vector Energia Ltda.,Cuiabá,MT,2022-06-26,Ativo
4417,Importadora Sinergia Comunicação S.A.,Campinas,SP,2026-06-16,Inativo
4418,Atacadista Araucária Soluções Digitais Comércio e Serviços,Rio Branco,AC,2025-11-09,Ativo
4419,Mercantil Prime Móveis Comércio e Serviços,Uberlândia,MG,2023-08-19,Ativo
4420,Atacadista Progresso Construção Empresarial,Santos,SP,2025-08-08,Ativo
4421,Representações Cedro Materiais Empresarial,Porto Alegre,RS,2023-11-13,Ativo
4422,Gestão Progresso Construção S.A.,Caxias do Sul,RS,2024-08-23,Ativo
4423,Serviços Prime Tecnologia Empresarial,Londrina,PR,2025-02-16,Ativo
4424,Distribuidora Dinâmica Comércio Comércio e Serviços,Natal,RN,2023-12-05,Ativo
4425,Atacadista Sinergia Comércio Empresarial,Joinville,SC,2024-11-10,Inativo
4426,Companhia Amazônia Tecnologia S.A.,Maringá,PR,2024-04-17,Ativo
4427,Soluções Avante Comércio Comércio e Serviços,João Pessoa,PB,2024-01-20,Ativo
4428,Distribuidora Monte Azul Soluções Digitais S.A.,Porto Alegre,RS,2024-09-04,Ativo
4429,Companhia Estrela Materiais Ltda.,Palmas,TO,2022-12-12,Inativo
4430,Empreendimentos Serra Energia S.A.,Uberlândia,MG,2024-07-02,Ativo
4431,Companhia Planalto Comércio Comércio e Serviços,João Pessoa,PB,2024-05-18,Ativo
4432,Grupo Esperança Construção Comércio e Serviços,Recife,PE,2024-01-23,Ativo
4433,Representações Essencial Serviços Empresariais Ltda.,João Pessoa,PB,2026-07-01,Ativo
4434,Atacadista Luz Comunicação S.A.,Boa Vista,RR,2022-08-26,Ativo
4435,Logística Nova Era Energia Ltda.,Aracaju,SE,2022-08-20,Inativo
4436,Distribuidora Estrela Serviços Empresariais S.A.,São Luís,MA,2023-03-17,Inativo
4437,Serviços Atlântica Equipamentos Ltda.,Maringá,PR,2024-06-10,Inativo
4438,Representações Nova Era Soluções Digitais Empresarial,Anápolis,GO,2024-09-25,Ativo
4439,Tecnologia Dinâmica Equipamentos S.A.,Manaus,AM,2026-01-16,Ativo
4440,Negócios Jatobá Construção S.A.,Juiz de Fora,MG,2023-09-04,Ativo
4441,Indústria Delta Energia Empresarial,Maceió,AL,2024-09-29,Ativo
4442,Representações Pioneira Equipamentos S.A.,Londrina,PR,2022-10-23,Ativo
4443,Gestão Araucária Suprimentos Empresarial,Rio Branco,AC,2022-08-13,Ativo
4444,Logística Nexus Alimentos Ltda.,Manaus,AM,2025-04-16,Inativo
4445,Grupo Pioneira Soluções Digitais Ltda.,Joinville,SC,2024-12-12,Ativo
4446,Logística Conecta Engenharia Empresarial,Feira de Santana,BA,2024-05-26,Ativo
4447,Logística Ouro Transportes Comércio e Serviços,Campo Grande,MS,2022-03-20,Ativo
4448,Empreendimentos Vale Verde Energia Ltda.,Salvador,BA,2026-03-29,Ativo
4449,Soluções Pioneira Construção Empresarial,Maringá,PR,2024-05-04,Ativo
4450,Mercantil Premium Sistemas Empresarial,Santos,SP,2024-07-01,Ativo
4451,Serviços Nexus Suprimentos S.A.,São Luís,MA,2025-07-05,Ativo
4452,Serviços Integra Soluções Digitais Empresarial,Florianópolis,SC,2024-04-04,Ativo
4453,Empreendimentos Continental Equipamentos S.A.,Niterói,RJ,2022-11-11,Ativo
4454,Serviços Regional Transportes Empresarial,Cuiabá,MT,2025-02-23,Inativo
4455,Negócios Vector Serviços Empresariais Comércio e Serviços,Juiz de Fora,MG,2022-03-11,Ativo
4456,Indústria Ápice Serviços Empresariais Comércio e Serviços,Cuiabá,MT,2024-08-24,Ativo
4457,Negócios Delta Alimentos Ltda.,São Luís,MA,2024-04-14,Ativo
4458,Corporativa Progresso Comunicação Ltda.,Maceió,AL,2022-07-24,Ativo
4459,Corporativa Conquista Materiais Comércio e Serviços,Uberlândia,MG,2022-02-14,Ativo
4460,Companhia Imperial Soluções Digitais Comércio e Serviços,Rio Branco,AC,2023-11-24,Ativo
4461,Soluções Premium Tecnologia Empresarial,Campo Grande,MS,2026-04-20,Ativo
4462,Mercantil Vector Alimentos Ltda.,Rio de Janeiro,RJ,2023-06-13,Ativo
4463,Varejista Luz Materiais S.A.,Joinville,SC,2025-06-21,Ativo
4464,Serviços Ipê Tecnologia Comércio e Serviços,Florianópolis,SC,2023-06-08,Inativo
4465,Empreendimentos Ouro Serviços Empresariais S.A.,São Luís,MA,2026-06-12,Ativo
4466,Gestão Horizonte Suprimentos S.A.,Porto Velho,RO,2025-11-12,Ativo
4467,Integração Diamante Construção Ltda.,Maceió,AL,2025-07-10,Ativo
4468,Corporativa Cristal Energia Ltda.,Campo Grande,MS,2022-04-16,Ativo
4469,Negócios Confiança Soluções Digitais Ltda.,Niterói,RJ,2022-10-06,Ativo
4470,Atacadista Bandeirante Alimentos S.A.,Natal,RN,2024-01-16,Ativo
4471,Negócios Atlântica Energia Empresarial,Goiânia,GO,2023-12-16,Ativo
4472,Distribuidora Amazônia Móveis Comércio e Serviços,Maceió,AL,2022-01-06,Ativo
4473,Importadora Fortaleza Suprimentos Empresarial,Palmas,TO,2024-08-17,Ativo
4474,Atacadista Esperança Materiais Ltda.,Londrina,PR,2024-08-21,Ativo
4475,Companhia Master Soluções Digitais S.A.,Rio Branco,AC,2024-10-31,Ativo
4476,Logística Pantanal Comércio S.A.,Natal,RN,2023-04-23,Ativo
4477,Distribuidora Aroeira Suprimentos Empresarial,Belo Horizonte,MG,2022-07-26,Ativo
4478,Mercantil Araucária Engenharia Comércio e Serviços,Fortaleza,CE,2024-07-02,Ativo
4479,Consultoria Planalto Transportes S.A.,Niterói,RJ,2024-03-13,Ativo
4480,Atacadista Pacífico Materiais Ltda.,Porto Velho,RO,2023-01-26,Ativo
4481,Importadora Essencial Transportes Empresarial,Macapá,AP,2025-06-26,Ativo
4482,Companhia Planalto Construção Ltda.,São Luís,MA,2022-12-31,Ativo
4483,Mercantil Diamante Suprimentos Ltda.,São Paulo,SP,2022-08-21,Ativo
4484,Varejista Ômega Engenharia Empresarial,Goiânia,GO,2023-01-29,Ativo
4485,Serviços Essencial Materiais Comércio e Serviços,Porto Velho,RO,2025-04-09,Ativo
4486,Serviços Referência Soluções Digitais Empresarial,Recife,PE,2023-11-14,Ativo
4487,Consultoria Jatobá Serviços Empresariais Comércio e Serviços,Juiz de Fora,MG,2025-12-29,Ativo
4488,Comercial Metropolitana Soluções Digitais Ltda.,Manaus,AM,2026-04-20,Ativo
4489,Integração Nexus Energia Ltda.,Goiânia,GO,2024-12-28,Ativo
4490,Mercantil Sinergia Energia S.A.,Goiânia,GO,2023-09-01,Inativo
4491,Integração Regional Serviços Empresariais Ltda.,Boa Vista,RR,2022-10-19,Ativo
4492,Importadora Global Suprimentos S.A.,Belo Horizonte,MG,2025-09-07,Ativo
4493,Varejista Pioneira Comunicação S.A.,Curitiba,PR,2026-06-14,Ativo
4494,Importadora Nova Era Sistemas S.A.,Belém,PA,2023-01-16,Ativo
4495,Indústria Vector Sistemas Comércio e Serviços,Goiânia,GO,2023-11-05,Ativo
4496,Logística Orbe Materiais S.A.,Anápolis,GO,2023-03-13,Ativo
4497,Comercial Cedro Construção Comércio e Serviços,Cuiabá,MT,2022-05-04,Ativo
4498,Indústria Vector Serviços Empresariais Ltda.,Ribeirão Preto,SP,2026-05-25,Ativo
4499,Negócios Ápice Engenharia S.A.,Maceió,AL,2023-01-10,Ativo
4500,Mercantil Sinergia Materiais Empresarial,Rio Branco,AC,2025-02-10,Ativo
4501,Grupo Capital Comunicação Comércio e Serviços,Niterói,RJ,2024-06-28,Ativo
4502,Serviços Metropolitana Engenharia S.A.,Aracaju,SE,2025-07-26,Ativo
4503,Serviços Ideal Suprimentos S.A.,Vitória,ES,2024-08-22,Ativo
4504,Representações Fortaleza Comércio Comércio e Serviços,Anápolis,GO,2024-10-21,Ativo
4505,Distribuidora Ouro Alimentos Ltda.,João Pessoa,PB,2025-08-11,Ativo
4506,Soluções Vitória Tecnologia Ltda.,Goiânia,GO,2022-02-13,Ativo
4507,Companhia Dinâmica Equipamentos Ltda.,Porto Velho,RO,2025-12-11,Ativo
4508,Tecnologia Pacífico Móveis Comércio e Serviços,Rio de Janeiro,RJ,2025-06-27,Ativo
4509,Consultoria Orbe Engenharia Ltda.,Macapá,AP,2023-01-08,Ativo
4510,Soluções Vitória Soluções Digitais Empresarial,Londrina,PR,2024-05-30,Ativo
4511,Grupo Cerrado Transportes Ltda.,Caxias do Sul,RS,2024-06-09,Ativo
4512,Mercantil Atlântica Energia S.A.,Natal,RN,2023-01-05,Ativo
4513,Soluções Conecta Equipamentos Empresarial,Teresina,PI,2024-12-11,Ativo
4514,Distribuidora Fortaleza Transportes S.A.,Boa Vista,RR,2025-05-04,Ativo
4515,Soluções Cedro Comércio Comércio e Serviços,Manaus,AM,2022-10-26,Ativo
4516,Consultoria Ideal Energia S.A.,Santos,SP,2024-12-07,Ativo
4517,Indústria Real Alimentos Comércio e Serviços,Maceió,AL,2026-06-22,Ativo
4518,Soluções Delta Comunicação Ltda.,Macapá,AP,2023-02-17,Ativo
4519,Empreendimentos Delta Sistemas S.A.,Brasília,DF,2024-07-28,Ativo
4520,Mercantil Conquista Soluções Digitais Empresarial,Ribeirão Preto,SP,2022-08-31,Ativo
4521,Indústria Monte Azul Comércio Ltda.,Feira de Santana,BA,2022-05-16,Ativo
4522,Consultoria Ouro Sistemas S.A.,Rio de Janeiro,RJ,2025-08-14,Ativo
4523,Atacadista Global Serviços Empresariais Comércio e Serviços,Belém,PA,2023-03-14,Inativo
4524,Empreendimentos Cristal Serviços Empresariais Empresarial,Salvador,BA,2023-05-04,Ativo
4525,Corporativa Serra Comunicação Empresarial,Palmas,TO,2024-10-01,Ativo
4526,Varejista Brasília Comunicação Empresarial,Uberlândia,MG,2022-05-06,Ativo
4527,Importadora Buriti Tecnologia Ltda.,Macapá,AP,2023-04-16,Ativo
4528,Companhia Cedro Engenharia Comércio e Serviços,Fortaleza,CE,2025-05-22,Ativo
4529,Distribuidora Nexus Construção Comércio e Serviços,Brasília,DF,2026-05-22,Ativo
4530,Representações Real Serviços Empresariais Comércio e Serviços,Fortaleza,CE,2025-09-28,Ativo
4531,Consultoria Evolução Sistemas Ltda.,Santos,SP,2022-03-31,Ativo
4532,Logística Capital Móveis Ltda.,Vitória,ES,2025-10-20,Ativo
4533,Integração Araucária Equipamentos S.A.,João Pessoa,PB,2025-07-15,Ativo
4534,Empreendimentos Sol Nascente Materiais Comércio e Serviços,Anápolis,GO,2022-07-11,Ativo
4535,Distribuidora Continental Comércio Ltda.,Belém,PA,2026-05-24,Ativo
4536,Corporativa Cristal Comércio Comércio e Serviços,Rio de Janeiro,RJ,2022-02-28,Ativo
4537,Soluções Estrela Equipamentos Empresarial,Macapá,AP,2024-05-17,Ativo
4538,Importadora Fortaleza Alimentos Ltda.,Niterói,RJ,2024-04-01,Ativo
4539,Varejista Ápice Suprimentos Empresarial,Caxias do Sul,RS,2022-09-25,Ativo
4540,Logística Planalto Móveis Empresarial,Rio de Janeiro,RJ,2022-08-17,Ativo
4541,Mercantil Litoral Sistemas S.A.,Caxias do Sul,RS,2024-08-06,Ativo
4542,Atacadista Diamante Construção Empresarial,Natal,RN,2025-02-09,Ativo
4543,Representações Regional Móveis Empresarial,Juiz de Fora,MG,2025-08-03,Ativo
4544,Negócios Aroeira Comércio Empresarial,Florianópolis,SC,2022-04-20,Ativo
4545,Importadora Ômega Soluções Digitais Ltda.,Feira de Santana,BA,2022-04-21,Ativo
4546,Consultoria Pacífico Energia S.A.,Uberlândia,MG,2022-10-04,Ativo
4547,Logística Integra Móveis Empresarial,Fortaleza,CE,2026-07-19,Ativo
4548,Companhia Nova Era Suprimentos Comércio e Serviços,Feira de Santana,BA,2022-04-25,Ativo
4549,Tecnologia Suprema Materiais Comércio e Serviços,Campinas,SP,2022-09-20,Ativo
4550,Representações Excelência Suprimentos Empresarial,Uberlândia,MG,2025-01-09,Ativo
4551,Varejista Luz Comércio S.A.,Vitória,ES,2024-03-27,Ativo
4552,Importadora Referência Equipamentos Empresarial,Natal,RN,2022-08-04,Ativo
4553,Companhia Regional Serviços Empresariais S.A.,Feira de Santana,BA,2023-03-18,Ativo
4554,Empreendimentos Global Materiais Ltda.,Vitória,ES,2023-12-19,Ativo
4555,Soluções Sigma Engenharia Comércio e Serviços,Vitória,ES,2023-04-30,Ativo
4556,Atacadista Luz Alimentos Empresarial,Santos,SP,2022-01-30,Ativo
4557,Tecnologia Progresso Comunicação Ltda.,São Luís,MA,2024-11-08,Ativo
4558,Companhia Fortaleza Transportes Ltda.,Brasília,DF,2022-02-21,Ativo
4559,Soluções Confiança Engenharia Comércio e Serviços,Rio de Janeiro,RJ,2026-05-08,Ativo
4560,Atacadista Monte Azul Alimentos Empresarial,Curitiba,PR,2022-03-27,Ativo
4561,Integração Essencial Construção Comércio e Serviços,Aracaju,SE,2022-05-08,Ativo
4562,Soluções Horizonte Suprimentos S.A.,Maceió,AL,2022-02-11,Ativo
4563,Tecnologia Buriti Móveis Empresarial,Belém,PA,2025-06-26,Ativo
4564,Atacadista Sol Nascente Soluções Digitais Empresarial,São Paulo,SP,2022-05-11,Ativo
4565,Integração Safira Alimentos Comércio e Serviços,Porto Velho,RO,2022-10-05,Ativo
4566,Negócios Serra Equipamentos Ltda.,Aracaju,SE,2025-07-17,Ativo
4567,Integração Cristal Energia Empresarial,Boa Vista,RR,2026-07-02,Ativo
4568,Empreendimentos Brasília Móveis Ltda.,Porto Velho,RO,2024-05-10,Ativo
4569,Logística Diamante Tecnologia Ltda.,Cuiabá,MT,2025-09-18,Inativo
4570,Integração Cristal Transportes Comércio e Serviços,Curitiba,PR,2022-12-11,Ativo
4571,Grupo Master Serviços Empresariais Empresarial,Santos,SP,2022-06-16,Inativo
4572,Logística Central Comércio Ltda.,Salvador,BA,2026-06-27,Ativo
4573,Negócios Global Serviços Empresariais Ltda.,São Paulo,SP,2023-07-15,Ativo
4574,Consultoria Evolução Sistemas Empresarial,Feira de Santana,BA,2023-11-25,Ativo
4575,Negócios Liberdade Materiais Empresarial,Boa Vista,RR,2024-10-19,Ativo
4576,Soluções Sigma Comunicação Comércio e Serviços,Belém,PA,2022-04-29,Ativo
4577,Importadora Safira Móveis Ltda.,Campinas,SP,2022-10-17,Ativo
4578,Importadora Premium Tecnologia Ltda.,Boa Vista,RR,2025-11-02,Ativo
4579,Negócios Safira Comércio Ltda.,Curitiba,PR,2022-05-07,Ativo
4580,Atacadista Conecta Construção S.A.,Ribeirão Preto,SP,2024-01-24,Ativo
4581,Comercial Progresso Comércio S.A.,Teresina,PI,2022-08-06,Ativo
4582,Corporativa Luz Sistemas Empresarial,Porto Alegre,RS,2022-09-04,Ativo
4583,Negócios Nova Era Soluções Digitais Comércio e Serviços,Maceió,AL,2023-03-10,Inativo
4584,Indústria Vale Verde Comunicação S.A.,Brasília,DF,2024-04-06,Inativo
4585,Gestão Nexus Energia Empresarial,Uberlândia,MG,2023-11-08,Inativo
4586,Mercantil Nova Era Serviços Empresariais Comércio e Serviços,Boa Vista,RR,2023-03-18,Inativo
4587,Atacadista Vector Serviços Empresariais Empresarial,Teresina,PI,2022-12-07,Ativo
4588,Corporativa Confiança Comunicação Comércio e Serviços,Uberlândia,MG,2025-06-22,Ativo
4589,Integração Pioneira Energia Ltda.,São Luís,MA,2023-07-08,Ativo
4590,Comercial Pantanal Alimentos S.A.,Maringá,PR,2024-11-08,Ativo
4591,Mercantil Estrela Soluções Digitais S.A.,Maceió,AL,2025-06-02,Ativo
4592,Negócios Vanguarda Móveis Ltda.,Feira de Santana,BA,2023-03-08,Ativo
4593,Importadora Ômega Construção Comércio e Serviços,Teresina,PI,2026-03-17,Inativo
4594,Atacadista Cristal Tecnologia Empresarial,Feira de Santana,BA,2022-07-31,Ativo
4595,Atacadista Regional Soluções Digitais Empresarial,Manaus,AM,2026-01-30,Ativo
4596,Mercantil Metropolitana Tecnologia Ltda.,Niterói,RJ,2026-06-24,Ativo
4597,Importadora Esperança Energia S.A.,Ribeirão Preto,SP,2025-10-23,Ativo
4598,Corporativa Monte Azul Energia Empresarial,Anápolis,GO,2025-08-30,Ativo
4599,Comercial Conquista Soluções Digitais Ltda.,Natal,RN,2024-01-09,Ativo
4600,Importadora Pioneira Engenharia Empresarial,Manaus,AM,2024-12-17,Ativo
4601,Importadora Integra Energia Comércio e Serviços,Campinas,SP,2023-01-16,Ativo
4602,Atacadista Conecta Materiais Ltda.,Natal,RN,2025-12-06,Ativo
4603,Tecnologia Central Sistemas Empresarial,João Pessoa,PB,2024-06-01,Ativo
4604,Empreendimentos Metropolitana Energia Ltda.,Niterói,RJ,2023-11-08,Ativo
4605,Corporativa Vanguarda Serviços Empresariais Ltda.,Feira de Santana,BA,2024-03-07,Ativo
4606,Atacadista União Energia Ltda.,Macapá,AP,2023-12-30,Ativo
4607,Serviços Ipê Tecnologia S.A.,Brasília,DF,2022-08-16,Ativo
4608,Empreendimentos Excelência Materiais Ltda.,Cuiabá,MT,2024-12-02,Ativo
4609,Companhia Nacional Comunicação S.A.,Curitiba,PR,2022-09-21,Ativo
4610,Importadora Regional Tecnologia Ltda.,Londrina,PR,2022-06-17,Ativo
4611,Integração Pacífico Energia Empresarial,Rio Branco,AC,2022-08-24,Ativo
4612,Logística Aroeira Transportes S.A.,Aracaju,SE,2022-11-01,Ativo
4613,Serviços Conecta Serviços Empresariais Empresarial,Feira de Santana,BA,2022-08-28,Ativo
4614,Serviços Sigma Engenharia Ltda.,Fortaleza,CE,2023-02-28,Ativo
4615,Negócios Central Construção Ltda.,Vitória,ES,2025-05-14,Ativo
4616,Logística Integra Transportes S.A.,Campo Grande,MS,2023-06-16,Ativo
4617,Mercantil Brasília Alimentos Ltda.,Porto Velho,RO,2023-01-17,Ativo
4618,Corporativa União Energia Ltda.,Curitiba,PR,2024-12-28,Ativo
4619,Serviços Capital Soluções Digitais Ltda.,João Pessoa,PB,2024-05-16,Ativo
4620,Soluções Global Comunicação Ltda.,Cuiabá,MT,2023-04-15,Ativo
4621,Distribuidora Fortaleza Tecnologia S.A.,Belém,PA,2022-03-27,Ativo
4622,Consultoria Imperial Engenharia Empresarial,Campinas,SP,2023-02-26,Ativo
4623,Mercantil Master Comércio Ltda.,Cuiabá,MT,2025-06-01,Ativo
4624,Varejista Referência Serviços Empresariais S.A.,São Luís,MA,2025-06-15,Ativo
4625,Soluções Ipê Serviços Empresariais Ltda.,Cuiabá,MT,2025-07-20,Ativo
4626,Serviços Excelência Suprimentos S.A.,Vitória,ES,2025-02-27,Ativo
4627,Representações Diamante Construção Ltda.,Ribeirão Preto,SP,2023-10-15,Ativo
4628,Companhia Global Equipamentos Empresarial,Cuiabá,MT,2025-08-05,Ativo
4629,Atacadista Ouro Transportes Ltda.,João Pessoa,PB,2024-12-12,Inativo
4630,Representações Sol Nascente Engenharia S.A.,Palmas,TO,2026-02-19,Ativo
4631,Companhia Ômega Transportes Comércio e Serviços,Salvador,BA,2025-11-20,Ativo
4632,Logística Nacional Comunicação Ltda.,Palmas,TO,2024-03-07,Ativo
4633,Soluções Vector Comunicação Empresarial,Vitória,ES,2022-01-02,Ativo
4634,Corporativa Suprema Engenharia S.A.,Feira de Santana,BA,2026-01-02,Ativo
4635,Empreendimentos Fortaleza Serviços Empresariais Ltda.,João Pessoa,PB,2022-10-23,Ativo
4636,Tecnologia Real Engenharia Comércio e Serviços,Manaus,AM,2024-11-26,Inativo
4637,Negócios Confiança Materiais Comércio e Serviços,Joinville,SC,2022-05-29,Ativo
4638,Importadora Nacional Equipamentos Empresarial,Anápolis,GO,2026-01-31,Ativo
4639,Logística Brasília Suprimentos S.A.,Florianópolis,SC,2023-06-27,Ativo
4640,Varejista Pioneira Equipamentos Comércio e Serviços,São Luís,MA,2024-10-18,Ativo
4641,Negócios Monte Azul Comércio S.A.,Recife,PE,2025-12-20,Ativo
4642,Consultoria Estrela Engenharia Comércio e Serviços,Goiânia,GO,2026-04-03,Ativo
4643,Logística Conquista Suprimentos Comércio e Serviços,Fortaleza,CE,2025-03-16,Ativo
4644,Logística Conecta Sistemas Ltda.,Juiz de Fora,MG,2023-01-26,Inativo
4645,Corporativa Nacional Energia Ltda.,Rio de Janeiro,RJ,2022-03-03,Ativo
4646,Varejista Sinergia Tecnologia Empresarial,Maringá,PR,2025-04-12,Ativo
4647,Representações Orbe Transportes Empresarial,João Pessoa,PB,2025-08-19,Ativo
4648,Mercantil Regional Soluções Digitais Comércio e Serviços,Cuiabá,MT,2022-07-03,Ativo
4649,Negócios Buriti Transportes Empresarial,Santos,SP,2025-05-28,Ativo
4650,Corporativa Cerrado Comunicação Comércio e Serviços,Recife,PE,2024-05-07,Ativo
4651,Corporativa Real Comércio Comércio e Serviços,São Paulo,SP,2022-09-12,Ativo
4652,Mercantil Ômega Equipamentos Ltda.,Fortaleza,CE,2024-07-11,Ativo
4653,Consultoria Master Soluções Digitais Comércio e Serviços,Rio Branco,AC,2025-04-19,Ativo
4654,Negócios Horizonte Tecnologia Empresarial,Belém,PA,2022-01-17,Ativo
4655,Varejista Central Soluções Digitais S.A.,Niterói,RJ,2024-05-31,Ativo
4656,Corporativa Litoral Construção S.A.,Uberlândia,MG,2024-03-10,Ativo
4657,Empreendimentos Horizonte Engenharia Empresarial,Vitória,ES,2023-07-29,Ativo
4658,Representações Ouro Soluções Digitais Ltda.,Juiz de Fora,MG,2024-08-23,Ativo
4659,Comercial Pioneira Sistemas Comércio e Serviços,Recife,PE,2022-04-13,Ativo
4660,Atacadista Safira Materiais Ltda.,Palmas,TO,2025-09-03,Ativo
4661,Empreendimentos Cerrado Serviços Empresariais Empresarial,Florianópolis,SC,2023-04-16,Ativo
4662,Mercantil Luz Transportes Empresarial,Manaus,AM,2025-12-14,Ativo
4663,Serviços Vitória Serviços Empresariais Empresarial,Juiz de Fora,MG,2022-01-31,Inativo
4664,Serviços Delta Comércio S.A.,Natal,RN,2026-01-06,Ativo
4665,Varejista Confiança Energia Empresarial,Boa Vista,RR,2024-12-16,Ativo
4666,Soluções Fortaleza Móveis Ltda.,Recife,PE,2022-09-24,Ativo
4667,Negócios Nacional Móveis Empresarial,Boa Vista,RR,2023-10-20,Ativo
4668,Soluções Ideal Serviços Empresariais Ltda.,Campinas,SP,2026-07-09,Ativo
4669,Mercantil Pantanal Engenharia Ltda.,Aracaju,SE,2026-05-03,Ativo
4670,Logística Sinergia Construção Comércio e Serviços,Vitória,ES,2023-05-03,Ativo
4671,Comercial Delta Soluções Digitais S.A.,Ribeirão Preto,SP,2025-06-09,Ativo
4672,Indústria Pacífico Energia Comércio e Serviços,Maceió,AL,2025-01-05,Ativo
4673,Importadora Amazônia Suprimentos S.A.,Recife,PE,2025-03-18,Ativo
4674,Comercial Liberdade Móveis Empresarial,Boa Vista,RR,2022-02-21,Ativo
4675,Grupo Brasília Energia S.A.,Cuiabá,MT,2024-10-24,Ativo
4676,Corporativa Orbe Serviços Empresariais Ltda.,São Paulo,SP,2026-07-27,Ativo
4677,Empreendimentos Vanguarda Suprimentos Comércio e Serviços,Santos,SP,2026-03-23,Ativo
4678,Logística Excelência Materiais S.A.,Londrina,PR,2026-07-26,Ativo
4679,Soluções Orbe Alimentos Comércio e Serviços,Belém,PA,2023-09-22,Ativo
4680,Companhia Horizonte Serviços Empresariais Ltda.,Juiz de Fora,MG,2022-07-16,Ativo
4681,Grupo Sol Nascente Tecnologia Ltda.,Fortaleza,CE,2024-07-27,Ativo
4682,Integração Real Móveis Comércio e Serviços,Recife,PE,2023-01-18,Ativo
4683,Representações Brasília Serviços Empresariais Ltda.,Londrina,PR,2025-05-25,Ativo
4684,Corporativa Delta Tecnologia Ltda.,São Luís,MA,2023-01-16,Ativo
4685,Atacadista Nexus Comércio Ltda.,São Luís,MA,2024-01-27,Ativo
4686,Serviços Estrela Comércio Ltda.,São Paulo,SP,2025-01-20,Ativo
4687,Integração Excelência Tecnologia Comércio e Serviços,Rio Branco,AC,2025-08-30,Ativo
4688,Importadora Liberdade Tecnologia Empresarial,João Pessoa,PB,2022-08-05,Ativo
4689,Companhia Central Comunicação Empresarial,Curitiba,PR,2023-12-13,Ativo
4690,Consultoria Avante Comércio S.A.,Anápolis,GO,2022-10-03,Ativo
4691,Consultoria Imperial Alimentos S.A.,Niterói,RJ,2023-09-18,Inativo
4692,Companhia Ômega Comunicação S.A.,Ribeirão Preto,SP,2023-11-06,Ativo
4693,Corporativa Nacional Tecnologia Empresarial,Cuiabá,MT,2025-04-24,Ativo
4694,Importadora Pantanal Equipamentos S.A.,Boa Vista,RR,2024-10-11,Ativo
4695,Varejista Regional Transportes S.A.,Brasília,DF,2023-04-29,Ativo
4696,Atacadista Nacional Transportes Empresarial,Belém,PA,2026-05-14,Ativo
4697,Empreendimentos Serra Serviços Empresariais Empresarial,Ribeirão Preto,SP,2022-12-26,Inativo
4698,Serviços Master Construção S.A.,Porto Alegre,RS,2022-08-20,Ativo
4699,Representações Litoral Serviços Empresariais Empresarial,Teresina,PI,2024-01-01,Ativo
4700,Empreendimentos Planalto Construção Comércio e Serviços,Juiz de Fora,MG,2022-11-19,Ativo
4701,Integração Essencial Engenharia S.A.,Manaus,AM,2022-02-09,Ativo
4702,Mercantil Central Energia Ltda.,Macapá,AP,2026-01-24,Ativo
4703,Tecnologia Orbe Comércio Empresarial,Londrina,PR,2026-05-14,Ativo
4704,Negócios Ouro Serviços Empresariais Comércio e Serviços,Florianópolis,SC,2024-10-15,Ativo
4705,Consultoria Essencial Alimentos S.A.,Macapá,AP,2024-04-16,Ativo
4706,Grupo Ômega Engenharia Comércio e Serviços,São Paulo,SP,2024-09-01,Ativo
4707,Consultoria Serra Equipamentos Comércio e Serviços,Teresina,PI,2026-04-18,Ativo
4708,Corporativa Metropolitana Comércio Ltda.,São Paulo,SP,2024-08-25,Ativo
4709,Serviços Diamante Engenharia Ltda.,Aracaju,SE,2024-02-19,Ativo
4710,Representações Progresso Suprimentos S.A.,Teresina,PI,2023-12-31,Ativo
4711,Gestão Buriti Equipamentos Comércio e Serviços,Cuiabá,MT,2024-07-18,Ativo
4712,Companhia Essencial Engenharia Comércio e Serviços,Caxias do Sul,RS,2026-01-19,Ativo
4713,Serviços Atlântica Alimentos S.A.,Vitória,ES,2023-12-23,Ativo
4714,Comercial Metropolitana Serviços Empresariais Empresarial,Vitória,ES,2022-04-30,Ativo
4715,Companhia Premium Móveis Empresarial,São Luís,MA,2024-07-15,Ativo
4716,Importadora Excelência Serviços Empresariais S.A.,Uberlândia,MG,2024-11-20,Ativo
4717,Importadora Dinâmica Construção S.A.,Campo Grande,MS,2025-09-20,Ativo
4718,Indústria Ideal Comércio S.A.,Goiânia,GO,2025-12-17,Ativo
4719,Importadora Cedro Materiais Empresarial,Ribeirão Preto,SP,2025-11-25,Ativo
4720,Logística Sol Nascente Comunicação Empresarial,Manaus,AM,2023-03-23,Ativo
4721,Serviços Buriti Engenharia Comércio e Serviços,Ribeirão Preto,SP,2026-02-12,Ativo
4722,Empreendimentos Bandeirante Suprimentos Comércio e Serviços,Florianópolis,SC,2025-01-01,Ativo
4723,Grupo Dinâmica Engenharia Empresarial,Campo Grande,MS,2024-06-10,Ativo
4724,Varejista Prime Serviços Empresariais Ltda.,Campinas,SP,2023-03-17,Ativo
4725,Tecnologia Veredas Suprimentos Empresarial,São Paulo,SP,2025-10-16,Ativo
4726,Empreendimentos Serra Energia Comércio e Serviços,Rio de Janeiro,RJ,2026-05-12,Ativo
4727,Companhia Continental Energia Ltda.,Feira de Santana,BA,2022-12-25,Ativo
4728,Companhia Orbe Tecnologia Ltda.,Recife,PE,2024-10-13,Ativo
4729,Serviços Vanguarda Equipamentos S.A.,Campinas,SP,2026-07-11,Ativo
4730,Consultoria Amazônia Transportes Ltda.,Joinville,SC,2024-04-16,Ativo
4731,Negócios Prime Transportes Comércio e Serviços,Boa Vista,RR,2025-07-30,Ativo
4732,Distribuidora Orbe Comércio S.A.,Rio de Janeiro,RJ,2022-01-07,Ativo
4733,Consultoria Nexus Comunicação Ltda.,Juiz de Fora,MG,2024-05-22,Ativo
4734,Negócios Litoral Energia Comércio e Serviços,Aracaju,SE,2024-11-20,Ativo
4735,Grupo Vanguarda Comércio Comércio e Serviços,Belém,PA,2024-11-26,Inativo
4736,Representações Pioneira Energia Ltda.,Goiânia,GO,2022-08-19,Ativo
4737,Representações Global Materiais Empresarial,Goiânia,GO,2023-01-12,Ativo
4738,Serviços Capital Equipamentos S.A.,Santos,SP,2025-04-25,Ativo
4739,Logística Veredas Materiais Comércio e Serviços,Rio Branco,AC,2026-06-29,Ativo
4740,Grupo Primavera Equipamentos Comércio e Serviços,Maceió,AL,2026-02-16,Ativo
4741,Comercial Real Construção Empresarial,Florianópolis,SC,2025-02-17,Ativo
4742,Representações Imperial Soluções Digitais S.A.,Curitiba,PR,2024-08-03,Inativo
4743,Atacadista Evolução Móveis Ltda.,Curitiba,PR,2025-11-22,Ativo
4744,Empreendimentos Orbe Tecnologia Ltda.,Juiz de Fora,MG,2026-03-23,Ativo
4745,Gestão Cedro Soluções Digitais S.A.,São Paulo,SP,2022-02-18,Ativo
4746,Distribuidora Central Equipamentos S.A.,Porto Alegre,RS,2022-10-17,Ativo
4747,Corporativa Real Suprimentos Ltda.,Curitiba,PR,2022-05-23,Ativo
4748,Representações Aroeira Equipamentos S.A.,Rio Branco,AC,2025-10-30,Ativo
4749,Mercantil Primavera Serviços Empresariais Ltda.,Brasília,DF,2026-07-27,Ativo
4750,Gestão Fortaleza Móveis S.A.,Porto Alegre,RS,2022-06-22,Ativo
4751,Serviços Pacífico Soluções Digitais Empresarial,São Luís,MA,2026-05-02,Ativo
4752,Logística Jatobá Serviços Empresariais S.A.,Anápolis,GO,2022-11-22,Ativo
4753,Mercantil Monte Azul Serviços Empresariais Empresarial,Ribeirão Preto,SP,2026-07-28,Ativo
4754,Soluções União Tecnologia Comércio e Serviços,Aracaju,SE,2024-04-19,Ativo
4755,Serviços Sigma Materiais Ltda.,Rio de Janeiro,RJ,2022-09-27,Ativo
4756,Negócios Excelência Comércio S.A.,Manaus,AM,2025-04-07,Ativo
4757,Companhia Conquista Móveis Ltda.,São Luís,MA,2023-09-01,Ativo
4758,Negócios Progresso Suprimentos Ltda.,Salvador,BA,2024-03-28,Ativo
4759,Gestão Ipê Soluções Digitais Comércio e Serviços,Teresina,PI,2024-09-14,Ativo
4760,Integração Orbe Engenharia Ltda.,Campo Grande,MS,2025-01-20,Ativo
4761,Distribuidora Ideal Equipamentos Ltda.,Porto Alegre,RS,2026-03-29,Ativo
4762,Representações Diamante Suprimentos Comércio e Serviços,Niterói,RJ,2023-04-02,Ativo
4763,Atacadista Ipê Engenharia S.A.,Palmas,TO,2023-03-18,Ativo
4764,Negócios Confiança Suprimentos Ltda.,Fortaleza,CE,2025-06-20,Ativo
4765,Importadora Sinergia Soluções Digitais S.A.,Caxias do Sul,RS,2024-05-27,Ativo
4766,Corporativa Estrela Equipamentos Comércio e Serviços,Ribeirão Preto,SP,2022-10-26,Ativo
4767,Gestão Excelência Engenharia Comércio e Serviços,Porto Alegre,RS,2023-03-10,Ativo
4768,Empreendimentos Continental Serviços Empresariais Empresarial,Teresina,PI,2022-10-13,Ativo
4769,Consultoria Conecta Tecnologia S.A.,Rio Branco,AC,2023-09-06,Ativo
4770,Consultoria Bandeirante Tecnologia Ltda.,Campo Grande,MS,2024-02-24,Ativo
4771,Indústria Jatobá Sistemas Empresarial,Londrina,PR,2022-09-05,Ativo
4772,Grupo Regional Materiais Comércio e Serviços,Fortaleza,CE,2022-07-16,Ativo
4773,Soluções Conquista Tecnologia Comércio e Serviços,Niterói,RJ,2026-01-25,Ativo
4774,Logística Vector Energia Ltda.,Fortaleza,CE,2023-08-02,Ativo
4775,Comercial Liberdade Alimentos Ltda.,Porto Velho,RO,2026-05-12,Ativo
4776,Gestão Ômega Tecnologia Comércio e Serviços,Porto Velho,RO,2026-03-21,Ativo
4777,Negócios Excelência Suprimentos Comércio e Serviços,Macapá,AP,2023-01-26,Ativo
4778,Negócios Ouro Móveis Comércio e Serviços,Cuiabá,MT,2023-07-17,Ativo
4779,Grupo Aroeira Engenharia Comércio e Serviços,Palmas,TO,2025-07-11,Ativo
4780,Grupo Cristal Engenharia Comércio e Serviços,Palmas,TO,2023-05-03,Ativo
4781,Mercantil Planalto Materiais Empresarial,Campo Grande,MS,2025-06-06,Ativo
4782,Soluções Integra Transportes Ltda.,Porto Alegre,RS,2023-09-21,Ativo
4783,Representações Bandeirante Construção S.A.,João Pessoa,PB,2023-04-07,Ativo
4784,Varejista Avante Comunicação Empresarial,São Paulo,SP,2023-04-15,Ativo
4785,Atacadista Liberdade Materiais Ltda.,Maringá,PR,2023-10-01,Ativo
4786,Tecnologia Continental Construção Empresarial,Vitória,ES,2024-07-31,Ativo
4787,Grupo Atlântica Sistemas S.A.,Campinas,SP,2024-03-22,Ativo
4788,Empreendimentos Central Móveis Ltda.,Boa Vista,RR,2022-07-14,Ativo
4789,Gestão Sigma Suprimentos Empresarial,São Luís,MA,2022-02-16,Ativo
4790,Mercantil Luz Comércio Ltda.,Porto Velho,RO,2025-06-27,Ativo
4791,Atacadista Continental Móveis Comércio e Serviços,Manaus,AM,2023-03-27,Ativo
4792,Companhia Delta Materiais Ltda.,Maringá,PR,2022-04-24,Ativo
4793,Distribuidora Delta Sistemas Comércio e Serviços,Palmas,TO,2024-02-15,Ativo
4794,Tecnologia Dinâmica Soluções Digitais Ltda.,João Pessoa,PB,2025-11-23,Inativo
4795,Soluções Aroeira Tecnologia S.A.,Porto Velho,RO,2025-06-13,Ativo
4796,Logística Serra Móveis Empresarial,Campinas,SP,2024-08-27,Ativo
4797,Grupo Liberdade Serviços Empresariais Ltda.,Maringá,PR,2022-09-20,Ativo
4798,Companhia Araucária Energia Comércio e Serviços,Porto Alegre,RS,2025-09-24,Ativo
4799,Companhia Cerrado Comunicação Empresarial,Ribeirão Preto,SP,2025-04-16,Ativo
4800,Gestão Amazônia Comunicação Ltda.,Londrina,PR,2023-03-06,Inativo
4801,Comercial Confiança Engenharia S.A.,Manaus,AM,2026-06-27,Ativo
4802,Mercantil Sol Nascente Energia Ltda.,Boa Vista,RR,2025-10-08,Ativo
4803,Representações Planalto Construção Empresarial,Feira de Santana,BA,2026-05-17,Ativo
4804,Varejista Cedro Soluções Digitais S.A.,Joinville,SC,2023-09-05,Ativo
4805,Representações Luz Soluções Digitais Empresarial,Vitória,ES,2023-10-03,Ativo
4806,Soluções Confiança Engenharia S.A.,Palmas,TO,2026-04-04,Ativo
4807,Consultoria Capital Tecnologia Comércio e Serviços,Joinville,SC,2023-12-30,Ativo
4808,Comercial Regional Materiais Comércio e Serviços,Juiz de Fora,MG,2026-07-24,Ativo
4809,Integração Nova Era Tecnologia S.A.,João Pessoa,PB,2025-01-26,Ativo
4810,Integração Excelência Engenharia Empresarial,Curitiba,PR,2022-03-14,Ativo
4811,Empreendimentos Cerrado Transportes Empresarial,Joinville,SC,2026-07-07,Ativo
4812,Comercial Prime Equipamentos Empresarial,Boa Vista,RR,2026-03-20,Ativo
4813,Indústria Buriti Transportes Comércio e Serviços,Ribeirão Preto,SP,2024-10-14,Ativo
4814,Logística Fortaleza Móveis Ltda.,João Pessoa,PB,2024-10-29,Ativo
4815,Soluções Cristal Tecnologia Empresarial,Juiz de Fora,MG,2022-10-22,Ativo
4816,Mercantil Alvorada Serviços Empresariais Comércio e Serviços,Maringá,PR,2022-09-13,Ativo
4817,Logística Sigma Alimentos Comércio e Serviços,São Paulo,SP,2024-02-29,Ativo
4818,Gestão Horizonte Materiais Comércio e Serviços,Feira de Santana,BA,2025-02-11,Ativo
4819,Atacadista Vector Comércio Ltda.,Goiânia,GO,2026-07-22,Ativo
4820,Importadora Capital Suprimentos Ltda.,Goiânia,GO,2022-08-04,Ativo
4821,Importadora Serra Comércio Comércio e Serviços,Maringá,PR,2024-03-03,Ativo
4822,Soluções Essencial Suprimentos Empresarial,Feira de Santana,BA,2022-08-10,Ativo
4823,Negócios Pantanal Equipamentos Empresarial,Maceió,AL,2023-11-27,Ativo
4824,Consultoria Horizonte Comércio Empresarial,Campinas,SP,2026-05-27,Ativo
4825,Indústria Pantanal Construção S.A.,Boa Vista,RR,2025-03-26,Ativo
4826,Integração Conquista Engenharia Comércio e Serviços,Natal,RN,2023-07-17,Ativo
4827,Grupo Prime Suprimentos S.A.,Joinville,SC,2023-11-13,Ativo
4828,Indústria Nexus Materiais Comércio e Serviços,Campinas,SP,2024-04-27,Ativo
4829,Soluções Liberdade Transportes Empresarial,Juiz de Fora,MG,2025-08-21,Ativo
4830,Logística Essencial Alimentos Ltda.,Goiânia,GO,2025-01-05,Ativo
4831,Indústria Jatobá Sistemas Ltda.,Anápolis,GO,2024-12-03,Ativo
4832,Atacadista Cristal Transportes Comércio e Serviços,Maringá,PR,2023-12-22,Ativo
4833,Negócios Referência Comunicação Ltda.,João Pessoa,PB,2023-05-18,Ativo
4834,Empreendimentos Integra Suprimentos Empresarial,Natal,RN,2025-11-04,Ativo
4835,Negócios Vector Energia Ltda.,Curitiba,PR,2022-10-26,Ativo
4836,Importadora Continental Engenharia Empresarial,João Pessoa,PB,2022-04-16,Ativo
4837,Serviços Referência Soluções Digitais S.A.,Niterói,RJ,2026-05-03,Ativo
4838,Varejista Real Comunicação Comércio e Serviços,Macapá,AP,2026-01-29,Ativo
4839,Logística Prime Sistemas Ltda.,Recife,PE,2023-08-14,Ativo
4840,Gestão Progresso Tecnologia Comércio e Serviços,Rio Branco,AC,2023-03-05,Ativo
4841,Atacadista Veredas Suprimentos Ltda.,Campinas,SP,2024-06-13,Ativo
4842,Grupo Nacional Energia Comércio e Serviços,Santos,SP,2022-10-11,Ativo
4843,Mercantil Conecta Comércio Empresarial,Rio Branco,AC,2024-04-17,Ativo
4844,Logística Sol Nascente Tecnologia Ltda.,João Pessoa,PB,2023-01-01,Ativo
4845,Empreendimentos Cedro Energia Ltda.,Campo Grande,MS,2023-09-02,Ativo
4846,Mercantil Metropolitana Alimentos Comércio e Serviços,Boa Vista,RR,2024-02-11,Ativo
4847,Distribuidora Conquista Alimentos Ltda.,Fortaleza,CE,2023-07-23,Ativo
4848,Importadora Ômega Suprimentos Ltda.,Porto Alegre,RS,2024-07-09,Ativo
4849,Importadora Premium Suprimentos S.A.,São Luís,MA,2023-04-18,Ativo
4850,Tecnologia Fortaleza Transportes Empresarial,Goiânia,GO,2025-09-24,Ativo
4851,Distribuidora Veredas Comércio Empresarial,Porto Velho,RO,2022-04-03,Ativo
4852,Soluções Horizonte Transportes Ltda.,São Luís,MA,2024-01-18,Ativo
4853,Grupo Sigma Sistemas Empresarial,Joinville,SC,2023-01-15,Ativo
4854,Atacadista Sigma Móveis Comércio e Serviços,Goiânia,GO,2023-02-08,Inativo
4855,Importadora Amazônia Materiais Empresarial,Feira de Santana,BA,2023-06-21,Ativo
4856,Serviços Ideal Tecnologia Ltda.,Manaus,AM,2024-01-29,Ativo
4857,Comercial Nexus Materiais S.A.,Londrina,PR,2024-01-03,Ativo
4858,Varejista Confiança Engenharia Ltda.,Vitória,ES,2023-12-11,Ativo
4859,Soluções Capital Soluções Digitais Empresarial,Anápolis,GO,2022-06-10,Ativo
4860,Gestão Buriti Energia Empresarial,São Paulo,SP,2023-06-28,Ativo
4861,Tecnologia Aroeira Equipamentos S.A.,Aracaju,SE,2025-12-26,Ativo
4862,Integração Ouro Sistemas Empresarial,Aracaju,SE,2022-08-15,Ativo
4863,Negócios Sinergia Transportes S.A.,Goiânia,GO,2026-03-13,Ativo
4864,Atacadista Atlântica Energia Empresarial,Belo Horizonte,MG,2022-01-27,Inativo
4865,Tecnologia Atlântica Tecnologia Ltda.,Caxias do Sul,RS,2025-11-22,Ativo
4866,Serviços Vanguarda Materiais Comércio e Serviços,Vitória,ES,2024-04-15,Ativo
4867,Grupo Liberdade Comunicação S.A.,Curitiba,PR,2023-03-13,Inativo
4868,Indústria Global Comunicação Empresarial,Salvador,BA,2026-01-27,Ativo
4869,Comercial Referência Tecnologia Ltda.,São Paulo,SP,2025-07-23,Ativo
4870,Empreendimentos Fortaleza Construção Empresarial,Salvador,BA,2023-03-06,Ativo
4871,Mercantil Excelência Energia Comércio e Serviços,Vitória,ES,2025-03-09,Ativo
4872,Gestão Litoral Engenharia S.A.,Juiz de Fora,MG,2023-11-02,Ativo
4873,Empreendimentos Luz Engenharia Comércio e Serviços,Boa Vista,RR,2025-07-09,Ativo
4874,Comercial Amazônia Alimentos Empresarial,Uberlândia,MG,2026-07-25,Ativo
4875,Empreendimentos Jatobá Transportes Comércio e Serviços,Maceió,AL,2025-11-16,Ativo
4876,Atacadista Premium Comunicação Comércio e Serviços,Santos,SP,2025-03-12,Ativo
4877,Importadora Conecta Materiais S.A.,Recife,PE,2023-12-15,Ativo
4878,Atacadista Vale Verde Alimentos Ltda.,Aracaju,SE,2022-12-22,Ativo
4879,Consultoria Regional Alimentos S.A.,Macapá,AP,2025-10-25,Ativo
4880,Comercial Nova Era Sistemas Empresarial,Belo Horizonte,MG,2025-01-24,Ativo
4881,Distribuidora Vector Transportes Empresarial,Rio de Janeiro,RJ,2024-03-03,Ativo
4882,Distribuidora Pioneira Tecnologia Ltda.,Goiânia,GO,2024-02-16,Ativo
4883,Tecnologia Nexus Alimentos S.A.,Florianópolis,SC,2023-02-02,Ativo
4884,Importadora Dinâmica Engenharia Comércio e Serviços,Vitória,ES,2022-01-07,Ativo
4885,Representações Pioneira Soluções Digitais S.A.,Anápolis,GO,2024-05-29,Ativo
4886,Grupo Cerrado Comércio Ltda.,Maceió,AL,2023-03-10,Inativo
4887,Importadora Central Engenharia Empresarial,Fortaleza,CE,2023-04-02,Ativo
4888,Negócios Central Móveis Comércio e Serviços,Goiânia,GO,2023-08-30,Ativo
4889,Mercantil Cedro Engenharia S.A.,Teresina,PI,2023-01-18,Ativo
4890,Empreendimentos Ápice Equipamentos Empresarial,Campo Grande,MS,2023-04-11,Ativo
4891,Logística Vitória Comércio Comércio e Serviços,Teresina,PI,2023-12-08,Ativo
4892,Logística Safira Alimentos S.A.,Ribeirão Preto,SP,2024-02-11,Ativo
4893,Grupo Litoral Construção Empresarial,Maringá,PR,2025-10-18,Ativo
4894,Integração Serra Suprimentos S.A.,Niterói,RJ,2022-01-20,Inativo
4895,Indústria Vanguarda Sistemas Ltda.,Palmas,TO,2022-03-04,Inativo
4896,Representações Dinâmica Comércio Empresarial,Natal,RN,2023-12-12,Ativo
4897,Tecnologia Planalto Sistemas Comércio e Serviços,Ribeirão Preto,SP,2022-11-30,Inativo
4898,Soluções Estrela Soluções Digitais Comércio e Serviços,Recife,PE,2023-09-28,Ativo
4899,Importadora Vitória Energia Comércio e Serviços,Rio de Janeiro,RJ,2022-01-05,Ativo
4900,Grupo Bandeirante Construção Empresarial,Cuiabá,MT,2025-11-05,Inativo
4901,Distribuidora Nexus Comunicação S.A.,Vitória,ES,2023-08-07,Inativo
4902,Distribuidora Central Equipamentos Comércio e Serviços,Recife,PE,2024-06-11,Ativo
4903,Tecnologia Vitória Energia S.A.,Rio Branco,AC,2022-02-09,Ativo
4904,Serviços União Construção Comércio e Serviços,Boa Vista,RR,2023-05-20,Ativo
4905,Serviços Evolução Serviços Empresariais Comércio e Serviços,São Paulo,SP,2025-07-24,Ativo
4906,Integração Central Suprimentos Ltda.,Santos,SP,2022-06-10,Ativo
4907,Importadora Vector Materiais Empresarial,São Luís,MA,2025-03-06,Ativo
4908,Consultoria Jatobá Comunicação Comércio e Serviços,Palmas,TO,2023-07-05,Ativo
4909,Companhia Ômega Comércio Comércio e Serviços,Florianópolis,SC,2026-06-03,Ativo
4910,Grupo Esperança Alimentos Ltda.,Londrina,PR,2026-01-10,Inativo
4911,Indústria Regional Equipamentos Ltda.,Campinas,SP,2022-12-05,Ativo
4912,Varejista Continental Suprimentos S.A.,João Pessoa,PB,2023-07-21,Ativo
4913,Importadora Ápice Energia Empresarial,Brasília,DF,2026-06-19,Ativo
4914,Mercantil Excelência Materiais Empresarial,Rio de Janeiro,RJ,2024-12-11,Inativo
4915,Comercial Global Construção Ltda.,Natal,RN,2022-08-16,Ativo
4916,Corporativa Nova Era Móveis Comércio e Serviços,Anápolis,GO,2026-02-02,Ativo
4917,Serviços Nacional Transportes Ltda.,Palmas,TO,2026-02-01,Ativo
4918,Empreendimentos Premium Tecnologia S.A.,Cuiabá,MT,2026-05-09,Ativo
4919,Soluções Diamante Engenharia Empresarial,Manaus,AM,2023-04-12,Ativo
4920,Negócios Sol Nascente Equipamentos S.A.,Campo Grande,MS,2025-08-04,Ativo
4921,Negócios Jatobá Tecnologia Empresarial,Santos,SP,2026-07-27,Inativo
4922,Importadora Atlântica Construção Empresarial,Campo Grande,MS,2024-04-06,Ativo
4923,Indústria Cedro Serviços Empresariais Empresarial,Brasília,DF,2023-09-29,Ativo
4924,Tecnologia Integra Transportes Comércio e Serviços,Manaus,AM,2026-04-22,Ativo
4925,Distribuidora Fortaleza Sistemas Empresarial,Cuiabá,MT,2024-01-23,Ativo
4926,Negócios Referência Sistemas Comércio e Serviços,Porto Alegre,RS,2024-05-14,Ativo
4927,Distribuidora Real Materiais Ltda.,Ribeirão Preto,SP,2026-03-26,Ativo
4928,Distribuidora Pacífico Sistemas Comércio e Serviços,Caxias do Sul,RS,2022-03-19,Ativo
4929,Corporativa Continental Móveis Empresarial,Boa Vista,RR,2023-01-19,Ativo
4930,Tecnologia Brasília Materiais Empresarial,Caxias do Sul,RS,2023-05-28,Ativo
4931,Importadora Amazônia Serviços Empresariais Ltda.,Salvador,BA,2024-08-11,Ativo
4932,Consultoria Fortaleza Comunicação Ltda.,Aracaju,SE,2024-05-27,Ativo
4933,Consultoria Sol Nascente Alimentos S.A.,Juiz de Fora,MG,2024-08-05,Ativo
4934,Corporativa Fortaleza Transportes Comércio e Serviços,Natal,RN,2022-05-20,Ativo
4935,Atacadista Pacífico Suprimentos Empresarial,Manaus,AM,2022-01-05,Ativo
4936,Atacadista Sinergia Soluções Digitais Ltda.,Cuiabá,MT,2024-07-07,Ativo
4937,Distribuidora Fortaleza Energia Ltda.,Florianópolis,SC,2026-07-13,Ativo
4938,Varejista Amazônia Energia Empresarial,Londrina,PR,2024-08-10,Ativo
4939,Soluções Amazônia Comércio Empresarial,Brasília,DF,2022-09-10,Ativo
4940,Indústria Pantanal Transportes Empresarial,Anápolis,GO,2024-03-19,Inativo
4941,Tecnologia Confiança Materiais Empresarial,Salvador,BA,2023-07-10,Inativo
4942,Varejista Master Equipamentos S.A.,Rio de Janeiro,RJ,2024-10-23,Ativo
4943,Consultoria Bandeirante Transportes S.A.,Campinas,SP,2025-03-24,Ativo
4944,Serviços Planalto Soluções Digitais Comércio e Serviços,Belo Horizonte,MG,2023-04-22,Inativo
4945,Companhia Estrela Tecnologia Ltda.,Fortaleza,CE,2025-05-09,Inativo
4946,Empreendimentos Sigma Equipamentos S.A.,Anápolis,GO,2026-03-29,Ativo
4947,Gestão Conquista Soluções Digitais Comércio e Serviços,Cuiabá,MT,2022-12-08,Ativo
4948,Mercantil Central Transportes Ltda.,Londrina,PR,2022-06-10,Ativo
4949,Importadora Premium Equipamentos Ltda.,Maringá,PR,2022-04-07,Ativo
4950,Soluções Metropolitana Suprimentos Ltda.,Campo Grande,MS,2024-12-13,Inativo
4951,Distribuidora Vale Verde Alimentos Ltda.,Palmas,TO,2025-12-06,Ativo
4952,Mercantil Vector Suprimentos Empresarial,João Pessoa,PB,2024-09-27,Ativo
4953,Representações Vale Verde Suprimentos Ltda.,Anápolis,GO,2025-03-01,Ativo
4954,Negócios Cerrado Engenharia S.A.,Aracaju,SE,2022-04-15,Inativo
4955,Varejista Nacional Alimentos Comércio e Serviços,Recife,PE,2026-02-21,Ativo
4956,Representações Vanguarda Materiais Ltda.,Goiânia,GO,2022-04-25,Inativo
4957,Indústria Integra Engenharia S.A.,Rio de Janeiro,RJ,2026-03-16,Ativo
4958,Logística Araucária Alimentos S.A.,Maringá,PR,2022-03-20,Ativo
4959,Comercial Luz Transportes S.A.,Aracaju,SE,2023-11-02,Ativo
4960,Mercantil Monte Azul Energia Comércio e Serviços,Teresina,PI,2025-08-04,Ativo
4961,Importadora Central Energia Empresarial,Curitiba,PR,2025-12-06,Ativo
4962,Negócios Vanguarda Transportes S.A.,Boa Vista,RR,2023-01-25,Ativo
4963,Varejista Ápice Alimentos Ltda.,Londrina,PR,2024-12-28,Ativo
4964,Importadora Integra Soluções Digitais S.A.,Campinas,SP,2024-01-04,Ativo
4965,Distribuidora Fortaleza Comunicação Ltda.,Rio Branco,AC,2022-02-26,Ativo
4966,Soluções Ideal Equipamentos S.A.,Rio de Janeiro,RJ,2024-10-24,Ativo
4967,Grupo Luz Energia S.A.,Goiânia,GO,2025-05-07,Ativo
4968,Corporativa Essencial Suprimentos S.A.,Vitória,ES,2025-10-27,Ativo
4969,Empreendimentos Nexus Tecnologia Comércio e Serviços,João Pessoa,PB,2025-06-21,Ativo
4970,Indústria Cristal Comércio Empresarial,Joinville,SC,2023-03-04,Ativo
4971,Companhia Suprema Comunicação S.A.,Vitória,ES,2025-12-04,Ativo
4972,Representações Prime Soluções Digitais S.A.,Joinville,SC,2022-01-31,Ativo
4973,Representações Brasília Móveis Empresarial,Vitória,ES,2024-02-06,Ativo
4974,Mercantil Prime Alimentos Comércio e Serviços,Maringá,PR,2024-03-20,Ativo
4975,Indústria Monte Azul Tecnologia Empresarial,Anápolis,GO,2025-03-02,Ativo
4976,Gestão Pioneira Equipamentos Empresarial,Joinville,SC,2024-05-11,Ativo
4977,Comercial Imperial Energia Empresarial,Boa Vista,RR,2024-08-25,Inativo
4978,Importadora Sigma Energia Empresarial,Goiânia,GO,2025-06-11,Ativo
4979,Serviços Nexus Materiais S.A.,Feira de Santana,BA,2025-11-19,Ativo
4980,Importadora Ômega Tecnologia Ltda.,Cuiabá,MT,2024-09-23,Ativo
4981,Varejista Planalto Comércio Ltda.,Aracaju,SE,2024-08-21,Ativo
4982,Varejista Progresso Móveis S.A.,Goiânia,GO,2024-02-03,Ativo
4983,Grupo Ápice Construção S.A.,Maringá,PR,2025-07-27,Ativo
4984,Companhia Ápice Materiais Empresarial,Natal,RN,2022-06-26,Ativo
4985,Corporativa Ipê Suprimentos Comércio e Serviços,João Pessoa,PB,2026-04-20,Ativo
4986,Importadora Vector Comércio Ltda.,Palmas,TO,2026-06-03,Ativo
4987,Varejista Cristal Sistemas Empresarial,Rio de Janeiro,RJ,2025-10-30,Ativo
4988,Serviços Dinâmica Sistemas Empresarial,Vitória,ES,2022-05-24,Inativo
4989,Distribuidora Evolução Comunicação Comércio e Serviços,São Luís,MA,2024-12-28,Ativo
4990,Indústria Buriti Comunicação Empresarial,Vitória,ES,2026-02-02,Ativo
4991,Atacadista Liberdade Móveis Comércio e Serviços,Campinas,SP,2025-06-24,Ativo
4992,Serviços Real Móveis S.A.,Maceió,AL,2024-10-16,Inativo
4993,Gestão Metropolitana Construção Empresarial,Rio de Janeiro,RJ,2024-12-21,Ativo
4994,Empreendimentos Essencial Engenharia Empresarial,Belém,PA,2026-02-08,Ativo
4995,Comercial Estrela Tecnologia Comércio e Serviços,Feira de Santana,BA,2025-02-17,Ativo
4996,Indústria Metropolitana Tecnologia Empresarial,Macapá,AP,2023-12-16,Ativo
4997,Atacadista Litoral Suprimentos Comércio e Serviços,Campinas,SP,2024-06-26,Ativo
4998,Mercantil Orbe Energia Comércio e Serviços,Palmas,TO,2025-07-08,Ativo
4999,Atacadista Metropolitana Equipamentos Ltda.,Brasília,DF,2024-02-12,Ativo
5000,Importadora Premium Transportes Comércio e Serviços,Recife,PE,2026-03-20,Ativo
