ano,mes,id_vendedor,id_unidade,valor_meta,data_atualizacao
2024,1,1,9,90967.79,2024-01-01
2024,1,2,9,52115.47,2024-01-01
2024,1,3,12,74983.85,2024-01-01
2024,1,4,11,103727.67,2024-01-01
2024,1,5,27,63325.57,2024-01-01
2024,1,6,20,98052.38,2024-01-01
2024,1,7,7,110676.08,2024-01-01
2024,1,8,29,72938.15,2024-01-01
2024,1,9,3,108399.26,2024-01-01
2024,1,10,8,71731.46,2024-01-01
2024,1,11,23,47117.79,2024-01-01
2024,1,12,15,79723.48,2024-01-01
2024,1,13,11,74810.50,2024-01-01
2024,1,14,14,70102.72,2024-01-01
2024,1,15,4,93856.97,2024-01-01
2024,1,16,1,63195.57,2024-01-01
2024,1,17,4,70953.77,2024-01-01
2024,1,18,24,82643.33,2024-01-01
2024,1,19,7,76096.61,2024-01-01
2024,1,20,22,88517.76,2024-01-01
2024,1,21,9,71549.77,2024-01-01
2024,1,22,23,54324.43,2024-01-01
2024,1,23,27,39032.57,2024-01-01
2024,1,24,23,53904.41,2024-01-01
2024,1,25,10,56596.37,2024-01-01
2024,1,26,28,88324.07,2024-01-01
2024,1,27,27,76197.52,2024-01-01
2024,1,28,12,53312.56,2024-01-01
2024,1,29,6,119792.45,2024-01-01
2024,1,30,5,85547.90,2024-01-01
2024,1,31,7,89097.32,2024-01-01
2024,1,32,12,50717.96,2024-01-01
2024,1,33,14,64829.55,2024-01-01
2024,1,34,1,109525.91,2024-01-01
2024,1,35,15,72964.96,2024-01-01
2024,1,36,5,92331.03,2024-01-01
2024,1,37,27,63514.93,2024-01-01
2024,1,38,18,84799.35,2024-01-01
2024,1,39,19,78900.50,2024-01-01
2024,1,40,23,58466.76,2024-01-01
2024,1,41,25,77252.85,2024-01-01
2024,1,42,28,60128.76,2024-01-01
2024,1,43,13,75554.15,2024-01-01
2024,1,44,22,73642.94,2024-01-01
2024,1,45,30,112638.07,2024-01-01
2024,1,46,12,91069.22,2024-01-01
2024,1,47,30,54053.91,2024-01-01
2024,1,48,12,71801.70,2024-01-01
2024,1,49,3,79282.73,2024-01-01
2024,1,50,11,63797.63,2024-01-01
2024,1,51,25,66335.34,2024-01-01
2024,1,52,16,67045.90,2024-01-01
2024,1,53,13,60096.00,2024-01-01
2024,1,54,15,55956.11,2024-01-01
2024,1,55,6,62324.46,2024-01-01
2024,1,56,29,78134.65,2024-01-01
2024,1,57,13,75747.88,2024-01-01
2024,1,58,25,81774.42,2024-01-01
2024,1,59,17,55143.56,2024-01-01
2024,1,60,8,75073.55,2024-01-01
2024,1,61,28,77395.56,2024-01-01
2024,1,62,21,64995.45,2024-01-01
2024,1,63,16,89329.83,2024-01-01
2024,1,64,29,51876.76,2024-01-01
2024,1,65,19,75822.06,2024-01-01
2024,1,66,23,86700.20,2024-01-01
2024,1,67,13,63984.26,2024-01-01
2024,1,68,12,77128.83,2024-01-01
2024,1,69,6,55557.99,2024-01-01
2024,1,70,3,71230.84,2024-01-01
2024,1,71,4,86830.04,2024-01-01
2024,1,72,27,56639.52,2024-01-01
2024,1,73,1,56104.58,2024-01-01
2024,1,74,2,80124.33,2024-01-01
2024,1,75,30,49556.64,2024-01-01
2024,1,76,3,95371.41,2024-01-01
2024,1,77,2,95071.05,2024-01-01
2024,1,78,29,59840.92,2024-01-01
2024,1,79,19,76947.83,2024-01-01
2024,1,80,13,66351.71,2024-01-01
2024,1,81,23,59702.02,2024-01-01
2024,1,82,11,74391.15,2024-01-01
2024,1,83,13,76264.56,2024-01-01
2024,1,84,1,44853.91,2024-01-01
2024,1,85,28,82928.20,2024-01-01
2024,1,86,26,80694.05,2024-01-01
2024,1,87,25,98638.68,2024-01-01
2024,1,88,17,94616.72,2024-01-01
2024,1,89,24,43805.03,2024-01-01
2024,1,90,13,62620.29,2024-01-01
2024,1,91,12,50284.75,2024-01-01
2024,1,92,12,62086.35,2024-01-01
2024,1,93,30,73093.63,2024-01-01
2024,1,94,19,86703.84,2024-01-01
2024,1,95,14,89639.00,2024-01-01
2024,1,96,29,87698.21,2024-01-01
2024,1,97,24,52664.60,2024-01-01
2024,1,98,30,57379.61,2024-01-01
2024,1,99,30,59314.77,2024-01-01
2024,1,100,16,81450.04,2024-01-01
2024,1,101,26,102316.23,2024-01-01
2024,1,102,6,89616.26,2024-01-01
2024,1,103,20,94401.66,2024-01-01
2024,1,104,1,66620.09,2024-01-01
2024,1,105,18,63594.84,2024-01-01
2024,1,106,6,99428.60,2024-01-01
2024,1,107,18,46496.60,2024-01-01
2024,1,108,7,60070.34,2024-01-01
2024,1,109,12,61679.26,2024-01-01
2024,1,110,25,77733.07,2024-01-01
2024,1,111,8,46586.03,2024-01-01
2024,1,112,12,49102.63,2024-01-01
2024,1,113,30,64250.11,2024-01-01
2024,1,114,8,61625.35,2024-01-01
2024,1,115,10,104295.80,2024-01-01
2024,1,116,5,72204.39,2024-01-01
2024,1,117,23,104944.37,2024-01-01
2024,1,118,17,93685.90,2024-01-01
2024,1,119,26,85753.99,2024-01-01
2024,1,120,4,68482.50,2024-01-01
2024,1,121,3,47017.75,2024-01-01
2024,1,122,12,68063.70,2024-01-01
2024,1,123,29,74284.11,2024-01-01
2024,1,124,10,81312.78,2024-01-01
2024,1,125,12,75012.51,2024-01-01
2024,1,126,12,54105.95,2024-01-01
2024,1,127,7,63649.05,2024-01-01
2024,1,128,10,78850.81,2024-01-01
2024,1,129,29,67504.08,2024-01-01
2024,1,130,22,104714.26,2024-01-01
2024,1,131,10,80514.76,2024-01-01
2024,1,132,19,63261.83,2024-01-01
2024,1,133,8,87286.54,2024-01-01
2024,1,134,1,51977.15,2024-01-01
2024,1,135,26,62615.03,2024-01-01
2024,1,136,6,80461.20,2024-01-01
2024,1,137,10,72166.21,2024-01-01
2024,1,138,26,51675.43,2024-01-01
2024,1,139,9,102521.68,2024-01-01
2024,1,140,21,84275.38,2024-01-01
2024,1,141,3,62998.30,2024-01-01
2024,1,142,19,61541.41,2024-01-01
2024,1,143,2,80098.02,2024-01-01
2024,1,144,5,97992.52,2024-01-01
2024,1,145,29,61566.03,2024-01-01
2024,1,146,11,61760.07,2024-01-01
2024,1,147,12,95697.03,2024-01-01
2024,1,148,4,49082.55,2024-01-01
2024,1,149,19,87260.49,2024-01-01
2024,1,150,21,69014.43,2024-01-01
2024,1,151,29,53473.75,2024-01-01
2024,1,152,2,106514.46,2024-01-01
2024,1,153,18,60084.59,2024-01-01
2024,1,154,4,59685.66,2024-01-01
2024,1,155,1,80281.99,2024-01-01
2024,1,156,14,52657.66,2024-01-01
2024,1,157,10,91188.49,2024-01-01
2024,1,158,25,51101.89,2024-01-01
2024,1,159,13,60654.74,2024-01-01
2024,1,160,17,46882.73,2024-01-01
2024,1,161,7,42433.35,2024-01-01
2024,1,162,17,61194.31,2024-01-01
2024,1,163,17,71088.23,2024-01-01
2024,1,164,16,98312.32,2024-01-01
2024,1,165,1,57592.18,2024-01-01
2024,1,166,10,66945.55,2024-01-01
2024,1,167,26,58772.71,2024-01-01
2024,1,168,30,62910.43,2024-01-01
2024,1,169,15,92610.73,2024-01-01
2024,1,170,2,77973.49,2024-01-01
2024,1,171,17,83891.50,2024-01-01
2024,1,172,19,56229.60,2024-01-01
2024,1,173,13,63141.89,2024-01-01
2024,1,174,11,54938.48,2024-01-01
2024,1,175,20,105737.85,2024-01-01
2024,1,176,24,70828.33,2024-01-01
2024,1,177,16,85819.48,2024-01-01
2024,1,178,4,97000.26,2024-01-01
2024,1,179,26,88463.44,2024-01-01
2024,1,180,12,61634.26,2024-01-01
2024,1,181,6,46914.44,2024-01-01
2024,1,182,14,83687.83,2024-01-01
2024,1,183,22,62083.81,2024-01-01
2024,1,184,15,49122.43,2024-01-01
2024,1,185,6,104220.29,2024-01-01
2024,1,186,11,90281.59,2024-01-01
2024,1,187,2,55625.62,2024-01-01
2024,1,188,12,65772.32,2024-01-01
2024,1,189,21,106894.86,2024-01-01
2024,1,190,20,61102.89,2024-01-01
2024,1,191,18,70350.96,2024-01-01
2024,1,192,28,64618.89,2024-01-01
2024,1,193,5,44282.95,2024-01-01
2024,1,194,5,62224.40,2024-01-01
2024,1,195,14,61462.45,2024-01-01
2024,1,196,6,102729.00,2024-01-01
2024,1,197,11,74883.10,2024-01-01
2024,1,198,3,55910.95,2024-01-01
2024,1,199,19,50185.12,2024-01-01
2024,1,200,24,76950.11,2024-01-01
2024,2,1,9,79340.90,2024-02-01
2024,2,2,9,54753.70,2024-02-01
2024,2,3,12,92091.07,2024-02-01
2024,2,4,11,84404.65,2024-02-01
2024,2,5,27,71278.70,2024-02-01
2024,2,6,20,89601.20,2024-02-01
2024,2,7,7,101444.52,2024-02-01
2024,2,8,29,85042.59,2024-02-01
2024,2,9,3,110863.01,2024-02-01
2024,2,10,8,74143.13,2024-02-01
2024,2,11,23,43208.64,2024-02-01
2024,2,12,15,104328.91,2024-02-01
2024,2,13,11,112238.26,2024-02-01
2024,2,14,14,59650.07,2024-02-01
2024,2,15,4,99265.54,2024-02-01
2024,2,16,1,54827.65,2024-02-01
2024,2,17,4,83109.80,2024-02-01
2024,2,18,24,68564.18,2024-02-01
2024,2,19,7,82247.42,2024-02-01
2024,2,20,22,115527.11,2024-02-01
2024,2,21,9,56396.11,2024-02-01
2024,2,22,23,50637.42,2024-02-01
2024,2,23,27,60050.43,2024-02-01
2024,2,24,23,66509.91,2024-02-01
2024,2,25,10,43147.03,2024-02-01
2024,2,26,28,60850.36,2024-02-01
2024,2,27,27,76112.77,2024-02-01
2024,2,28,12,64892.20,2024-02-01
2024,2,29,6,116899.24,2024-02-01
2024,2,30,5,103904.17,2024-02-01
2024,2,31,7,64504.90,2024-02-01
2024,2,32,12,38365.17,2024-02-01
2024,2,33,14,58770.54,2024-02-01
2024,2,34,1,82267.12,2024-02-01
2024,2,35,15,48541.23,2024-02-01
2024,2,36,5,118527.17,2024-02-01
2024,2,37,27,80811.21,2024-02-01
2024,2,38,18,72513.18,2024-02-01
2024,2,39,19,51775.86,2024-02-01
2024,2,40,23,69904.40,2024-02-01
2024,2,41,25,71359.43,2024-02-01
2024,2,42,28,54190.61,2024-02-01
2024,2,43,13,78316.21,2024-02-01
2024,2,44,22,79585.55,2024-02-01
2024,2,45,30,113297.87,2024-02-01
2024,2,46,12,97071.28,2024-02-01
2024,2,47,30,52046.97,2024-02-01
2024,2,48,12,58872.32,2024-02-01
2024,2,49,3,54110.83,2024-02-01
2024,2,50,11,91719.46,2024-02-01
2024,2,51,25,80517.55,2024-02-01
2024,2,52,16,73428.73,2024-02-01
2024,2,53,13,62911.33,2024-02-01
2024,2,54,15,46269.79,2024-02-01
2024,2,55,6,65154.21,2024-02-01
2024,2,56,29,102791.99,2024-02-01
2024,2,57,13,106500.32,2024-02-01
2024,2,58,25,76879.24,2024-02-01
2024,2,59,17,54879.73,2024-02-01
2024,2,60,8,87553.11,2024-02-01
2024,2,61,28,95231.52,2024-02-01
2024,2,62,21,53302.51,2024-02-01
2024,2,63,16,97811.43,2024-02-01
2024,2,64,29,56760.84,2024-02-01
2024,2,65,19,125850.43,2024-02-01
2024,2,66,23,83711.23,2024-02-01
2024,2,67,13,41242.52,2024-02-01
2024,2,68,12,110111.65,2024-02-01
2024,2,69,6,37872.19,2024-02-01
2024,2,70,3,110236.02,2024-02-01
2024,2,71,4,106397.61,2024-02-01
2024,2,72,27,62602.69,2024-02-01
2024,2,73,1,80008.04,2024-02-01
2024,2,74,2,76841.31,2024-02-01
2024,2,75,30,49115.71,2024-02-01
2024,2,76,3,114132.89,2024-02-01
2024,2,77,2,68657.14,2024-02-01
2024,2,78,29,74678.74,2024-02-01
2024,2,79,19,81225.89,2024-02-01
2024,2,80,13,73288.27,2024-02-01
2024,2,81,23,62061.15,2024-02-01
2024,2,82,11,67011.05,2024-02-01
2024,2,83,13,75935.10,2024-02-01
2024,2,84,1,51223.03,2024-02-01
2024,2,85,28,52775.11,2024-02-01
2024,2,86,26,74311.44,2024-02-01
2024,2,87,25,109548.61,2024-02-01
2024,2,88,17,77600.93,2024-02-01
2024,2,89,24,74232.19,2024-02-01
2024,2,90,13,61729.72,2024-02-01
2024,2,91,12,52718.65,2024-02-01
2024,2,92,12,49657.99,2024-02-01
2024,2,93,30,86724.95,2024-02-01
2024,2,94,19,66462.61,2024-02-01
2024,2,95,14,80270.73,2024-02-01
2024,2,96,29,89636.04,2024-02-01
2024,2,97,24,67560.08,2024-02-01
2024,2,98,30,53151.89,2024-02-01
2024,2,99,30,66966.24,2024-02-01
2024,2,100,16,51304.47,2024-02-01
2024,2,101,26,90917.30,2024-02-01
2024,2,102,6,91343.56,2024-02-01
2024,2,103,20,85851.88,2024-02-01
2024,2,104,1,56014.99,2024-02-01
2024,2,105,18,89324.24,2024-02-01
2024,2,106,6,82917.00,2024-02-01
2024,2,107,18,46538.18,2024-02-01
2024,2,108,7,66964.81,2024-02-01
2024,2,109,12,86764.76,2024-02-01
2024,2,110,25,72239.37,2024-02-01
2024,2,111,8,39735.08,2024-02-01
2024,2,112,12,83579.01,2024-02-01
2024,2,113,30,67259.09,2024-02-01
2024,2,114,8,84115.31,2024-02-01
2024,2,115,10,101503.97,2024-02-01
2024,2,116,5,74682.44,2024-02-01
2024,2,117,23,80155.19,2024-02-01
2024,2,118,17,83074.55,2024-02-01
2024,2,119,26,65833.58,2024-02-01
2024,2,120,4,50956.93,2024-02-01
2024,2,121,3,68696.23,2024-02-01
2024,2,122,12,54950.83,2024-02-01
2024,2,123,29,81971.16,2024-02-01
2024,2,124,10,77835.65,2024-02-01
2024,2,125,12,61974.13,2024-02-01
2024,2,126,12,59777.63,2024-02-01
2024,2,127,7,46793.36,2024-02-01
2024,2,128,10,104551.23,2024-02-01
2024,2,129,29,57848.48,2024-02-01
2024,2,130,22,91271.99,2024-02-01
2024,2,131,10,64578.11,2024-02-01
2024,2,132,19,70038.51,2024-02-01
2024,2,133,8,71285.29,2024-02-01
2024,2,134,1,78761.15,2024-02-01
2024,2,135,26,54116.46,2024-02-01
2024,2,136,6,66979.29,2024-02-01
2024,2,137,10,65205.51,2024-02-01
2024,2,138,26,71311.45,2024-02-01
2024,2,139,9,80450.44,2024-02-01
2024,2,140,21,95358.91,2024-02-01
2024,2,141,3,62293.43,2024-02-01
2024,2,142,19,80448.36,2024-02-01
2024,2,143,2,69168.73,2024-02-01
2024,2,144,5,91708.92,2024-02-01
2024,2,145,29,41849.10,2024-02-01
2024,2,146,11,84455.31,2024-02-01
2024,2,147,12,89673.05,2024-02-01
2024,2,148,4,64842.50,2024-02-01
2024,2,149,19,101911.31,2024-02-01
2024,2,150,21,76452.65,2024-02-01
2024,2,151,29,80132.59,2024-02-01
2024,2,152,2,87407.20,2024-02-01
2024,2,153,18,46259.63,2024-02-01
2024,2,154,4,71314.25,2024-02-01
2024,2,155,1,69998.17,2024-02-01
2024,2,156,14,69350.87,2024-02-01
2024,2,157,10,73159.65,2024-02-01
2024,2,158,25,61539.74,2024-02-01
2024,2,159,13,77366.47,2024-02-01
2024,2,160,17,45363.64,2024-02-01
2024,2,161,7,50486.73,2024-02-01
2024,2,162,17,85089.29,2024-02-01
2024,2,163,17,74235.63,2024-02-01
2024,2,164,16,81036.82,2024-02-01
2024,2,165,1,76667.15,2024-02-01
2024,2,166,10,67567.44,2024-02-01
2024,2,167,26,45773.58,2024-02-01
2024,2,168,30,67483.80,2024-02-01
2024,2,169,15,106579.90,2024-02-01
2024,2,170,2,50163.96,2024-02-01
2024,2,171,17,84704.36,2024-02-01
2024,2,172,19,55158.86,2024-02-01
2024,2,173,13,69637.80,2024-02-01
2024,2,174,11,67071.08,2024-02-01
2024,2,175,20,106826.16,2024-02-01
2024,2,176,24,73289.88,2024-02-01
2024,2,177,16,101030.00,2024-02-01
2024,2,178,4,105611.00,2024-02-01
2024,2,179,26,110478.42,2024-02-01
2024,2,180,12,61814.81,2024-02-01
2024,2,181,6,57192.46,2024-02-01
2024,2,182,14,96906.67,2024-02-01
2024,2,183,22,72383.53,2024-02-01
2024,2,184,15,48596.63,2024-02-01
2024,2,185,6,72996.07,2024-02-01
2024,2,186,11,108768.73,2024-02-01
2024,2,187,2,53626.56,2024-02-01
2024,2,188,12,47593.70,2024-02-01
2024,2,189,21,105704.31,2024-02-01
2024,2,190,20,64775.74,2024-02-01
2024,2,191,18,60562.25,2024-02-01
2024,2,192,28,57217.20,2024-02-01
2024,2,193,5,46490.53,2024-02-01
2024,2,194,5,94846.85,2024-02-01
2024,2,195,14,47624.10,2024-02-01
2024,2,196,6,80411.15,2024-02-01
2024,2,197,11,82881.12,2024-02-01
2024,2,198,3,53715.75,2024-02-01
2024,2,199,19,55502.87,2024-02-01
2024,2,200,24,68401.81,2024-02-01
2024,3,1,9,66623.84,2024-03-01
2024,3,2,9,47590.48,2024-03-01
2024,3,3,12,103816.36,2024-03-01
2024,3,4,11,78730.45,2024-03-01
2024,3,5,27,72637.44,2024-03-01
2024,3,6,20,83019.94,2024-03-01
2024,3,7,7,89027.10,2024-03-01
2024,3,8,29,74267.90,2024-03-01
2024,3,9,3,125572.71,2024-03-01
2024,3,10,8,74513.12,2024-03-01
2024,3,11,23,73911.64,2024-03-01
2024,3,12,15,108028.41,2024-03-01
2024,3,13,11,116791.97,2024-03-01
2024,3,14,14,70439.05,2024-03-01
2024,3,15,4,113971.17,2024-03-01
2024,3,16,1,56586.32,2024-03-01
2024,3,17,4,88174.90,2024-03-01
2024,3,18,24,89453.33,2024-03-01
2024,3,19,7,96911.49,2024-03-01
2024,3,20,22,126341.86,2024-03-01
2024,3,21,9,80289.33,2024-03-01
2024,3,22,23,73884.32,2024-03-01
2024,3,23,27,41662.26,2024-03-01
2024,3,24,23,55393.74,2024-03-01
2024,3,25,10,52185.23,2024-03-01
2024,3,26,28,118992.90,2024-03-01
2024,3,27,27,79393.46,2024-03-01
2024,3,28,12,80252.36,2024-03-01
2024,3,29,6,104800.65,2024-03-01
2024,3,30,5,106644.96,2024-03-01
2024,3,31,7,90207.46,2024-03-01
2024,3,32,12,51019.75,2024-03-01
2024,3,33,14,66725.65,2024-03-01
2024,3,34,1,108850.49,2024-03-01
2024,3,35,15,70801.98,2024-03-01
2024,3,36,5,103358.52,2024-03-01
2024,3,37,27,88884.87,2024-03-01
2024,3,38,18,81868.11,2024-03-01
2024,3,39,19,80440.38,2024-03-01
2024,3,40,23,78887.90,2024-03-01
2024,3,41,25,76051.52,2024-03-01
2024,3,42,28,61118.06,2024-03-01
2024,3,43,13,104458.93,2024-03-01
2024,3,44,22,74188.25,2024-03-01
2024,3,45,30,124421.54,2024-03-01
2024,3,46,12,98039.42,2024-03-01
2024,3,47,30,78434.36,2024-03-01
2024,3,48,12,73829.02,2024-03-01
2024,3,49,3,103723.64,2024-03-01
2024,3,50,11,57404.57,2024-03-01
2024,3,51,25,85404.14,2024-03-01
2024,3,52,16,88491.64,2024-03-01
2024,3,53,13,61490.68,2024-03-01
2024,3,54,15,74588.58,2024-03-01
2024,3,55,6,58684.79,2024-03-01
2024,3,56,29,89521.99,2024-03-01
2024,3,57,13,106637.96,2024-03-01
2024,3,58,25,74631.13,2024-03-01
2024,3,59,17,85589.64,2024-03-01
2024,3,60,8,62621.66,2024-03-01
2024,3,61,28,99971.78,2024-03-01
2024,3,62,21,88385.47,2024-03-01
2024,3,63,16,81301.58,2024-03-01
2024,3,64,29,68132.95,2024-03-01
2024,3,65,19,91926.62,2024-03-01
2024,3,66,23,100116.39,2024-03-01
2024,3,67,13,56235.52,2024-03-01
2024,3,68,12,97779.98,2024-03-01
2024,3,69,6,58517.75,2024-03-01
2024,3,70,3,93655.15,2024-03-01
2024,3,71,4,90093.14,2024-03-01
2024,3,72,27,45099.59,2024-03-01
2024,3,73,1,59072.94,2024-03-01
2024,3,74,2,76714.78,2024-03-01
2024,3,75,30,72682.06,2024-03-01
2024,3,76,3,88586.62,2024-03-01
2024,3,77,2,75014.18,2024-03-01
2024,3,78,29,79047.64,2024-03-01
2024,3,79,19,86153.90,2024-03-01
2024,3,80,13,66082.19,2024-03-01
2024,3,81,23,50092.51,2024-03-01
2024,3,82,11,81374.33,2024-03-01
2024,3,83,13,83868.17,2024-03-01
2024,3,84,1,80196.98,2024-03-01
2024,3,85,28,79584.17,2024-03-01
2024,3,86,26,87539.23,2024-03-01
2024,3,87,25,93995.32,2024-03-01
2024,3,88,17,80720.58,2024-03-01
2024,3,89,24,49746.04,2024-03-01
2024,3,90,13,78883.29,2024-03-01
2024,3,91,12,61064.51,2024-03-01
2024,3,92,12,83499.59,2024-03-01
2024,3,93,30,96547.87,2024-03-01
2024,3,94,19,82665.43,2024-03-01
2024,3,95,14,107275.91,2024-03-01
2024,3,96,29,91860.64,2024-03-01
2024,3,97,24,82289.59,2024-03-01
2024,3,98,30,60738.15,2024-03-01
2024,3,99,30,76395.92,2024-03-01
2024,3,100,16,74134.82,2024-03-01
2024,3,101,26,105417.53,2024-03-01
2024,3,102,6,104520.19,2024-03-01
2024,3,103,20,133727.27,2024-03-01
2024,3,104,1,71737.39,2024-03-01
2024,3,105,18,114899.69,2024-03-01
2024,3,106,6,128381.26,2024-03-01
2024,3,107,18,56171.25,2024-03-01
2024,3,108,7,95037.13,2024-03-01
2024,3,109,12,104047.86,2024-03-01
2024,3,110,25,81137.72,2024-03-01
2024,3,111,8,41895.21,2024-03-01
2024,3,112,12,81716.90,2024-03-01
2024,3,113,30,62898.30,2024-03-01
2024,3,114,8,79566.76,2024-03-01
2024,3,115,10,91727.38,2024-03-01
2024,3,116,5,105844.35,2024-03-01
2024,3,117,23,136622.44,2024-03-01
2024,3,118,17,91093.84,2024-03-01
2024,3,119,26,61375.95,2024-03-01
2024,3,120,4,47218.07,2024-03-01
2024,3,121,3,72450.62,2024-03-01
2024,3,122,12,59501.05,2024-03-01
2024,3,123,29,86948.95,2024-03-01
2024,3,124,10,99690.45,2024-03-01
2024,3,125,12,54760.69,2024-03-01
2024,3,126,12,90210.36,2024-03-01
2024,3,127,7,48367.45,2024-03-01
2024,3,128,10,73835.27,2024-03-01
2024,3,129,29,61863.57,2024-03-01
2024,3,130,22,118881.81,2024-03-01
2024,3,131,10,88846.09,2024-03-01
2024,3,132,19,93418.14,2024-03-01
2024,3,133,8,71578.37,2024-03-01
2024,3,134,1,82279.25,2024-03-01
2024,3,135,26,62106.72,2024-03-01
2024,3,136,6,97301.51,2024-03-01
2024,3,137,10,54714.43,2024-03-01
2024,3,138,26,69014.76,2024-03-01
2024,3,139,9,115831.06,2024-03-01
2024,3,140,21,95413.48,2024-03-01
2024,3,141,3,48884.87,2024-03-01
2024,3,142,19,74099.39,2024-03-01
2024,3,143,2,94311.31,2024-03-01
2024,3,144,5,102302.44,2024-03-01
2024,3,145,29,68742.59,2024-03-01
2024,3,146,11,100869.92,2024-03-01
2024,3,147,12,94987.81,2024-03-01
2024,3,148,4,50506.59,2024-03-01
2024,3,149,19,121246.60,2024-03-01
2024,3,150,21,125410.03,2024-03-01
2024,3,151,29,69893.47,2024-03-01
2024,3,152,2,82778.67,2024-03-01
2024,3,153,18,71262.38,2024-03-01
2024,3,154,4,68450.66,2024-03-01
2024,3,155,1,84490.04,2024-03-01
2024,3,156,14,52172.64,2024-03-01
2024,3,157,10,104189.28,2024-03-01
2024,3,158,25,56280.38,2024-03-01
2024,3,159,13,100262.06,2024-03-01
2024,3,160,17,69778.68,2024-03-01
2024,3,161,7,44264.41,2024-03-01
2024,3,162,17,91242.48,2024-03-01
2024,3,163,17,81397.84,2024-03-01
2024,3,164,16,87445.53,2024-03-01
2024,3,165,1,60848.31,2024-03-01
2024,3,166,10,71916.39,2024-03-01
2024,3,167,26,61358.44,2024-03-01
2024,3,168,30,68657.16,2024-03-01
2024,3,169,15,99180.56,2024-03-01
2024,3,170,2,81128.18,2024-03-01
2024,3,171,17,62636.41,2024-03-01
2024,3,172,19,55652.47,2024-03-01
2024,3,173,13,62845.31,2024-03-01
2024,3,174,11,56101.65,2024-03-01
2024,3,175,20,89075.86,2024-03-01
2024,3,176,24,69524.09,2024-03-01
2024,3,177,16,120987.37,2024-03-01
2024,3,178,4,92948.36,2024-03-01
2024,3,179,26,83988.76,2024-03-01
2024,3,180,12,54314.49,2024-03-01
2024,3,181,6,50248.06,2024-03-01
2024,3,182,14,106156.37,2024-03-01
2024,3,183,22,87964.79,2024-03-01
2024,3,184,15,64422.41,2024-03-01
2024,3,185,6,100251.36,2024-03-01
2024,3,186,11,120113.41,2024-03-01
2024,3,187,2,72000.87,2024-03-01
2024,3,188,12,60854.78,2024-03-01
2024,3,189,21,140517.69,2024-03-01
2024,3,190,20,46345.41,2024-03-01
2024,3,191,18,91080.93,2024-03-01
2024,3,192,28,64790.53,2024-03-01
2024,3,193,5,69259.53,2024-03-01
2024,3,194,5,73790.63,2024-03-01
2024,3,195,14,53169.08,2024-03-01
2024,3,196,6,79502.99,2024-03-01
2024,3,197,11,103438.57,2024-03-01
2024,3,198,3,59264.44,2024-03-01
2024,3,199,19,92457.34,2024-03-01
2024,3,200,24,78898.25,2024-03-01
2024,4,1,9,65292.67,2024-04-01
2024,4,2,9,75876.60,2024-04-01
2024,4,3,12,120604.12,2024-04-01
2024,4,4,11,123240.67,2024-04-01
2024,4,5,27,68699.88,2024-04-01
2024,4,6,20,99312.45,2024-04-01
2024,4,7,7,88844.78,2024-04-01
2024,4,8,29,90284.02,2024-04-01
2024,4,9,3,85953.36,2024-04-01
2024,4,10,8,90778.67,2024-04-01
2024,4,11,23,63873.79,2024-04-01
2024,4,12,15,75221.12,2024-04-01
2024,4,13,11,109576.92,2024-04-01
2024,4,14,14,82761.15,2024-04-01
2024,4,15,4,108258.94,2024-04-01
2024,4,16,1,63082.39,2024-04-01
2024,4,17,4,71886.83,2024-04-01
2024,4,18,24,98372.05,2024-04-01
2024,4,19,7,96980.17,2024-04-01
2024,4,20,22,96734.59,2024-04-01
2024,4,21,9,69894.31,2024-04-01
2024,4,22,23,90662.61,2024-04-01
2024,4,23,27,64583.76,2024-04-01
2024,4,24,23,64306.44,2024-04-01
2024,4,25,10,46532.21,2024-04-01
2024,4,26,28,106646.84,2024-04-01
2024,4,27,27,64485.44,2024-04-01
2024,4,28,12,59036.69,2024-04-01
2024,4,29,6,80495.31,2024-04-01
2024,4,30,5,75753.95,2024-04-01
2024,4,31,7,99544.85,2024-04-01
2024,4,32,12,65614.27,2024-04-01
2024,4,33,14,80524.37,2024-04-01
2024,4,34,1,84431.51,2024-04-01
2024,4,35,15,74963.21,2024-04-01
2024,4,36,5,115671.55,2024-04-01
2024,4,37,27,59412.97,2024-04-01
2024,4,38,18,106260.37,2024-04-01
2024,4,39,19,96926.63,2024-04-01
2024,4,40,23,70756.48,2024-04-01
2024,4,41,25,56439.92,2024-04-01
2024,4,42,28,72680.78,2024-04-01
2024,4,43,13,76182.64,2024-04-01
2024,4,44,22,85953.79,2024-04-01
2024,4,45,30,116839.77,2024-04-01
2024,4,46,12,117813.71,2024-04-01
2024,4,47,30,52514.09,2024-04-01
2024,4,48,12,96018.19,2024-04-01
2024,4,49,3,72964.93,2024-04-01
2024,4,50,11,79304.76,2024-04-01
2024,4,51,25,76973.23,2024-04-01
2024,4,52,16,78702.33,2024-04-01
2024,4,53,13,65982.65,2024-04-01
2024,4,54,15,48447.27,2024-04-01
2024,4,55,6,66828.69,2024-04-01
2024,4,56,29,135478.94,2024-04-01
2024,4,57,13,83694.89,2024-04-01
2024,4,58,25,100411.44,2024-04-01
2024,4,59,17,88377.29,2024-04-01
2024,4,60,8,80996.68,2024-04-01
2024,4,61,28,121543.87,2024-04-01
2024,4,62,21,76598.93,2024-04-01
2024,4,63,16,134537.61,2024-04-01
2024,4,64,29,74800.39,2024-04-01
2024,4,65,19,111905.32,2024-04-01
2024,4,66,23,67458.78,2024-04-01
2024,4,67,13,80618.87,2024-04-01
2024,4,68,12,72810.77,2024-04-01
2024,4,69,6,61095.15,2024-04-01
2024,4,70,3,66382.89,2024-04-01
2024,4,71,4,119335.47,2024-04-01
2024,4,72,27,73624.64,2024-04-01
2024,4,73,1,93632.48,2024-04-01
2024,4,74,2,74498.96,2024-04-01
2024,4,75,30,99527.69,2024-04-01
2024,4,76,3,111676.71,2024-04-01
2024,4,77,2,65398.97,2024-04-01
2024,4,78,29,96395.88,2024-04-01
2024,4,79,19,72279.48,2024-04-01
2024,4,80,13,64452.40,2024-04-01
2024,4,81,23,75652.25,2024-04-01
2024,4,82,11,78318.35,2024-04-01
2024,4,83,13,68560.61,2024-04-01
2024,4,84,1,54064.75,2024-04-01
2024,4,85,28,56624.88,2024-04-01
2024,4,86,26,81093.56,2024-04-01
2024,4,87,25,103865.44,2024-04-01
2024,4,88,17,85550.92,2024-04-01
2024,4,89,24,44197.75,2024-04-01
2024,4,90,13,73896.25,2024-04-01
2024,4,91,12,76006.13,2024-04-01
2024,4,92,12,69064.63,2024-04-01
2024,4,93,30,100074.74,2024-04-01
2024,4,94,19,63370.97,2024-04-01
2024,4,95,14,87543.59,2024-04-01
2024,4,96,29,81959.48,2024-04-01
2024,4,97,24,65304.11,2024-04-01
2024,4,98,30,62059.97,2024-04-01
2024,4,99,30,55591.22,2024-04-01
2024,4,100,16,71946.16,2024-04-01
2024,4,101,26,118293.93,2024-04-01
2024,4,102,6,126047.64,2024-04-01
2024,4,103,20,133752.67,2024-04-01
2024,4,104,1,67256.61,2024-04-01
2024,4,105,18,117971.58,2024-04-01
2024,4,106,6,126598.22,2024-04-01
2024,4,107,18,64680.75,2024-04-01
2024,4,108,7,73805.59,2024-04-01
2024,4,109,12,106478.44,2024-04-01
2024,4,110,25,70249.78,2024-04-01
2024,4,111,8,74599.81,2024-04-01
2024,4,112,12,93213.06,2024-04-01
2024,4,113,30,43405.78,2024-04-01
2024,4,114,8,91779.03,2024-04-01
2024,4,115,10,83798.75,2024-04-01
2024,4,116,5,88556.55,2024-04-01
2024,4,117,23,92608.53,2024-04-01
2024,4,118,17,123580.38,2024-04-01
2024,4,119,26,66757.62,2024-04-01
2024,4,120,4,46396.29,2024-04-01
2024,4,121,3,69277.24,2024-04-01
2024,4,122,12,67291.18,2024-04-01
2024,4,123,29,87478.78,2024-04-01
2024,4,124,10,101382.53,2024-04-01
2024,4,125,12,85259.07,2024-04-01
2024,4,126,12,97039.81,2024-04-01
2024,4,127,7,61474.39,2024-04-01
2024,4,128,10,116793.05,2024-04-01
2024,4,129,29,76348.29,2024-04-01
2024,4,130,22,111121.18,2024-04-01
2024,4,131,10,63412.53,2024-04-01
2024,4,132,19,59596.16,2024-04-01
2024,4,133,8,85727.86,2024-04-01
2024,4,134,1,63594.74,2024-04-01
2024,4,135,26,75076.04,2024-04-01
2024,4,136,6,83452.92,2024-04-01
2024,4,137,10,89349.51,2024-04-01
2024,4,138,26,93916.21,2024-04-01
2024,4,139,9,121331.19,2024-04-01
2024,4,140,21,76645.88,2024-04-01
2024,4,141,3,59829.96,2024-04-01
2024,4,142,19,101371.61,2024-04-01
2024,4,143,2,85719.22,2024-04-01
2024,4,144,5,107911.22,2024-04-01
2024,4,145,29,64601.24,2024-04-01
2024,4,146,11,101294.69,2024-04-01
2024,4,147,12,86359.87,2024-04-01
2024,4,148,4,50798.72,2024-04-01
2024,4,149,19,78160.27,2024-04-01
2024,4,150,21,93591.06,2024-04-01
2024,4,151,29,109035.36,2024-04-01
2024,4,152,2,79320.15,2024-04-01
2024,4,153,18,54201.01,2024-04-01
2024,4,154,4,80499.10,2024-04-01
2024,4,155,1,83657.68,2024-04-01
2024,4,156,14,65503.85,2024-04-01
2024,4,157,10,80099.54,2024-04-01
2024,4,158,25,72381.08,2024-04-01
2024,4,159,13,88653.18,2024-04-01
2024,4,160,17,75981.83,2024-04-01
2024,4,161,7,70485.53,2024-04-01
2024,4,162,17,71641.87,2024-04-01
2024,4,163,17,89620.05,2024-04-01
2024,4,164,16,98724.96,2024-04-01
2024,4,165,1,85866.15,2024-04-01
2024,4,166,10,70066.42,2024-04-01
2024,4,167,26,80059.75,2024-04-01
2024,4,168,30,87831.86,2024-04-01
2024,4,169,15,80021.89,2024-04-01
2024,4,170,2,65944.93,2024-04-01
2024,4,171,17,98487.14,2024-04-01
2024,4,172,19,97817.78,2024-04-01
2024,4,173,13,74146.74,2024-04-01
2024,4,174,11,72664.77,2024-04-01
2024,4,175,20,124879.96,2024-04-01
2024,4,176,24,58751.97,2024-04-01
2024,4,177,16,83711.06,2024-04-01
2024,4,178,4,111338.52,2024-04-01
2024,4,179,26,104099.53,2024-04-01
2024,4,180,12,58047.32,2024-04-01
2024,4,181,6,72372.48,2024-04-01
2024,4,182,14,88962.45,2024-04-01
2024,4,183,22,71471.61,2024-04-01
2024,4,184,15,60336.98,2024-04-01
2024,4,185,6,121469.42,2024-04-01
2024,4,186,11,111416.19,2024-04-01
2024,4,187,2,55068.24,2024-04-01
2024,4,188,12,47047.44,2024-04-01
2024,4,189,21,120012.34,2024-04-01
2024,4,190,20,48677.17,2024-04-01
2024,4,191,18,102304.04,2024-04-01
2024,4,192,28,99834.01,2024-04-01
2024,4,193,5,72720.09,2024-04-01
2024,4,194,5,97535.92,2024-04-01
2024,4,195,14,50192.53,2024-04-01
2024,4,196,6,111930.81,2024-04-01
2024,4,197,11,81271.12,2024-04-01
2024,4,198,3,51845.62,2024-04-01
2024,4,199,19,80606.99,2024-04-01
2024,4,200,24,87264.45,2024-04-01
2024,5,1,9,65302.26,2024-05-01
2024,5,2,9,57020.49,2024-05-01
2024,5,3,12,124503.06,2024-05-01
2024,5,4,11,88850.45,2024-05-01
2024,5,5,27,117866.80,2024-05-01
2024,5,6,20,135257.08,2024-05-01
2024,5,7,7,104446.10,2024-05-01
2024,5,8,29,103052.10,2024-05-01
2024,5,9,3,90623.04,2024-05-01
2024,5,10,8,79110.60,2024-05-01
2024,5,11,23,52458.68,2024-05-01
2024,5,12,15,118621.23,2024-05-01
2024,5,13,11,92270.74,2024-05-01
2024,5,14,14,90227.08,2024-05-01
2024,5,15,4,96903.33,2024-05-01
2024,5,16,1,69297.47,2024-05-01
2024,5,17,4,63542.53,2024-05-01
2024,5,18,24,93135.13,2024-05-01
2024,5,19,7,75810.69,2024-05-01
2024,5,20,22,95201.70,2024-05-01
2024,5,21,9,62034.66,2024-05-01
2024,5,22,23,93758.92,2024-05-01
2024,5,23,27,70231.92,2024-05-01
2024,5,24,23,91763.98,2024-05-01
2024,5,25,10,62582.42,2024-05-01
2024,5,26,28,101901.43,2024-05-01
2024,5,27,27,79390.32,2024-05-01
2024,5,28,12,61877.87,2024-05-01
2024,5,29,6,129026.23,2024-05-01
2024,5,30,5,87797.56,2024-05-01
2024,5,31,7,68338.66,2024-05-01
2024,5,32,12,54870.57,2024-05-01
2024,5,33,14,91847.17,2024-05-01
2024,5,34,1,139735.46,2024-05-01
2024,5,35,15,54733.89,2024-05-01
2024,5,36,5,102810.03,2024-05-01
2024,5,37,27,87901.26,2024-05-01
2024,5,38,18,132521.07,2024-05-01
2024,5,39,19,93383.36,2024-05-01
2024,5,40,23,56491.54,2024-05-01
2024,5,41,25,101957.70,2024-05-01
2024,5,42,28,65146.58,2024-05-01
2024,5,43,13,100994.60,2024-05-01
2024,5,44,22,115738.08,2024-05-01
2024,5,45,30,86657.84,2024-05-01
2024,5,46,12,101280.44,2024-05-01
2024,5,47,30,54530.68,2024-05-01
2024,5,48,12,73535.96,2024-05-01
2024,5,49,3,85721.98,2024-05-01
2024,5,50,11,65796.37,2024-05-01
2024,5,51,25,93464.31,2024-05-01
2024,5,52,16,63262.74,2024-05-01
2024,5,53,13,71487.22,2024-05-01
2024,5,54,15,79177.96,2024-05-01
2024,5,55,6,54484.39,2024-05-01
2024,5,56,29,136333.72,2024-05-01
2024,5,57,13,136571.33,2024-05-01
2024,5,58,25,84634.65,2024-05-01
2024,5,59,17,78086.07,2024-05-01
2024,5,60,8,57643.73,2024-05-01
2024,5,61,28,105506.54,2024-05-01
2024,5,62,21,64648.45,2024-05-01
2024,5,63,16,83310.47,2024-05-01
2024,5,64,29,92375.25,2024-05-01
2024,5,65,19,123214.63,2024-05-01
2024,5,66,23,77693.13,2024-05-01
2024,5,67,13,49847.67,2024-05-01
2024,5,68,12,81906.82,2024-05-01
2024,5,69,6,47695.92,2024-05-01
2024,5,70,3,76269.12,2024-05-01
2024,5,71,4,117623.85,2024-05-01
2024,5,72,27,48431.88,2024-05-01
2024,5,73,1,66856.78,2024-05-01
2024,5,74,2,72717.69,2024-05-01
2024,5,75,30,91194.08,2024-05-01
2024,5,76,3,113004.49,2024-05-01
2024,5,77,2,92097.27,2024-05-01
2024,5,78,29,65213.61,2024-05-01
2024,5,79,19,75410.69,2024-05-01
2024,5,80,13,72593.92,2024-05-01
2024,5,81,23,61841.73,2024-05-01
2024,5,82,11,84311.52,2024-05-01
2024,5,83,13,101953.56,2024-05-01
2024,5,84,1,66489.33,2024-05-01
2024,5,85,28,87152.20,2024-05-01
2024,5,86,26,93091.47,2024-05-01
2024,5,87,25,93186.01,2024-05-01
2024,5,88,17,94629.15,2024-05-01
2024,5,89,24,52170.58,2024-05-01
2024,5,90,13,74635.15,2024-05-01
2024,5,91,12,72937.65,2024-05-01
2024,5,92,12,101434.20,2024-05-01
2024,5,93,30,122093.63,2024-05-01
2024,5,94,19,86337.30,2024-05-01
2024,5,95,14,102603.59,2024-05-01
2024,5,96,29,96203.77,2024-05-01
2024,5,97,24,59894.41,2024-05-01
2024,5,98,30,88005.59,2024-05-01
2024,5,99,30,82701.35,2024-05-01
2024,5,100,16,66261.45,2024-05-01
2024,5,101,26,104457.92,2024-05-01
2024,5,102,6,100900.21,2024-05-01
2024,5,103,20,116503.40,2024-05-01
2024,5,104,1,62308.73,2024-05-01
2024,5,105,18,101832.87,2024-05-01
2024,5,106,6,86112.36,2024-05-01
2024,5,107,18,79770.56,2024-05-01
2024,5,108,7,90311.42,2024-05-01
2024,5,109,12,80849.13,2024-05-01
2024,5,110,25,61380.40,2024-05-01
2024,5,111,8,66259.23,2024-05-01
2024,5,112,12,67849.05,2024-05-01
2024,5,113,30,77659.88,2024-05-01
2024,5,114,8,84060.70,2024-05-01
2024,5,115,10,99092.78,2024-05-01
2024,5,116,5,95134.57,2024-05-01
2024,5,117,23,96242.47,2024-05-01
2024,5,118,17,101037.36,2024-05-01
2024,5,119,26,77054.35,2024-05-01
2024,5,120,4,66546.66,2024-05-01
2024,5,121,3,78445.36,2024-05-01
2024,5,122,12,71761.99,2024-05-01
2024,5,123,29,92085.55,2024-05-01
2024,5,124,10,107217.35,2024-05-01
2024,5,125,12,69902.30,2024-05-01
2024,5,126,12,87302.60,2024-05-01
2024,5,127,7,71241.01,2024-05-01
2024,5,128,10,121921.28,2024-05-01
2024,5,129,29,61915.77,2024-05-01
2024,5,130,22,130774.01,2024-05-01
2024,5,131,10,88477.26,2024-05-01
2024,5,132,19,68620.43,2024-05-01
2024,5,133,8,60334.06,2024-05-01
2024,5,134,1,67644.17,2024-05-01
2024,5,135,26,67216.65,2024-05-01
2024,5,136,6,105103.83,2024-05-01
2024,5,137,10,66660.26,2024-05-01
2024,5,138,26,68086.70,2024-05-01
2024,5,139,9,100639.93,2024-05-01
2024,5,140,21,115331.11,2024-05-01
2024,5,141,3,45299.50,2024-05-01
2024,5,142,19,80736.44,2024-05-01
2024,5,143,2,95515.90,2024-05-01
2024,5,144,5,79187.04,2024-05-01
2024,5,145,29,57028.62,2024-05-01
2024,5,146,11,80656.50,2024-05-01
2024,5,147,12,99643.00,2024-05-01
2024,5,148,4,68015.18,2024-05-01
2024,5,149,19,84856.58,2024-05-01
2024,5,150,21,89414.06,2024-05-01
2024,5,151,29,70917.07,2024-05-01
2024,5,152,2,86277.64,2024-05-01
2024,5,153,18,53041.79,2024-05-01
2024,5,154,4,80788.01,2024-05-01
2024,5,155,1,96826.65,2024-05-01
2024,5,156,14,71503.59,2024-05-01
2024,5,157,10,94795.01,2024-05-01
2024,5,158,25,73629.85,2024-05-01
2024,5,159,13,79872.24,2024-05-01
2024,5,160,17,75647.85,2024-05-01
2024,5,161,7,77718.03,2024-05-01
2024,5,162,17,100329.77,2024-05-01
2024,5,163,17,67654.17,2024-05-01
2024,5,164,16,86688.93,2024-05-01
2024,5,165,1,67614.06,2024-05-01
2024,5,166,10,95288.80,2024-05-01
2024,5,167,26,53307.29,2024-05-01
2024,5,168,30,56426.73,2024-05-01
2024,5,169,15,88820.74,2024-05-01
2024,5,170,2,76432.75,2024-05-01
2024,5,171,17,101100.95,2024-05-01
2024,5,172,19,98647.59,2024-05-01
2024,5,173,13,107851.82,2024-05-01
2024,5,174,11,54466.34,2024-05-01
2024,5,175,20,109083.19,2024-05-01
2024,5,176,24,74618.84,2024-05-01
2024,5,177,16,102858.34,2024-05-01
2024,5,178,4,105099.38,2024-05-01
2024,5,179,26,128828.77,2024-05-01
2024,5,180,12,82138.44,2024-05-01
2024,5,181,6,46455.74,2024-05-01
2024,5,182,14,79337.96,2024-05-01
2024,5,183,22,94626.75,2024-05-01
2024,5,184,15,65205.94,2024-05-01
2024,5,185,6,99841.01,2024-05-01
2024,5,186,11,110952.07,2024-05-01
2024,5,187,2,91132.02,2024-05-01
2024,5,188,12,67357.89,2024-05-01
2024,5,189,21,108148.27,2024-05-01
2024,5,190,20,65382.19,2024-05-01
2024,5,191,18,70582.28,2024-05-01
2024,5,192,28,61648.03,2024-05-01
2024,5,193,5,60368.74,2024-05-01
2024,5,194,5,92352.02,2024-05-01
2024,5,195,14,63238.72,2024-05-01
2024,5,196,6,98476.18,2024-05-01
2024,5,197,11,89383.94,2024-05-01
2024,5,198,3,49775.08,2024-05-01
2024,5,199,19,63143.33,2024-05-01
2024,5,200,24,60889.07,2024-05-01
2024,6,1,9,89062.70,2024-06-01
2024,6,2,9,72188.90,2024-06-01
2024,6,3,12,122760.12,2024-06-01
2024,6,4,11,96036.00,2024-06-01
2024,6,5,27,100225.52,2024-06-01
2024,6,6,20,128855.70,2024-06-01
2024,6,7,7,141694.68,2024-06-01
2024,6,8,29,101820.88,2024-06-01
2024,6,9,3,121850.22,2024-06-01
2024,6,10,8,71542.04,2024-06-01
2024,6,11,23,45803.00,2024-06-01
2024,6,12,15,74907.53,2024-06-01
2024,6,13,11,119305.93,2024-06-01
2024,6,14,14,95646.13,2024-06-01
2024,6,15,4,79148.91,2024-06-01
2024,6,16,1,71644.24,2024-06-01
2024,6,17,4,76090.07,2024-06-01
2024,6,18,24,75241.59,2024-06-01
2024,6,19,7,92394.06,2024-06-01
2024,6,20,22,92923.31,2024-06-01
2024,6,21,9,76610.98,2024-06-01
2024,6,22,23,79819.06,2024-06-01
2024,6,23,27,61814.31,2024-06-01
2024,6,24,23,78160.94,2024-06-01
2024,6,25,10,52497.65,2024-06-01
2024,6,26,28,105110.47,2024-06-01
2024,6,27,27,66428.55,2024-06-01
2024,6,28,12,47991.63,2024-06-01
2024,6,29,6,127931.94,2024-06-01
2024,6,30,5,93851.13,2024-06-01
2024,6,31,7,82067.95,2024-06-01
2024,6,32,12,59732.35,2024-06-01
2024,6,33,14,105866.31,2024-06-01
2024,6,34,1,122890.64,2024-06-01
2024,6,35,15,70877.29,2024-06-01
2024,6,36,5,96092.06,2024-06-01
2024,6,37,27,65320.30,2024-06-01
2024,6,38,18,124837.66,2024-06-01
2024,6,39,19,92961.99,2024-06-01
2024,6,40,23,75986.27,2024-06-01
2024,6,41,25,71325.10,2024-06-01
2024,6,42,28,74880.02,2024-06-01
2024,6,43,13,79077.54,2024-06-01
2024,6,44,22,77709.99,2024-06-01
2024,6,45,30,122663.91,2024-06-01
2024,6,46,12,128493.30,2024-06-01
2024,6,47,30,70017.35,2024-06-01
2024,6,48,12,70482.90,2024-06-01
2024,6,49,3,65869.25,2024-06-01
2024,6,50,11,93169.27,2024-06-01
2024,6,51,25,89812.68,2024-06-01
2024,6,52,16,90463.25,2024-06-01
2024,6,53,13,57845.42,2024-06-01
2024,6,54,15,67899.69,2024-06-01
2024,6,55,6,58385.60,2024-06-01
2024,6,56,29,140403.78,2024-06-01
2024,6,57,13,112310.87,2024-06-01
2024,6,58,25,109952.39,2024-06-01
2024,6,59,17,84099.59,2024-06-01
2024,6,60,8,77960.30,2024-06-01
2024,6,61,28,122824.48,2024-06-01
2024,6,62,21,79433.26,2024-06-01
2024,6,63,16,117402.95,2024-06-01
2024,6,64,29,73732.54,2024-06-01
2024,6,65,19,119417.06,2024-06-01
2024,6,66,23,85157.94,2024-06-01
2024,6,67,13,80717.42,2024-06-01
2024,6,68,12,106095.03,2024-06-01
2024,6,69,6,62839.24,2024-06-01
2024,6,70,3,92156.71,2024-06-01
2024,6,71,4,77835.25,2024-06-01
2024,6,72,27,53099.84,2024-06-01
2024,6,73,1,64339.37,2024-06-01
2024,6,74,2,94988.67,2024-06-01
2024,6,75,30,103071.88,2024-06-01
2024,6,76,3,119651.11,2024-06-01
2024,6,77,2,95803.48,2024-06-01
2024,6,78,29,71407.49,2024-06-01
2024,6,79,19,69239.65,2024-06-01
2024,6,80,13,91738.45,2024-06-01
2024,6,81,23,63440.32,2024-06-01
2024,6,82,11,74755.34,2024-06-01
2024,6,83,13,100561.58,2024-06-01
2024,6,84,1,58338.99,2024-06-01
2024,6,85,28,80505.55,2024-06-01
2024,6,86,26,80540.25,2024-06-01
2024,6,87,25,75542.03,2024-06-01
2024,6,88,17,132027.27,2024-06-01
2024,6,89,24,55505.30,2024-06-01
2024,6,90,13,56835.47,2024-06-01
2024,6,91,12,53925.64,2024-06-01
2024,6,92,12,76593.61,2024-06-01
2024,6,93,30,130355.17,2024-06-01
2024,6,94,19,74472.86,2024-06-01
2024,6,95,14,108369.21,2024-06-01
2024,6,96,29,96461.91,2024-06-01
2024,6,97,24,95925.42,2024-06-01
2024,6,98,30,79791.32,2024-06-01
2024,6,99,30,64646.29,2024-06-01
2024,6,100,16,98769.07,2024-06-01
2024,6,101,26,83872.71,2024-06-01
2024,6,102,6,103600.87,2024-06-01
2024,6,103,20,137117.26,2024-06-01
2024,6,104,1,75424.70,2024-06-01
2024,6,105,18,85675.88,2024-06-01
2024,6,106,6,124871.35,2024-06-01
2024,6,107,18,63486.81,2024-06-01
2024,6,108,7,67080.10,2024-06-01
2024,6,109,12,84947.12,2024-06-01
2024,6,110,25,76593.02,2024-06-01
2024,6,111,8,72636.96,2024-06-01
2024,6,112,12,66286.82,2024-06-01
2024,6,113,30,58747.65,2024-06-01
2024,6,114,8,97921.22,2024-06-01
2024,6,115,10,85079.01,2024-06-01
2024,6,116,5,84271.34,2024-06-01
2024,6,117,23,96597.26,2024-06-01
2024,6,118,17,98772.99,2024-06-01
2024,6,119,26,56813.63,2024-06-01
2024,6,120,4,68429.11,2024-06-01
2024,6,121,3,89813.92,2024-06-01
2024,6,122,12,51990.02,2024-06-01
2024,6,123,29,65437.35,2024-06-01
2024,6,124,10,63571.08,2024-06-01
2024,6,125,12,72339.87,2024-06-01
2024,6,126,12,69908.51,2024-06-01
2024,6,127,7,63359.44,2024-06-01
2024,6,128,10,117859.58,2024-06-01
2024,6,129,29,76632.05,2024-06-01
2024,6,130,22,123396.32,2024-06-01
2024,6,131,10,75240.01,2024-06-01
2024,6,132,19,72587.67,2024-06-01
2024,6,133,8,76461.90,2024-06-01
2024,6,134,1,79257.76,2024-06-01
2024,6,135,26,100270.78,2024-06-01
2024,6,136,6,115639.67,2024-06-01
2024,6,137,10,84551.58,2024-06-01
2024,6,138,26,72658.37,2024-06-01
2024,6,139,9,73928.83,2024-06-01
2024,6,140,21,110192.01,2024-06-01
2024,6,141,3,65700.78,2024-06-01
2024,6,142,19,84482.79,2024-06-01
2024,6,143,2,91848.57,2024-06-01
2024,6,144,5,96623.16,2024-06-01
2024,6,145,29,46408.00,2024-06-01
2024,6,146,11,77782.71,2024-06-01
2024,6,147,12,123629.60,2024-06-01
2024,6,148,4,60071.94,2024-06-01
2024,6,149,19,98591.73,2024-06-01
2024,6,150,21,96734.39,2024-06-01
2024,6,151,29,96969.00,2024-06-01
2024,6,152,2,116457.89,2024-06-01
2024,6,153,18,70497.51,2024-06-01
2024,6,154,4,78942.46,2024-06-01
2024,6,155,1,123850.95,2024-06-01
2024,6,156,14,71250.84,2024-06-01
2024,6,157,10,125582.91,2024-06-01
2024,6,158,25,77162.24,2024-06-01
2024,6,159,13,81806.66,2024-06-01
2024,6,160,17,78974.95,2024-06-01
2024,6,161,7,80016.08,2024-06-01
2024,6,162,17,86444.03,2024-06-01
2024,6,163,17,96678.34,2024-06-01
2024,6,164,16,114072.60,2024-06-01
2024,6,165,1,67558.87,2024-06-01
2024,6,166,10,91489.36,2024-06-01
2024,6,167,26,82474.08,2024-06-01
2024,6,168,30,95011.53,2024-06-01
2024,6,169,15,101378.18,2024-06-01
2024,6,170,2,91227.21,2024-06-01
2024,6,171,17,105908.98,2024-06-01
2024,6,172,19,66821.59,2024-06-01
2024,6,173,13,64825.86,2024-06-01
2024,6,174,11,68853.89,2024-06-01
2024,6,175,20,137105.84,2024-06-01
2024,6,176,24,81720.88,2024-06-01
2024,6,177,16,94735.82,2024-06-01
2024,6,178,4,102909.38,2024-06-01
2024,6,179,26,102760.24,2024-06-01
2024,6,180,12,61974.77,2024-06-01
2024,6,181,6,57663.02,2024-06-01
2024,6,182,14,99464.00,2024-06-01
2024,6,183,22,86924.19,2024-06-01
2024,6,184,15,67839.00,2024-06-01
2024,6,185,6,125392.72,2024-06-01
2024,6,186,11,109620.47,2024-06-01
2024,6,187,2,82811.24,2024-06-01
2024,6,188,12,66117.50,2024-06-01
2024,6,189,21,121019.46,2024-06-01
2024,6,190,20,71143.21,2024-06-01
2024,6,191,18,102541.88,2024-06-01
2024,6,192,28,87466.88,2024-06-01
2024,6,193,5,78829.41,2024-06-01
2024,6,194,5,82488.58,2024-06-01
2024,6,195,14,58249.15,2024-06-01
2024,6,196,6,103518.19,2024-06-01
2024,6,197,11,125901.05,2024-06-01
2024,6,198,3,72159.09,2024-06-01
2024,6,199,19,71760.14,2024-06-01
2024,6,200,24,89606.87,2024-06-01
2024,7,1,9,64466.38,2024-07-01
2024,7,2,9,64947.42,2024-07-01
2024,7,3,12,111557.27,2024-07-01
2024,7,4,11,80109.83,2024-07-01
2024,7,5,27,69846.64,2024-07-01
2024,7,6,20,130780.43,2024-07-01
2024,7,7,7,99926.27,2024-07-01
2024,7,8,29,106122.86,2024-07-01
2024,7,9,3,103732.33,2024-07-01
2024,7,10,8,65434.07,2024-07-01
2024,7,11,23,77957.31,2024-07-01
2024,7,12,15,109607.05,2024-07-01
2024,7,13,11,86864.56,2024-07-01
2024,7,14,14,66031.76,2024-07-01
2024,7,15,4,96585.57,2024-07-01
2024,7,16,1,63434.74,2024-07-01
2024,7,17,4,82213.84,2024-07-01
2024,7,18,24,96522.21,2024-07-01
2024,7,19,7,117680.10,2024-07-01
2024,7,20,22,118553.74,2024-07-01
2024,7,21,9,72089.14,2024-07-01
2024,7,22,23,82186.82,2024-07-01
2024,7,23,27,58385.92,2024-07-01
2024,7,24,23,76248.09,2024-07-01
2024,7,25,10,50398.29,2024-07-01
2024,7,26,28,77680.27,2024-07-01
2024,7,27,27,61933.00,2024-07-01
2024,7,28,12,59692.48,2024-07-01
2024,7,29,6,91966.99,2024-07-01
2024,7,30,5,68449.94,2024-07-01
2024,7,31,7,63194.76,2024-07-01
2024,7,32,12,64599.44,2024-07-01
2024,7,33,14,63138.71,2024-07-01
2024,7,34,1,128824.03,2024-07-01
2024,7,35,15,58746.31,2024-07-01
2024,7,36,5,137517.08,2024-07-01
2024,7,37,27,71081.67,2024-07-01
2024,7,38,18,91366.66,2024-07-01
2024,7,39,19,80006.71,2024-07-01
2024,7,40,23,65605.34,2024-07-01
2024,7,41,25,67043.21,2024-07-01
2024,7,42,28,71636.49,2024-07-01
2024,7,43,13,103381.19,2024-07-01
2024,7,44,22,114077.73,2024-07-01
2024,7,45,30,105546.89,2024-07-01
2024,7,46,12,129439.22,2024-07-01
2024,7,47,30,72073.20,2024-07-01
2024,7,48,12,79298.43,2024-07-01
2024,7,49,3,75336.64,2024-07-01
2024,7,50,11,67091.38,2024-07-01
2024,7,51,25,87517.48,2024-07-01
2024,7,52,16,65171.19,2024-07-01
2024,7,53,13,68995.61,2024-07-01
2024,7,54,15,77060.69,2024-07-01
2024,7,55,6,79727.68,2024-07-01
2024,7,56,29,110564.97,2024-07-01
2024,7,57,13,92216.44,2024-07-01
2024,7,58,25,107841.23,2024-07-01
2024,7,59,17,71519.80,2024-07-01
2024,7,60,8,80965.83,2024-07-01
2024,7,61,28,85295.93,2024-07-01
2024,7,62,21,59524.51,2024-07-01
2024,7,63,16,76098.13,2024-07-01
2024,7,64,29,78726.09,2024-07-01
2024,7,65,19,111446.09,2024-07-01
2024,7,66,23,83716.91,2024-07-01
2024,7,67,13,74015.75,2024-07-01
2024,7,68,12,86250.76,2024-07-01
2024,7,69,6,54326.18,2024-07-01
2024,7,70,3,68484.47,2024-07-01
2024,7,71,4,72769.48,2024-07-01
2024,7,72,27,56858.49,2024-07-01
2024,7,73,1,79302.70,2024-07-01
2024,7,74,2,78733.44,2024-07-01
2024,7,75,30,81643.38,2024-07-01
2024,7,76,3,132349.27,2024-07-01
2024,7,77,2,78260.00,2024-07-01
2024,7,78,29,83035.75,2024-07-01
2024,7,79,19,53818.15,2024-07-01
2024,7,80,13,98205.00,2024-07-01
2024,7,81,23,61308.64,2024-07-01
2024,7,82,11,91577.15,2024-07-01
2024,7,83,13,68284.18,2024-07-01
2024,7,84,1,62030.57,2024-07-01
2024,7,85,28,58894.31,2024-07-01
2024,7,86,26,64388.38,2024-07-01
2024,7,87,25,112744.33,2024-07-01
2024,7,88,17,111607.82,2024-07-01
2024,7,89,24,51230.71,2024-07-01
2024,7,90,13,55281.15,2024-07-01
2024,7,91,12,70997.26,2024-07-01
2024,7,92,12,70089.97,2024-07-01
2024,7,93,30,107066.48,2024-07-01
2024,7,94,19,98352.83,2024-07-01
2024,7,95,14,126384.10,2024-07-01
2024,7,96,29,114840.95,2024-07-01
2024,7,97,24,86078.08,2024-07-01
2024,7,98,30,66471.71,2024-07-01
2024,7,99,30,88900.78,2024-07-01
2024,7,100,16,96686.04,2024-07-01
2024,7,101,26,88714.55,2024-07-01
2024,7,102,6,105711.96,2024-07-01
2024,7,103,20,75474.98,2024-07-01
2024,7,104,1,69712.24,2024-07-01
2024,7,105,18,78101.03,2024-07-01
2024,7,106,6,110375.55,2024-07-01
2024,7,107,18,57624.02,2024-07-01
2024,7,108,7,92622.48,2024-07-01
2024,7,109,12,72849.65,2024-07-01
2024,7,110,25,83942.00,2024-07-01
2024,7,111,8,67934.97,2024-07-01
2024,7,112,12,77146.34,2024-07-01
2024,7,113,30,58816.29,2024-07-01
2024,7,114,8,56057.47,2024-07-01
2024,7,115,10,83260.44,2024-07-01
2024,7,116,5,96604.15,2024-07-01
2024,7,117,23,106185.60,2024-07-01
2024,7,118,17,102675.16,2024-07-01
2024,7,119,26,88116.13,2024-07-01
2024,7,120,4,77214.91,2024-07-01
2024,7,121,3,89490.91,2024-07-01
2024,7,122,12,69881.94,2024-07-01
2024,7,123,29,89969.89,2024-07-01
2024,7,124,10,92253.77,2024-07-01
2024,7,125,12,77767.13,2024-07-01
2024,7,126,12,86281.23,2024-07-01
2024,7,127,7,80148.97,2024-07-01
2024,7,128,10,97129.31,2024-07-01
2024,7,129,29,55690.94,2024-07-01
2024,7,130,22,87714.71,2024-07-01
2024,7,131,10,86362.11,2024-07-01
2024,7,132,19,77142.05,2024-07-01
2024,7,133,8,56728.73,2024-07-01
2024,7,134,1,67770.54,2024-07-01
2024,7,135,26,69331.70,2024-07-01
2024,7,136,6,77793.49,2024-07-01
2024,7,137,10,98000.74,2024-07-01
2024,7,138,26,65366.27,2024-07-01
2024,7,139,9,120298.15,2024-07-01
2024,7,140,21,90318.90,2024-07-01
2024,7,141,3,56521.20,2024-07-01
2024,7,142,19,65039.43,2024-07-01
2024,7,143,2,72922.29,2024-07-01
2024,7,144,5,69130.11,2024-07-01
2024,7,145,29,62278.85,2024-07-01
2024,7,146,11,83926.66,2024-07-01
2024,7,147,12,114934.37,2024-07-01
2024,7,148,4,51911.19,2024-07-01
2024,7,149,19,104844.18,2024-07-01
2024,7,150,21,126173.63,2024-07-01
2024,7,151,29,73574.47,2024-07-01
2024,7,152,2,70288.19,2024-07-01
2024,7,153,18,47143.51,2024-07-01
2024,7,154,4,77781.28,2024-07-01
2024,7,155,1,121664.89,2024-07-01
2024,7,156,14,60183.61,2024-07-01
2024,7,157,10,99857.86,2024-07-01
2024,7,158,25,54588.94,2024-07-01
2024,7,159,13,81119.10,2024-07-01
2024,7,160,17,60663.67,2024-07-01
2024,7,161,7,67261.15,2024-07-01
2024,7,162,17,100191.08,2024-07-01
2024,7,163,17,82218.96,2024-07-01
2024,7,164,16,73105.31,2024-07-01
2024,7,165,1,59608.88,2024-07-01
2024,7,166,10,58011.96,2024-07-01
2024,7,167,26,67740.00,2024-07-01
2024,7,168,30,61111.13,2024-07-01
2024,7,169,15,111554.49,2024-07-01
2024,7,170,2,55182.61,2024-07-01
2024,7,171,17,69721.08,2024-07-01
2024,7,172,19,61807.87,2024-07-01
2024,7,173,13,84525.30,2024-07-01
2024,7,174,11,44403.94,2024-07-01
2024,7,175,20,82472.08,2024-07-01
2024,7,176,24,65082.54,2024-07-01
2024,7,177,16,116646.80,2024-07-01
2024,7,178,4,98555.71,2024-07-01
2024,7,179,26,85184.37,2024-07-01
2024,7,180,12,100521.99,2024-07-01
2024,7,181,6,48259.92,2024-07-01
2024,7,182,14,110479.94,2024-07-01
2024,7,183,22,73345.32,2024-07-01
2024,7,184,15,49385.42,2024-07-01
2024,7,185,6,102659.80,2024-07-01
2024,7,186,11,104655.22,2024-07-01
2024,7,187,2,59901.23,2024-07-01
2024,7,188,12,53328.78,2024-07-01
2024,7,189,21,82274.36,2024-07-01
2024,7,190,20,63300.34,2024-07-01
2024,7,191,18,81736.74,2024-07-01
2024,7,192,28,73513.05,2024-07-01
2024,7,193,5,49368.83,2024-07-01
2024,7,194,5,89426.43,2024-07-01
2024,7,195,14,75350.30,2024-07-01
2024,7,196,6,126870.05,2024-07-01
2024,7,197,11,83456.05,2024-07-01
2024,7,198,3,76360.46,2024-07-01
2024,7,199,19,65629.71,2024-07-01
2024,7,200,24,84434.39,2024-07-01
2024,8,1,9,57669.14,2024-08-01
2024,8,2,9,78913.53,2024-08-01
2024,8,3,12,125291.88,2024-08-01
2024,8,4,11,137038.05,2024-08-01
2024,8,5,27,98474.25,2024-08-01
2024,8,6,20,87834.74,2024-08-01
2024,8,7,7,103597.67,2024-08-01
2024,8,8,29,91838.91,2024-08-01
2024,8,9,3,91623.23,2024-08-01
2024,8,10,8,89472.90,2024-08-01
2024,8,11,23,72372.91,2024-08-01
2024,8,12,15,91990.63,2024-08-01
2024,8,13,11,98130.68,2024-08-01
2024,8,14,14,80938.34,2024-08-01
2024,8,15,4,92638.61,2024-08-01
2024,8,16,1,53698.65,2024-08-01
2024,8,17,4,65413.36,2024-08-01
2024,8,18,24,111317.01,2024-08-01
2024,8,19,7,81726.08,2024-08-01
2024,8,20,22,124222.38,2024-08-01
2024,8,21,9,93414.38,2024-08-01
2024,8,22,23,89646.43,2024-08-01
2024,8,23,27,48228.89,2024-08-01
2024,8,24,23,88790.41,2024-08-01
2024,8,25,10,56326.07,2024-08-01
2024,8,26,28,88814.87,2024-08-01
2024,8,27,27,72794.07,2024-08-01
2024,8,28,12,78838.45,2024-08-01
2024,8,29,6,124295.40,2024-08-01
2024,8,30,5,83165.71,2024-08-01
2024,8,31,7,76790.51,2024-08-01
2024,8,32,12,77468.64,2024-08-01
2024,8,33,14,84432.53,2024-08-01
2024,8,34,1,105187.54,2024-08-01
2024,8,35,15,54521.79,2024-08-01
2024,8,36,5,97670.99,2024-08-01
2024,8,37,27,67370.16,2024-08-01
2024,8,38,18,127534.38,2024-08-01
2024,8,39,19,62543.03,2024-08-01
2024,8,40,23,71391.62,2024-08-01
2024,8,41,25,103875.56,2024-08-01
2024,8,42,28,53270.32,2024-08-01
2024,8,43,13,73749.72,2024-08-01
2024,8,44,22,99194.65,2024-08-01
2024,8,45,30,101401.21,2024-08-01
2024,8,46,12,118602.62,2024-08-01
2024,8,47,30,80470.31,2024-08-01
2024,8,48,12,79592.80,2024-08-01
2024,8,49,3,70079.23,2024-08-01
2024,8,50,11,88264.74,2024-08-01
2024,8,51,25,68270.77,2024-08-01
2024,8,52,16,73545.15,2024-08-01
2024,8,53,13,67233.32,2024-08-01
2024,8,54,15,62337.26,2024-08-01
2024,8,55,6,46718.07,2024-08-01
2024,8,56,29,120355.20,2024-08-01
2024,8,57,13,88465.90,2024-08-01
2024,8,58,25,85317.68,2024-08-01
2024,8,59,17,96033.77,2024-08-01
2024,8,60,8,68254.24,2024-08-01
2024,8,61,28,120124.75,2024-08-01
2024,8,62,21,92089.41,2024-08-01
2024,8,63,16,133902.52,2024-08-01
2024,8,64,29,64562.27,2024-08-01
2024,8,65,19,131739.22,2024-08-01
2024,8,66,23,91213.80,2024-08-01
2024,8,67,13,49560.92,2024-08-01
2024,8,68,12,93303.05,2024-08-01
2024,8,69,6,60685.81,2024-08-01
2024,8,70,3,104106.50,2024-08-01
2024,8,71,4,80293.66,2024-08-01
2024,8,72,27,60701.71,2024-08-01
2024,8,73,1,63990.68,2024-08-01
2024,8,74,2,92840.59,2024-08-01
2024,8,75,30,80421.82,2024-08-01
2024,8,76,3,103433.46,2024-08-01
2024,8,77,2,67727.44,2024-08-01
2024,8,78,29,62737.83,2024-08-01
2024,8,79,19,99863.83,2024-08-01
2024,8,80,13,78565.16,2024-08-01
2024,8,81,23,78382.07,2024-08-01
2024,8,82,11,82204.14,2024-08-01
2024,8,83,13,62048.18,2024-08-01
2024,8,84,1,49152.78,2024-08-01
2024,8,85,28,82484.68,2024-08-01
2024,8,86,26,66073.95,2024-08-01
2024,8,87,25,117906.24,2024-08-01
2024,8,88,17,77030.64,2024-08-01
2024,8,89,24,64581.23,2024-08-01
2024,8,90,13,89709.63,2024-08-01
2024,8,91,12,56580.62,2024-08-01
2024,8,92,12,93300.71,2024-08-01
2024,8,93,30,93628.46,2024-08-01
2024,8,94,19,90546.86,2024-08-01
2024,8,95,14,126403.32,2024-08-01
2024,8,96,29,100482.14,2024-08-01
2024,8,97,24,94078.25,2024-08-01
2024,8,98,30,87887.02,2024-08-01
2024,8,99,30,66720.11,2024-08-01
2024,8,100,16,80163.11,2024-08-01
2024,8,101,26,109996.21,2024-08-01
2024,8,102,6,107639.05,2024-08-01
2024,8,103,20,109728.39,2024-08-01
2024,8,104,1,48395.12,2024-08-01
2024,8,105,18,83635.74,2024-08-01
2024,8,106,6,104684.20,2024-08-01
2024,8,107,18,63671.68,2024-08-01
2024,8,108,7,92799.09,2024-08-01
2024,8,109,12,103480.30,2024-08-01
2024,8,110,25,94241.01,2024-08-01
2024,8,111,8,76008.63,2024-08-01
2024,8,112,12,64211.76,2024-08-01
2024,8,113,30,51541.02,2024-08-01
2024,8,114,8,64918.16,2024-08-01
2024,8,115,10,75702.98,2024-08-01
2024,8,116,5,85882.46,2024-08-01
2024,8,117,23,99822.99,2024-08-01
2024,8,118,17,118083.62,2024-08-01
2024,8,119,26,75500.81,2024-08-01
2024,8,120,4,70169.29,2024-08-01
2024,8,121,3,74201.48,2024-08-01
2024,8,122,12,72097.00,2024-08-01
2024,8,123,29,64414.12,2024-08-01
2024,8,124,10,74098.76,2024-08-01
2024,8,125,12,91432.84,2024-08-01
2024,8,126,12,91625.21,2024-08-01
2024,8,127,7,53004.62,2024-08-01
2024,8,128,10,143975.31,2024-08-01
2024,8,129,29,60050.66,2024-08-01
2024,8,130,22,125644.18,2024-08-01
2024,8,131,10,89826.72,2024-08-01
2024,8,132,19,70435.52,2024-08-01
2024,8,133,8,84934.22,2024-08-01
2024,8,134,1,74205.24,2024-08-01
2024,8,135,26,68169.28,2024-08-01
2024,8,136,6,104173.71,2024-08-01
2024,8,137,10,81519.31,2024-08-01
2024,8,138,26,83726.81,2024-08-01
2024,8,139,9,106045.82,2024-08-01
2024,8,140,21,105588.23,2024-08-01
2024,8,141,3,59123.97,2024-08-01
2024,8,142,19,68287.02,2024-08-01
2024,8,143,2,72198.90,2024-08-01
2024,8,144,5,79792.02,2024-08-01
2024,8,145,29,67701.09,2024-08-01
2024,8,146,11,117029.53,2024-08-01
2024,8,147,12,99225.89,2024-08-01
2024,8,148,4,72910.81,2024-08-01
2024,8,149,19,85052.73,2024-08-01
2024,8,150,21,117640.50,2024-08-01
2024,8,151,29,94423.48,2024-08-01
2024,8,152,2,107478.40,2024-08-01
2024,8,153,18,66566.13,2024-08-01
2024,8,154,4,110385.14,2024-08-01
2024,8,155,1,139310.92,2024-08-01
2024,8,156,14,67141.90,2024-08-01
2024,8,157,10,82793.11,2024-08-01
2024,8,158,25,73387.08,2024-08-01
2024,8,159,13,82541.29,2024-08-01
2024,8,160,17,51956.10,2024-08-01
2024,8,161,7,61382.41,2024-08-01
2024,8,162,17,100536.68,2024-08-01
2024,8,163,17,84329.14,2024-08-01
2024,8,164,16,92635.11,2024-08-01
2024,8,165,1,62127.10,2024-08-01
2024,8,166,10,60114.62,2024-08-01
2024,8,167,26,70644.97,2024-08-01
2024,8,168,30,57134.70,2024-08-01
2024,8,169,15,116117.81,2024-08-01
2024,8,170,2,98143.54,2024-08-01
2024,8,171,17,73370.36,2024-08-01
2024,8,172,19,58547.09,2024-08-01
2024,8,173,13,77128.35,2024-08-01
2024,8,174,11,73994.09,2024-08-01
2024,8,175,20,105223.43,2024-08-01
2024,8,176,24,61278.12,2024-08-01
2024,8,177,16,94624.30,2024-08-01
2024,8,178,4,111632.89,2024-08-01
2024,8,179,26,92747.58,2024-08-01
2024,8,180,12,79438.27,2024-08-01
2024,8,181,6,51798.39,2024-08-01
2024,8,182,14,135488.92,2024-08-01
2024,8,183,22,85172.73,2024-08-01
2024,8,184,15,69422.49,2024-08-01
2024,8,185,6,112208.25,2024-08-01
2024,8,186,11,100408.26,2024-08-01
2024,8,187,2,65242.14,2024-08-01
2024,8,188,12,51852.45,2024-08-01
2024,8,189,21,135888.14,2024-08-01
2024,8,190,20,65872.34,2024-08-01
2024,8,191,18,100251.31,2024-08-01
2024,8,192,28,82998.79,2024-08-01
2024,8,193,5,64915.48,2024-08-01
2024,8,194,5,77749.79,2024-08-01
2024,8,195,14,64756.66,2024-08-01
2024,8,196,6,108433.30,2024-08-01
2024,8,197,11,70276.95,2024-08-01
2024,8,198,3,75188.68,2024-08-01
2024,8,199,19,81431.91,2024-08-01
2024,8,200,24,54788.54,2024-08-01
2024,9,1,9,92171.32,2024-09-01
2024,9,2,9,73563.92,2024-09-01
2024,9,3,12,100656.53,2024-09-01
2024,9,4,11,110972.28,2024-09-01
2024,9,5,27,100077.25,2024-09-01
2024,9,6,20,130220.71,2024-09-01
2024,9,7,7,143661.04,2024-09-01
2024,9,8,29,79134.51,2024-09-01
2024,9,9,3,121006.68,2024-09-01
2024,9,10,8,61571.98,2024-09-01
2024,9,11,23,50959.64,2024-09-01
2024,9,12,15,103982.98,2024-09-01
2024,9,13,11,107167.37,2024-09-01
2024,9,14,14,80763.34,2024-09-01
2024,9,15,4,133467.37,2024-09-01
2024,9,16,1,51776.53,2024-09-01
2024,9,17,4,108192.81,2024-09-01
2024,9,18,24,124214.95,2024-09-01
2024,9,19,7,101546.68,2024-09-01
2024,9,20,22,86468.73,2024-09-01
2024,9,21,9,63173.23,2024-09-01
2024,9,22,23,62499.15,2024-09-01
2024,9,23,27,73679.31,2024-09-01
2024,9,24,23,99494.59,2024-09-01
2024,9,25,10,72567.45,2024-09-01
2024,9,26,28,96952.75,2024-09-01
2024,9,27,27,65312.13,2024-09-01
2024,9,28,12,68734.93,2024-09-01
2024,9,29,6,119860.83,2024-09-01
2024,9,30,5,126622.24,2024-09-01
2024,9,31,7,78377.82,2024-09-01
2024,9,32,12,53466.92,2024-09-01
2024,9,33,14,73560.73,2024-09-01
2024,9,34,1,101880.09,2024-09-01
2024,9,35,15,48794.24,2024-09-01
2024,9,36,5,114270.12,2024-09-01
2024,9,37,27,68955.40,2024-09-01
2024,9,38,18,99070.81,2024-09-01
2024,9,39,19,71340.54,2024-09-01
2024,9,40,23,100687.19,2024-09-01
2024,9,41,25,75091.80,2024-09-01
2024,9,42,28,71627.05,2024-09-01
2024,9,43,13,84147.61,2024-09-01
2024,9,44,22,125565.89,2024-09-01
2024,9,45,30,84455.48,2024-09-01
2024,9,46,12,133453.15,2024-09-01
2024,9,47,30,56169.09,2024-09-01
2024,9,48,12,63092.25,2024-09-01
2024,9,49,3,81903.65,2024-09-01
2024,9,50,11,81729.94,2024-09-01
2024,9,51,25,96366.80,2024-09-01
2024,9,52,16,76991.55,2024-09-01
2024,9,53,13,77061.54,2024-09-01
2024,9,54,15,71328.17,2024-09-01
2024,9,55,6,67958.69,2024-09-01
2024,9,56,29,127151.00,2024-09-01
2024,9,57,13,128992.14,2024-09-01
2024,9,58,25,111957.74,2024-09-01
2024,9,59,17,73727.44,2024-09-01
2024,9,60,8,88205.12,2024-09-01
2024,9,61,28,99508.68,2024-09-01
2024,9,62,21,77634.22,2024-09-01
2024,9,63,16,124319.70,2024-09-01
2024,9,64,29,74758.31,2024-09-01
2024,9,65,19,140970.38,2024-09-01
2024,9,66,23,66167.14,2024-09-01
2024,9,67,13,63831.10,2024-09-01
2024,9,68,12,121456.41,2024-09-01
2024,9,69,6,60843.93,2024-09-01
2024,9,70,3,112744.32,2024-09-01
2024,9,71,4,93547.67,2024-09-01
2024,9,72,27,62431.24,2024-09-01
2024,9,73,1,78657.45,2024-09-01
2024,9,74,2,80863.75,2024-09-01
2024,9,75,30,74507.49,2024-09-01
2024,9,76,3,145915.05,2024-09-01
2024,9,77,2,68648.77,2024-09-01
2024,9,78,29,96672.18,2024-09-01
2024,9,79,19,85019.19,2024-09-01
2024,9,80,13,100592.30,2024-09-01
2024,9,81,23,62862.61,2024-09-01
2024,9,82,11,81157.81,2024-09-01
2024,9,83,13,76332.68,2024-09-01
2024,9,84,1,72143.14,2024-09-01
2024,9,85,28,75567.88,2024-09-01
2024,9,86,26,109801.79,2024-09-01
2024,9,87,25,92926.80,2024-09-01
2024,9,88,17,87842.75,2024-09-01
2024,9,89,24,79158.66,2024-09-01
2024,9,90,13,101411.47,2024-09-01
2024,9,91,12,74596.64,2024-09-01
2024,9,92,12,70797.08,2024-09-01
2024,9,93,30,88652.73,2024-09-01
2024,9,94,19,98384.83,2024-09-01
2024,9,95,14,94394.94,2024-09-01
2024,9,96,29,94936.25,2024-09-01
2024,9,97,24,91773.63,2024-09-01
2024,9,98,30,99679.96,2024-09-01
2024,9,99,30,99087.39,2024-09-01
2024,9,100,16,79771.80,2024-09-01
2024,9,101,26,135202.06,2024-09-01
2024,9,102,6,79359.68,2024-09-01
2024,9,103,20,129694.61,2024-09-01
2024,9,104,1,72118.13,2024-09-01
2024,9,105,18,108761.01,2024-09-01
2024,9,106,6,114032.73,2024-09-01
2024,9,107,18,67797.50,2024-09-01
2024,9,108,7,76324.05,2024-09-01
2024,9,109,12,84978.97,2024-09-01
2024,9,110,25,94984.49,2024-09-01
2024,9,111,8,77703.41,2024-09-01
2024,9,112,12,78704.33,2024-09-01
2024,9,113,30,78030.73,2024-09-01
2024,9,114,8,74854.57,2024-09-01
2024,9,115,10,76460.54,2024-09-01
2024,9,116,5,81666.85,2024-09-01
2024,9,117,23,141206.87,2024-09-01
2024,9,118,17,97954.99,2024-09-01
2024,9,119,26,84033.52,2024-09-01
2024,9,120,4,52621.93,2024-09-01
2024,9,121,3,98956.89,2024-09-01
2024,9,122,12,75745.13,2024-09-01
2024,9,123,29,83277.89,2024-09-01
2024,9,124,10,96638.98,2024-09-01
2024,9,125,12,92513.66,2024-09-01
2024,9,126,12,57911.29,2024-09-01
2024,9,127,7,57025.06,2024-09-01
2024,9,128,10,129221.22,2024-09-01
2024,9,129,29,92876.48,2024-09-01
2024,9,130,22,91605.22,2024-09-01
2024,9,131,10,89011.59,2024-09-01
2024,9,132,19,76412.62,2024-09-01
2024,9,133,8,85469.07,2024-09-01
2024,9,134,1,60394.37,2024-09-01
2024,9,135,26,89253.21,2024-09-01
2024,9,136,6,133104.32,2024-09-01
2024,9,137,10,64191.41,2024-09-01
2024,9,138,26,91792.98,2024-09-01
2024,9,139,9,94978.95,2024-09-01
2024,9,140,21,127147.32,2024-09-01
2024,9,141,3,72480.58,2024-09-01
2024,9,142,19,77946.25,2024-09-01
2024,9,143,2,71914.00,2024-09-01
2024,9,144,5,110371.91,2024-09-01
2024,9,145,29,60690.67,2024-09-01
2024,9,146,11,96180.44,2024-09-01
2024,9,147,12,102722.84,2024-09-01
2024,9,148,4,59999.78,2024-09-01
2024,9,149,19,94298.21,2024-09-01
2024,9,150,21,119261.10,2024-09-01
2024,9,151,29,79798.86,2024-09-01
2024,9,152,2,99335.46,2024-09-01
2024,9,153,18,62249.03,2024-09-01
2024,9,154,4,89724.56,2024-09-01
2024,9,155,1,86101.69,2024-09-01
2024,9,156,14,103741.36,2024-09-01
2024,9,157,10,87986.03,2024-09-01
2024,9,158,25,100216.81,2024-09-01
2024,9,159,13,86872.28,2024-09-01
2024,9,160,17,51215.00,2024-09-01
2024,9,161,7,71834.24,2024-09-01
2024,9,162,17,74448.23,2024-09-01
2024,9,163,17,103072.63,2024-09-01
2024,9,164,16,107592.99,2024-09-01
2024,9,165,1,89065.28,2024-09-01
2024,9,166,10,77273.92,2024-09-01
2024,9,167,26,74743.44,2024-09-01
2024,9,168,30,74309.46,2024-09-01
2024,9,169,15,94235.34,2024-09-01
2024,9,170,2,65088.75,2024-09-01
2024,9,171,17,108873.11,2024-09-01
2024,9,172,19,62436.70,2024-09-01
2024,9,173,13,92205.94,2024-09-01
2024,9,174,11,56323.23,2024-09-01
2024,9,175,20,90385.11,2024-09-01
2024,9,176,24,100373.80,2024-09-01
2024,9,177,16,103824.91,2024-09-01
2024,9,178,4,118277.01,2024-09-01
2024,9,179,26,95696.86,2024-09-01
2024,9,180,12,63555.13,2024-09-01
2024,9,181,6,78304.13,2024-09-01
2024,9,182,14,128260.93,2024-09-01
2024,9,183,22,90950.41,2024-09-01
2024,9,184,15,69651.21,2024-09-01
2024,9,185,6,81157.53,2024-09-01
2024,9,186,11,108255.38,2024-09-01
2024,9,187,2,69627.84,2024-09-01
2024,9,188,12,59686.60,2024-09-01
2024,9,189,21,109751.46,2024-09-01
2024,9,190,20,60835.61,2024-09-01
2024,9,191,18,85880.29,2024-09-01
2024,9,192,28,83830.82,2024-09-01
2024,9,193,5,62276.19,2024-09-01
2024,9,194,5,112410.47,2024-09-01
2024,9,195,14,63364.81,2024-09-01
2024,9,196,6,87395.82,2024-09-01
2024,9,197,11,89584.83,2024-09-01
2024,9,198,3,54553.38,2024-09-01
2024,9,199,19,58856.93,2024-09-01
2024,9,200,24,67127.84,2024-09-01
2024,10,1,9,68085.26,2024-10-01
2024,10,2,9,57793.71,2024-10-01
2024,10,3,12,137369.82,2024-10-01
2024,10,4,11,85934.27,2024-10-01
2024,10,5,27,108283.99,2024-10-01
2024,10,6,20,89807.38,2024-10-01
2024,10,7,7,125890.91,2024-10-01
2024,10,8,29,99062.24,2024-10-01
2024,10,9,3,109346.77,2024-10-01
2024,10,10,8,103346.41,2024-10-01
2024,10,11,23,76822.31,2024-10-01
2024,10,12,15,97215.05,2024-10-01
2024,10,13,11,88656.50,2024-10-01
2024,10,14,14,73807.68,2024-10-01
2024,10,15,4,123674.76,2024-10-01
2024,10,16,1,57874.20,2024-10-01
2024,10,17,4,90075.20,2024-10-01
2024,10,18,24,123275.31,2024-10-01
2024,10,19,7,121990.22,2024-10-01
2024,10,20,22,121271.54,2024-10-01
2024,10,21,9,94777.35,2024-10-01
2024,10,22,23,101020.40,2024-10-01
2024,10,23,27,54569.38,2024-10-01
2024,10,24,23,89237.77,2024-10-01
2024,10,25,10,76204.54,2024-10-01
2024,10,26,28,83887.60,2024-10-01
2024,10,27,27,62990.28,2024-10-01
2024,10,28,12,70188.46,2024-10-01
2024,10,29,6,93463.01,2024-10-01
2024,10,30,5,93264.35,2024-10-01
2024,10,31,7,87976.80,2024-10-01
2024,10,32,12,73259.12,2024-10-01
2024,10,33,14,103732.20,2024-10-01
2024,10,34,1,111110.77,2024-10-01
2024,10,35,15,62720.54,2024-10-01
2024,10,36,5,100537.12,2024-10-01
2024,10,37,27,83260.84,2024-10-01
2024,10,38,18,112193.78,2024-10-01
2024,10,39,19,82355.91,2024-10-01
2024,10,40,23,62529.00,2024-10-01
2024,10,41,25,74028.09,2024-10-01
2024,10,42,28,74488.33,2024-10-01
2024,10,43,13,93078.02,2024-10-01
2024,10,44,22,84661.97,2024-10-01
2024,10,45,30,104549.44,2024-10-01
2024,10,46,12,108777.63,2024-10-01
2024,10,47,30,54933.20,2024-10-01
2024,10,48,12,62989.05,2024-10-01
2024,10,49,3,89501.26,2024-10-01
2024,10,50,11,99576.65,2024-10-01
2024,10,51,25,59892.13,2024-10-01
2024,10,52,16,68515.06,2024-10-01
2024,10,53,13,53499.12,2024-10-01
2024,10,54,15,63534.80,2024-10-01
2024,10,55,6,81197.32,2024-10-01
2024,10,56,29,113707.67,2024-10-01
2024,10,57,13,133495.36,2024-10-01
2024,10,58,25,91634.32,2024-10-01
2024,10,59,17,69651.67,2024-10-01
2024,10,60,8,107036.47,2024-10-01
2024,10,61,28,105795.94,2024-10-01
2024,10,62,21,66616.48,2024-10-01
2024,10,63,16,130110.59,2024-10-01
2024,10,64,29,103131.39,2024-10-01
2024,10,65,19,99197.70,2024-10-01
2024,10,66,23,84021.46,2024-10-01
2024,10,67,13,90529.06,2024-10-01
2024,10,68,12,87467.00,2024-10-01
2024,10,69,6,78479.12,2024-10-01
2024,10,70,3,122523.39,2024-10-01
2024,10,71,4,108564.12,2024-10-01
2024,10,72,27,61026.18,2024-10-01
2024,10,73,1,93823.13,2024-10-01
2024,10,74,2,77355.33,2024-10-01
2024,10,75,30,94072.14,2024-10-01
2024,10,76,3,113133.35,2024-10-01
2024,10,77,2,93763.69,2024-10-01
2024,10,78,29,81824.88,2024-10-01
2024,10,79,19,99072.78,2024-10-01
2024,10,80,13,71573.04,2024-10-01
2024,10,81,23,82450.88,2024-10-01
2024,10,82,11,109725.18,2024-10-01
2024,10,83,13,73305.36,2024-10-01
2024,10,84,1,69117.49,2024-10-01
2024,10,85,28,108389.18,2024-10-01
2024,10,86,26,83775.86,2024-10-01
2024,10,87,25,107904.20,2024-10-01
2024,10,88,17,104151.14,2024-10-01
2024,10,89,24,52531.76,2024-10-01
2024,10,90,13,82210.93,2024-10-01
2024,10,91,12,77010.69,2024-10-01
2024,10,92,12,74057.92,2024-10-01
2024,10,93,30,110174.29,2024-10-01
2024,10,94,19,73347.14,2024-10-01
2024,10,95,14,101247.18,2024-10-01
2024,10,96,29,129031.02,2024-10-01
2024,10,97,24,84336.54,2024-10-01
2024,10,98,30,98767.98,2024-10-01
2024,10,99,30,86806.41,2024-10-01
2024,10,100,16,67397.49,2024-10-01
2024,10,101,26,95565.16,2024-10-01
2024,10,102,6,123423.62,2024-10-01
2024,10,103,20,119170.94,2024-10-01
2024,10,104,1,70814.93,2024-10-01
2024,10,105,18,122711.21,2024-10-01
2024,10,106,6,130459.58,2024-10-01
2024,10,107,18,73220.80,2024-10-01
2024,10,108,7,84724.04,2024-10-01
2024,10,109,12,99751.34,2024-10-01
2024,10,110,25,80048.73,2024-10-01
2024,10,111,8,79196.36,2024-10-01
2024,10,112,12,79011.24,2024-10-01
2024,10,113,30,51083.50,2024-10-01
2024,10,114,8,110250.29,2024-10-01
2024,10,115,10,110648.95,2024-10-01
2024,10,116,5,113857.96,2024-10-01
2024,10,117,23,96087.66,2024-10-01
2024,10,118,17,136417.15,2024-10-01
2024,10,119,26,98511.32,2024-10-01
2024,10,120,4,66286.44,2024-10-01
2024,10,121,3,104223.91,2024-10-01
2024,10,122,12,56105.30,2024-10-01
2024,10,123,29,100506.49,2024-10-01
2024,10,124,10,79748.58,2024-10-01
2024,10,125,12,70511.47,2024-10-01
2024,10,126,12,66836.40,2024-10-01
2024,10,127,7,77459.08,2024-10-01
2024,10,128,10,114194.72,2024-10-01
2024,10,129,29,83672.97,2024-10-01
2024,10,130,22,145175.96,2024-10-01
2024,10,131,10,62013.23,2024-10-01
2024,10,132,19,112650.24,2024-10-01
2024,10,133,8,76421.92,2024-10-01
2024,10,134,1,100495.90,2024-10-01
2024,10,135,26,78727.24,2024-10-01
2024,10,136,6,98089.78,2024-10-01
2024,10,137,10,110238.18,2024-10-01
2024,10,138,26,65216.60,2024-10-01
2024,10,139,9,100013.94,2024-10-01
2024,10,140,21,96018.00,2024-10-01
2024,10,141,3,69751.30,2024-10-01
2024,10,142,19,83556.99,2024-10-01
2024,10,143,2,72543.91,2024-10-01
2024,10,144,5,109640.74,2024-10-01
2024,10,145,29,60877.33,2024-10-01
2024,10,146,11,133281.89,2024-10-01
2024,10,147,12,139208.63,2024-10-01
2024,10,148,4,68839.76,2024-10-01
2024,10,149,19,86115.28,2024-10-01
2024,10,150,21,104400.42,2024-10-01
2024,10,151,29,125357.37,2024-10-01
2024,10,152,2,97650.14,2024-10-01
2024,10,153,18,77548.87,2024-10-01
2024,10,154,4,105845.83,2024-10-01
2024,10,155,1,97969.40,2024-10-01
2024,10,156,14,95749.18,2024-10-01
2024,10,157,10,99507.13,2024-10-01
2024,10,158,25,84042.62,2024-10-01
2024,10,159,13,83038.84,2024-10-01
2024,10,160,17,61879.42,2024-10-01
2024,10,161,7,88234.28,2024-10-01
2024,10,162,17,93321.82,2024-10-01
2024,10,163,17,79572.41,2024-10-01
2024,10,164,16,85660.85,2024-10-01
2024,10,165,1,99313.99,2024-10-01
2024,10,166,10,68909.34,2024-10-01
2024,10,167,26,73457.97,2024-10-01
2024,10,168,30,90119.54,2024-10-01
2024,10,169,15,91605.84,2024-10-01
2024,10,170,2,90126.76,2024-10-01
2024,10,171,17,103993.52,2024-10-01
2024,10,172,19,84609.02,2024-10-01
2024,10,173,13,105998.33,2024-10-01
2024,10,174,11,76691.31,2024-10-01
2024,10,175,20,126658.29,2024-10-01
2024,10,176,24,96224.47,2024-10-01
2024,10,177,16,100927.19,2024-10-01
2024,10,178,4,92676.13,2024-10-01
2024,10,179,26,124101.68,2024-10-01
2024,10,180,12,98588.72,2024-10-01
2024,10,181,6,56026.18,2024-10-01
2024,10,182,14,86974.00,2024-10-01
2024,10,183,22,78862.08,2024-10-01
2024,10,184,15,78930.25,2024-10-01
2024,10,185,6,82270.81,2024-10-01
2024,10,186,11,112833.35,2024-10-01
2024,10,187,2,84754.77,2024-10-01
2024,10,188,12,58733.56,2024-10-01
2024,10,189,21,89512.49,2024-10-01
2024,10,190,20,62227.24,2024-10-01
2024,10,191,18,79624.87,2024-10-01
2024,10,192,28,83173.60,2024-10-01
2024,10,193,5,66724.35,2024-10-01
2024,10,194,5,89497.31,2024-10-01
2024,10,195,14,62717.27,2024-10-01
2024,10,196,6,138877.58,2024-10-01
2024,10,197,11,125752.18,2024-10-01
2024,10,198,3,59456.39,2024-10-01
2024,10,199,19,63675.50,2024-10-01
2024,10,200,24,68376.14,2024-10-01
2024,11,1,9,74849.62,2024-11-01
2024,11,2,9,60427.49,2024-11-01
2024,11,3,12,123150.59,2024-11-01
2024,11,4,11,131650.03,2024-11-01
2024,11,5,27,107351.08,2024-11-01
2024,11,6,20,120005.72,2024-11-01
2024,11,7,7,122164.83,2024-11-01
2024,11,8,29,128241.40,2024-11-01
2024,11,9,3,164043.16,2024-11-01
2024,11,10,8,98640.42,2024-11-01
2024,11,11,23,83613.72,2024-11-01
2024,11,12,15,155332.23,2024-11-01
2024,11,13,11,120271.00,2024-11-01
2024,11,14,14,89890.47,2024-11-01
2024,11,15,4,130128.10,2024-11-01
2024,11,16,1,61572.50,2024-11-01
2024,11,17,4,109051.13,2024-11-01
2024,11,18,24,101177.19,2024-11-01
2024,11,19,7,125664.38,2024-11-01
2024,11,20,22,161761.99,2024-11-01
2024,11,21,9,94761.32,2024-11-01
2024,11,22,23,112990.70,2024-11-01
2024,11,23,27,87358.37,2024-11-01
2024,11,24,23,73365.53,2024-11-01
2024,11,25,10,67236.51,2024-11-01
2024,11,26,28,154626.62,2024-11-01
2024,11,27,27,81541.31,2024-11-01
2024,11,28,12,94596.03,2024-11-01
2024,11,29,6,119458.60,2024-11-01
2024,11,30,5,135400.00,2024-11-01
2024,11,31,7,74424.91,2024-11-01
2024,11,32,12,98509.37,2024-11-01
2024,11,33,14,113102.25,2024-11-01
2024,11,34,1,166380.02,2024-11-01
2024,11,35,15,78414.15,2024-11-01
2024,11,36,5,155405.98,2024-11-01
2024,11,37,27,73664.91,2024-11-01
2024,11,38,18,144338.02,2024-11-01
2024,11,39,19,91772.31,2024-11-01
2024,11,40,23,107401.78,2024-11-01
2024,11,41,25,111552.22,2024-11-01
2024,11,42,28,85944.89,2024-11-01
2024,11,43,13,129061.61,2024-11-01
2024,11,44,22,88744.69,2024-11-01
2024,11,45,30,144161.16,2024-11-01
2024,11,46,12,127460.26,2024-11-01
2024,11,47,30,86201.87,2024-11-01
2024,11,48,12,95783.67,2024-11-01
2024,11,49,3,75132.05,2024-11-01
2024,11,50,11,100565.51,2024-11-01
2024,11,51,25,77517.51,2024-11-01
2024,11,52,16,80779.37,2024-11-01
2024,11,53,13,91044.48,2024-11-01
2024,11,54,15,56142.23,2024-11-01
2024,11,55,6,61220.68,2024-11-01
2024,11,56,29,101213.85,2024-11-01
2024,11,57,13,103335.18,2024-11-01
2024,11,58,25,117969.04,2024-11-01
2024,11,59,17,83095.90,2024-11-01
2024,11,60,8,119209.05,2024-11-01
2024,11,61,28,111575.85,2024-11-01
2024,11,62,21,117643.61,2024-11-01
2024,11,63,16,124428.21,2024-11-01
2024,11,64,29,116634.44,2024-11-01
2024,11,65,19,101445.19,2024-11-01
2024,11,66,23,83754.14,2024-11-01
2024,11,67,13,58836.41,2024-11-01
2024,11,68,12,134648.01,2024-11-01
2024,11,69,6,80013.30,2024-11-01
2024,11,70,3,99421.68,2024-11-01
2024,11,71,4,155611.35,2024-11-01
2024,11,72,27,92300.59,2024-11-01
2024,11,73,1,98410.57,2024-11-01
2024,11,74,2,86108.02,2024-11-01
2024,11,75,30,90907.82,2024-11-01
2024,11,76,3,135406.03,2024-11-01
2024,11,77,2,100178.99,2024-11-01
2024,11,78,29,69568.51,2024-11-01
2024,11,79,19,107011.79,2024-11-01
2024,11,80,13,85696.55,2024-11-01
2024,11,81,23,92465.71,2024-11-01
2024,11,82,11,99366.73,2024-11-01
2024,11,83,13,121785.42,2024-11-01
2024,11,84,1,79751.69,2024-11-01
2024,11,85,28,87568.13,2024-11-01
2024,11,86,26,107712.93,2024-11-01
2024,11,87,25,112947.98,2024-11-01
2024,11,88,17,109709.66,2024-11-01
2024,11,89,24,54922.68,2024-11-01
2024,11,90,13,102096.21,2024-11-01
2024,11,91,12,79013.42,2024-11-01
2024,11,92,12,89170.28,2024-11-01
2024,11,93,30,101546.04,2024-11-01
2024,11,94,19,105214.14,2024-11-01
2024,11,95,14,117675.99,2024-11-01
2024,11,96,29,128697.56,2024-11-01
2024,11,97,24,89205.64,2024-11-01
2024,11,98,30,101113.34,2024-11-01
2024,11,99,30,85558.41,2024-11-01
2024,11,100,16,85395.12,2024-11-01
2024,11,101,26,134819.53,2024-11-01
2024,11,102,6,115848.97,2024-11-01
2024,11,103,20,129839.33,2024-11-01
2024,11,104,1,80263.70,2024-11-01
2024,11,105,18,109401.68,2024-11-01
2024,11,106,6,131822.71,2024-11-01
2024,11,107,18,97124.40,2024-11-01
2024,11,108,7,117821.16,2024-11-01
2024,11,109,12,110641.95,2024-11-01
2024,11,110,25,117865.65,2024-11-01
2024,11,111,8,83815.92,2024-11-01
2024,11,112,12,114160.18,2024-11-01
2024,11,113,30,62645.69,2024-11-01
2024,11,114,8,88919.25,2024-11-01
2024,11,115,10,121044.97,2024-11-01
2024,11,116,5,108024.36,2024-11-01
2024,11,117,23,129063.71,2024-11-01
2024,11,118,17,144463.44,2024-11-01
2024,11,119,26,66657.18,2024-11-01
2024,11,120,4,73987.12,2024-11-01
2024,11,121,3,74497.95,2024-11-01
2024,11,122,12,80150.46,2024-11-01
2024,11,123,29,76006.09,2024-11-01
2024,11,124,10,122684.07,2024-11-01
2024,11,125,12,92967.18,2024-11-01
2024,11,126,12,90973.48,2024-11-01
2024,11,127,7,66218.57,2024-11-01
2024,11,128,10,155788.74,2024-11-01
2024,11,129,29,104797.00,2024-11-01
2024,11,130,22,97374.13,2024-11-01
2024,11,131,10,101344.61,2024-11-01
2024,11,132,19,119535.67,2024-11-01
2024,11,133,8,78951.53,2024-11-01
2024,11,134,1,108447.40,2024-11-01
2024,11,135,26,102599.24,2024-11-01
2024,11,136,6,128222.49,2024-11-01
2024,11,137,10,78923.08,2024-11-01
2024,11,138,26,79188.80,2024-11-01
2024,11,139,9,108351.80,2024-11-01
2024,11,140,21,102406.73,2024-11-01
2024,11,141,3,71191.39,2024-11-01
2024,11,142,19,94487.27,2024-11-01
2024,11,143,2,110280.09,2024-11-01
2024,11,144,5,95378.38,2024-11-01
2024,11,145,29,82121.75,2024-11-01
2024,11,146,11,134190.81,2024-11-01
2024,11,147,12,110975.75,2024-11-01
2024,11,148,4,57678.26,2024-11-01
2024,11,149,19,128139.09,2024-11-01
2024,11,150,21,132913.90,2024-11-01
2024,11,151,29,101543.81,2024-11-01
2024,11,152,2,131286.02,2024-11-01
2024,11,153,18,53443.12,2024-11-01
2024,11,154,4,110640.85,2024-11-01
2024,11,155,1,130265.69,2024-11-01
2024,11,156,14,68623.83,2024-11-01
2024,11,157,10,130874.07,2024-11-01
2024,11,158,25,104148.78,2024-11-01
2024,11,159,13,115228.35,2024-11-01
2024,11,160,17,89900.84,2024-11-01
2024,11,161,7,82636.53,2024-11-01
2024,11,162,17,134027.78,2024-11-01
2024,11,163,17,100976.35,2024-11-01
2024,11,164,16,157094.17,2024-11-01
2024,11,165,1,86872.99,2024-11-01
2024,11,166,10,114343.70,2024-11-01
2024,11,167,26,95968.81,2024-11-01
2024,11,168,30,75293.77,2024-11-01
2024,11,169,15,88187.98,2024-11-01
2024,11,170,2,119311.28,2024-11-01
2024,11,171,17,86443.91,2024-11-01
2024,11,172,19,74771.97,2024-11-01
2024,11,173,13,91514.66,2024-11-01
2024,11,174,11,67673.52,2024-11-01
2024,11,175,20,123976.80,2024-11-01
2024,11,176,24,72766.65,2024-11-01
2024,11,177,16,131299.58,2024-11-01
2024,11,178,4,178575.91,2024-11-01
2024,11,179,26,144974.25,2024-11-01
2024,11,180,12,101098.63,2024-11-01
2024,11,181,6,58275.31,2024-11-01
2024,11,182,14,152288.92,2024-11-01
2024,11,183,22,94268.38,2024-11-01
2024,11,184,15,87884.59,2024-11-01
2024,11,185,6,100337.83,2024-11-01
2024,11,186,11,113504.54,2024-11-01
2024,11,187,2,108042.73,2024-11-01
2024,11,188,12,78415.81,2024-11-01
2024,11,189,21,172784.02,2024-11-01
2024,11,190,20,92751.88,2024-11-01
2024,11,191,18,103312.21,2024-11-01
2024,11,192,28,85758.64,2024-11-01
2024,11,193,5,65841.99,2024-11-01
2024,11,194,5,127110.40,2024-11-01
2024,11,195,14,80174.51,2024-11-01
2024,11,196,6,121183.57,2024-11-01
2024,11,197,11,145968.16,2024-11-01
2024,11,198,3,80878.36,2024-11-01
2024,11,199,19,96555.52,2024-11-01
2024,11,200,24,115915.10,2024-11-01
2024,12,1,9,72695.45,2024-12-01
2024,12,2,9,96927.33,2024-12-01
2024,12,3,12,105482.78,2024-12-01
2024,12,4,11,132992.30,2024-12-01
2024,12,5,27,147168.78,2024-12-01
2024,12,6,20,155012.15,2024-12-01
2024,12,7,7,106037.61,2024-12-01
2024,12,8,29,114987.08,2024-12-01
2024,12,9,3,155065.34,2024-12-01
2024,12,10,8,100288.23,2024-12-01
2024,12,11,23,72892.50,2024-12-01
2024,12,12,15,126831.77,2024-12-01
2024,12,13,11,107244.28,2024-12-01
2024,12,14,14,89954.06,2024-12-01
2024,12,15,4,164303.44,2024-12-01
2024,12,16,1,82381.45,2024-12-01
2024,12,17,4,82162.30,2024-12-01
2024,12,18,24,135205.34,2024-12-01
2024,12,19,7,106777.08,2024-12-01
2024,12,20,22,142219.43,2024-12-01
2024,12,21,9,122456.35,2024-12-01
2024,12,22,23,87784.69,2024-12-01
2024,12,23,27,60317.18,2024-12-01
2024,12,24,23,121266.65,2024-12-01
2024,12,25,10,64400.03,2024-12-01
2024,12,26,28,91057.07,2024-12-01
2024,12,27,27,115086.65,2024-12-01
2024,12,28,12,86333.06,2024-12-01
2024,12,29,6,118689.11,2024-12-01
2024,12,30,5,151581.35,2024-12-01
2024,12,31,7,87779.55,2024-12-01
2024,12,32,12,76118.89,2024-12-01
2024,12,33,14,103358.32,2024-12-01
2024,12,34,1,113862.00,2024-12-01
2024,12,35,15,85843.65,2024-12-01
2024,12,36,5,114210.46,2024-12-01
2024,12,37,27,122136.88,2024-12-01
2024,12,38,18,151931.87,2024-12-01
2024,12,39,19,93601.52,2024-12-01
2024,12,40,23,94282.78,2024-12-01
2024,12,41,25,92017.62,2024-12-01
2024,12,42,28,72992.03,2024-12-01
2024,12,43,13,145526.08,2024-12-01
2024,12,44,22,127127.95,2024-12-01
2024,12,45,30,142429.25,2024-12-01
2024,12,46,12,173101.43,2024-12-01
2024,12,47,30,94237.03,2024-12-01
2024,12,48,12,117756.60,2024-12-01
2024,12,49,3,99244.18,2024-12-01
2024,12,50,11,89464.53,2024-12-01
2024,12,51,25,104836.27,2024-12-01
2024,12,52,16,100918.02,2024-12-01
2024,12,53,13,65912.27,2024-12-01
2024,12,54,15,68943.02,2024-12-01
2024,12,55,6,83094.65,2024-12-01
2024,12,56,29,110467.21,2024-12-01
2024,12,57,13,105407.17,2024-12-01
2024,12,58,25,107063.58,2024-12-01
2024,12,59,17,113962.00,2024-12-01
2024,12,60,8,114064.24,2024-12-01
2024,12,61,28,187336.79,2024-12-01
2024,12,62,21,77201.48,2024-12-01
2024,12,63,16,127404.88,2024-12-01
2024,12,64,29,120369.46,2024-12-01
2024,12,65,19,178800.22,2024-12-01
2024,12,66,23,146039.55,2024-12-01
2024,12,67,13,86545.60,2024-12-01
2024,12,68,12,90376.06,2024-12-01
2024,12,69,6,71622.94,2024-12-01
2024,12,70,3,129072.31,2024-12-01
2024,12,71,4,145433.58,2024-12-01
2024,12,72,27,58683.30,2024-12-01
2024,12,73,1,112063.34,2024-12-01
2024,12,74,2,101856.69,2024-12-01
2024,12,75,30,101839.95,2024-12-01
2024,12,76,3,165506.59,2024-12-01
2024,12,77,2,128989.90,2024-12-01
2024,12,78,29,127648.70,2024-12-01
2024,12,79,19,134052.29,2024-12-01
2024,12,80,13,135466.17,2024-12-01
2024,12,81,23,73389.87,2024-12-01
2024,12,82,11,115763.42,2024-12-01
2024,12,83,13,98426.36,2024-12-01
2024,12,84,1,96809.88,2024-12-01
2024,12,85,28,76419.95,2024-12-01
2024,12,86,26,90139.72,2024-12-01
2024,12,87,25,100952.05,2024-12-01
2024,12,88,17,181431.50,2024-12-01
2024,12,89,24,101401.87,2024-12-01
2024,12,90,13,90403.99,2024-12-01
2024,12,91,12,65387.92,2024-12-01
2024,12,92,12,125279.92,2024-12-01
2024,12,93,30,95686.43,2024-12-01
2024,12,94,19,109450.03,2024-12-01
2024,12,95,14,134677.95,2024-12-01
2024,12,96,29,125562.62,2024-12-01
2024,12,97,24,91877.64,2024-12-01
2024,12,98,30,84524.52,2024-12-01
2024,12,99,30,110335.01,2024-12-01
2024,12,100,16,118099.38,2024-12-01
2024,12,101,26,161853.50,2024-12-01
2024,12,102,6,104356.54,2024-12-01
2024,12,103,20,144148.28,2024-12-01
2024,12,104,1,104109.37,2024-12-01
2024,12,105,18,107518.31,2024-12-01
2024,12,106,6,156453.77,2024-12-01
2024,12,107,18,66470.89,2024-12-01
2024,12,108,7,113813.93,2024-12-01
2024,12,109,12,133033.03,2024-12-01
2024,12,110,25,117022.33,2024-12-01
2024,12,111,8,81403.21,2024-12-01
2024,12,112,12,109531.50,2024-12-01
2024,12,113,30,73104.05,2024-12-01
2024,12,114,8,96509.88,2024-12-01
2024,12,115,10,144260.14,2024-12-01
2024,12,116,5,116564.91,2024-12-01
2024,12,117,23,125502.40,2024-12-01
2024,12,118,17,143981.14,2024-12-01
2024,12,119,26,79152.77,2024-12-01
2024,12,120,4,94501.71,2024-12-01
2024,12,121,3,98149.22,2024-12-01
2024,12,122,12,80250.67,2024-12-01
2024,12,123,29,105139.38,2024-12-01
2024,12,124,10,85619.12,2024-12-01
2024,12,125,12,108873.45,2024-12-01
2024,12,126,12,106633.40,2024-12-01
2024,12,127,7,82816.93,2024-12-01
2024,12,128,10,123687.36,2024-12-01
2024,12,129,29,100019.78,2024-12-01
2024,12,130,22,138523.41,2024-12-01
2024,12,131,10,119807.31,2024-12-01
2024,12,132,19,122586.70,2024-12-01
2024,12,133,8,92339.07,2024-12-01
2024,12,134,1,82780.81,2024-12-01
2024,12,135,26,80587.40,2024-12-01
2024,12,136,6,170349.49,2024-12-01
2024,12,137,10,105704.76,2024-12-01
2024,12,138,26,117662.21,2024-12-01
2024,12,139,9,96221.42,2024-12-01
2024,12,140,21,156771.01,2024-12-01
2024,12,141,3,86012.33,2024-12-01
2024,12,142,19,118254.38,2024-12-01
2024,12,143,2,119434.98,2024-12-01
2024,12,144,5,169293.71,2024-12-01
2024,12,145,29,67238.09,2024-12-01
2024,12,146,11,103512.05,2024-12-01
2024,12,147,12,142964.44,2024-12-01
2024,12,148,4,69343.55,2024-12-01
2024,12,149,19,136502.90,2024-12-01
2024,12,150,21,113223.34,2024-12-01
2024,12,151,29,82849.98,2024-12-01
2024,12,152,2,98317.57,2024-12-01
2024,12,153,18,80253.20,2024-12-01
2024,12,154,4,101981.16,2024-12-01
2024,12,155,1,157742.04,2024-12-01
2024,12,156,14,92536.06,2024-12-01
2024,12,157,10,103795.88,2024-12-01
2024,12,158,25,93915.23,2024-12-01
2024,12,159,13,82235.90,2024-12-01
2024,12,160,17,79582.30,2024-12-01
2024,12,161,7,66934.97,2024-12-01
2024,12,162,17,147002.00,2024-12-01
2024,12,163,17,94266.31,2024-12-01
2024,12,164,16,115989.81,2024-12-01
2024,12,165,1,113068.16,2024-12-01
2024,12,166,10,89646.39,2024-12-01
2024,12,167,26,63213.01,2024-12-01
2024,12,168,30,114505.18,2024-12-01
2024,12,169,15,160942.15,2024-12-01
2024,12,170,2,101468.37,2024-12-01
2024,12,171,17,120845.28,2024-12-01
2024,12,172,19,74256.93,2024-12-01
2024,12,173,13,109411.75,2024-12-01
2024,12,174,11,77256.07,2024-12-01
2024,12,175,20,149750.15,2024-12-01
2024,12,176,24,85406.25,2024-12-01
2024,12,177,16,144199.86,2024-12-01
2024,12,178,4,157252.17,2024-12-01
2024,12,179,26,160454.54,2024-12-01
2024,12,180,12,82514.82,2024-12-01
2024,12,181,6,77695.17,2024-12-01
2024,12,182,14,141437.00,2024-12-01
2024,12,183,22,71508.01,2024-12-01
2024,12,184,15,81251.35,2024-12-01
2024,12,185,6,109861.82,2024-12-01
2024,12,186,11,120056.71,2024-12-01
2024,12,187,2,111110.03,2024-12-01
2024,12,188,12,72355.55,2024-12-01
2024,12,189,21,157081.08,2024-12-01
2024,12,190,20,89354.70,2024-12-01
2024,12,191,18,134075.30,2024-12-01
2024,12,192,28,121202.66,2024-12-01
2024,12,193,5,97303.22,2024-12-01
2024,12,194,5,87950.07,2024-12-01
2024,12,195,14,100264.76,2024-12-01
2024,12,196,6,126931.09,2024-12-01
2024,12,197,11,138825.42,2024-12-01
2024,12,198,3,59641.97,2024-12-01
2024,12,199,19,74778.68,2024-12-01
2024,12,200,24,91236.85,2024-12-01
2025,1,1,9,63726.15,2025-01-01
2025,1,2,9,41147.60,2025-01-01
2025,1,3,12,73698.86,2025-01-01
2025,1,4,11,98459.94,2025-01-01
2025,1,5,27,77495.50,2025-01-01
2025,1,6,20,86533.23,2025-01-01
2025,1,7,7,107166.91,2025-01-01
2025,1,8,29,78241.61,2025-01-01
2025,1,9,3,113606.99,2025-01-01
2025,1,10,8,65909.44,2025-01-01
2025,1,11,23,38371.68,2025-01-01
2025,1,12,15,104672.49,2025-01-01
2025,1,13,11,79839.99,2025-01-01
2025,1,14,14,82655.80,2025-01-01
2025,1,15,4,69735.42,2025-01-01
2025,1,16,1,55794.56,2025-01-01
2025,1,17,4,56441.69,2025-01-01
2025,1,18,24,76193.05,2025-01-01
2025,1,19,7,65784.66,2025-01-01
2025,1,20,22,79677.38,2025-01-01
2025,1,21,9,79414.06,2025-01-01
2025,1,22,23,53153.38,2025-01-01
2025,1,23,27,47193.64,2025-01-01
2025,1,24,23,61665.36,2025-01-01
2025,1,25,10,67280.50,2025-01-01
2025,1,26,28,72350.94,2025-01-01
2025,1,27,27,56676.38,2025-01-01
2025,1,28,12,43815.76,2025-01-01
2025,1,29,6,107370.86,2025-01-01
2025,1,30,5,85837.89,2025-01-01
2025,1,31,7,91035.32,2025-01-01
2025,1,32,12,63645.19,2025-01-01
2025,1,33,14,59671.78,2025-01-01
2025,1,34,1,69654.01,2025-01-01
2025,1,35,15,41936.69,2025-01-01
2025,1,36,5,77881.13,2025-01-01
2025,1,37,27,60445.91,2025-01-01
2025,1,38,18,72425.31,2025-01-01
2025,1,39,19,68519.58,2025-01-01
2025,1,40,23,63559.91,2025-01-01
2025,1,41,25,80714.67,2025-01-01
2025,1,42,28,48290.80,2025-01-01
2025,1,43,13,71166.07,2025-01-01
2025,1,44,22,101347.70,2025-01-01
2025,1,45,30,107642.48,2025-01-01
2025,1,46,12,72295.53,2025-01-01
2025,1,47,30,45918.26,2025-01-01
2025,1,48,12,72054.52,2025-01-01
2025,1,49,3,89482.48,2025-01-01
2025,1,50,11,73178.72,2025-01-01
2025,1,51,25,53323.48,2025-01-01
2025,1,52,16,51722.11,2025-01-01
2025,1,53,13,65719.57,2025-01-01
2025,1,54,15,40673.58,2025-01-01
2025,1,55,6,39319.65,2025-01-01
2025,1,56,29,108680.45,2025-01-01
2025,1,57,13,92092.43,2025-01-01
2025,1,58,25,94621.67,2025-01-01
2025,1,59,17,58888.85,2025-01-01
2025,1,60,8,72252.70,2025-01-01
2025,1,61,28,74403.74,2025-01-01
2025,1,62,21,64004.73,2025-01-01
2025,1,63,16,111932.55,2025-01-01
2025,1,64,29,62580.93,2025-01-01
2025,1,65,19,79302.53,2025-01-01
2025,1,66,23,87768.75,2025-01-01
2025,1,67,13,55121.84,2025-01-01
2025,1,68,12,88163.26,2025-01-01
2025,1,69,6,57836.10,2025-01-01
2025,1,70,3,94107.13,2025-01-01
2025,1,71,4,78578.01,2025-01-01
2025,1,72,27,66280.88,2025-01-01
2025,1,73,1,58783.21,2025-01-01
2025,1,74,2,59596.61,2025-01-01
2025,1,75,30,80810.84,2025-01-01
2025,1,76,3,70863.60,2025-01-01
2025,1,77,2,72357.19,2025-01-01
2025,1,78,29,75160.07,2025-01-01
2025,1,79,19,80513.65,2025-01-01
2025,1,80,13,63641.29,2025-01-01
2025,1,81,23,58846.69,2025-01-01
2025,1,82,11,61068.61,2025-01-01
2025,1,83,13,57355.42,2025-01-01
2025,1,84,1,53849.73,2025-01-01
2025,1,85,28,66458.19,2025-01-01
2025,1,86,26,64738.29,2025-01-01
2025,1,87,25,85212.95,2025-01-01
2025,1,88,17,103188.05,2025-01-01
2025,1,89,24,55977.12,2025-01-01
2025,1,90,13,78508.33,2025-01-01
2025,1,91,12,48255.36,2025-01-01
2025,1,92,12,50256.77,2025-01-01
2025,1,93,30,96945.65,2025-01-01
2025,1,94,19,71715.33,2025-01-01
2025,1,95,14,88873.84,2025-01-01
2025,1,96,29,99621.24,2025-01-01
2025,1,97,24,62288.95,2025-01-01
2025,1,98,30,79692.75,2025-01-01
2025,1,99,30,69167.59,2025-01-01
2025,1,100,16,68587.80,2025-01-01
2025,1,101,26,83704.59,2025-01-01
2025,1,102,6,106394.92,2025-01-01
2025,1,103,20,99461.44,2025-01-01
2025,1,104,1,60096.37,2025-01-01
2025,1,105,18,96490.28,2025-01-01
2025,1,106,6,104008.95,2025-01-01
2025,1,107,18,59030.15,2025-01-01
2025,1,108,7,79067.25,2025-01-01
2025,1,109,12,94913.44,2025-01-01
2025,1,110,25,82540.40,2025-01-01
2025,1,111,8,52386.82,2025-01-01
2025,1,112,12,67667.05,2025-01-01
2025,1,113,30,64309.08,2025-01-01
2025,1,114,8,52885.13,2025-01-01
2025,1,115,10,96932.50,2025-01-01
2025,1,116,5,105142.83,2025-01-01
2025,1,117,23,72624.01,2025-01-01
2025,1,118,17,74063.14,2025-01-01
2025,1,119,26,61224.22,2025-01-01
2025,1,120,4,59955.75,2025-01-01
2025,1,121,3,69707.52,2025-01-01
2025,1,122,12,48602.04,2025-01-01
2025,1,123,29,75552.26,2025-01-01
2025,1,124,10,74331.79,2025-01-01
2025,1,125,12,85982.70,2025-01-01
2025,1,126,12,83529.56,2025-01-01
2025,1,127,7,61297.17,2025-01-01
2025,1,128,10,78501.06,2025-01-01
2025,1,129,29,80732.16,2025-01-01
2025,1,130,22,93667.26,2025-01-01
2025,1,131,10,47212.43,2025-01-01
2025,1,132,19,83407.27,2025-01-01
2025,1,133,8,57452.94,2025-01-01
2025,1,134,1,59926.57,2025-01-01
2025,1,135,26,69716.29,2025-01-01
2025,1,136,6,98244.04,2025-01-01
2025,1,137,10,68338.46,2025-01-01
2025,1,138,26,57602.25,2025-01-01
2025,1,139,9,102768.31,2025-01-01
2025,1,140,21,98521.66,2025-01-01
2025,1,141,3,66340.96,2025-01-01
2025,1,142,19,73615.99,2025-01-01
2025,1,143,2,73745.91,2025-01-01
2025,1,144,5,83465.48,2025-01-01
2025,1,145,29,70889.68,2025-01-01
2025,1,146,11,97540.88,2025-01-01
2025,1,147,12,101865.80,2025-01-01
2025,1,148,4,57507.80,2025-01-01
2025,1,149,19,74162.06,2025-01-01
2025,1,150,21,108946.90,2025-01-01
2025,1,151,29,58524.55,2025-01-01
2025,1,152,2,91380.84,2025-01-01
2025,1,153,18,58173.39,2025-01-01
2025,1,154,4,57726.98,2025-01-01
2025,1,155,1,108500.83,2025-01-01
2025,1,156,14,84576.29,2025-01-01
2025,1,157,10,92227.96,2025-01-01
2025,1,158,25,74009.78,2025-01-01
2025,1,159,13,49844.23,2025-01-01
2025,1,160,17,60233.31,2025-01-01
2025,1,161,7,54761.45,2025-01-01
2025,1,162,17,79704.76,2025-01-01
2025,1,163,17,77136.11,2025-01-01
2025,1,164,16,102734.61,2025-01-01
2025,1,165,1,81328.92,2025-01-01
2025,1,166,10,74124.42,2025-01-01
2025,1,167,26,45346.74,2025-01-01
2025,1,168,30,73965.46,2025-01-01
2025,1,169,15,84644.02,2025-01-01
2025,1,170,2,88504.83,2025-01-01
2025,1,171,17,88675.52,2025-01-01
2025,1,172,19,76374.62,2025-01-01
2025,1,173,13,60683.28,2025-01-01
2025,1,174,11,48995.10,2025-01-01
2025,1,175,20,93038.90,2025-01-01
2025,1,176,24,65441.98,2025-01-01
2025,1,177,16,97182.30,2025-01-01
2025,1,178,4,102879.69,2025-01-01
2025,1,179,26,96803.89,2025-01-01
2025,1,180,12,62784.81,2025-01-01
2025,1,181,6,39082.75,2025-01-01
2025,1,182,14,86918.53,2025-01-01
2025,1,183,22,78574.84,2025-01-01
2025,1,184,15,59854.02,2025-01-01
2025,1,185,6,92947.51,2025-01-01
2025,1,186,11,107772.61,2025-01-01
2025,1,187,2,73273.41,2025-01-01
2025,1,188,12,54850.02,2025-01-01
2025,1,189,21,93404.45,2025-01-01
2025,1,190,20,42422.62,2025-01-01
2025,1,191,18,76144.07,2025-01-01
2025,1,192,28,56062.05,2025-01-01
2025,1,193,5,63458.94,2025-01-01
2025,1,194,5,82042.57,2025-01-01
2025,1,195,14,61408.00,2025-01-01
2025,1,196,6,101204.71,2025-01-01
2025,1,197,11,105232.56,2025-01-01
2025,1,198,3,54701.45,2025-01-01
2025,1,199,19,57232.00,2025-01-01
2025,1,200,24,82004.52,2025-01-01
2025,2,1,9,80351.82,2025-02-01
2025,2,2,9,69836.25,2025-02-01
2025,2,3,12,72578.55,2025-02-01
2025,2,4,11,94903.62,2025-02-01
2025,2,5,27,101736.03,2025-02-01
2025,2,6,20,102631.73,2025-02-01
2025,2,7,7,89165.48,2025-02-01
2025,2,8,29,73801.15,2025-02-01
2025,2,9,3,117755.26,2025-02-01
2025,2,10,8,66948.00,2025-02-01
2025,2,11,23,62339.55,2025-02-01
2025,2,12,15,97114.92,2025-02-01
2025,2,13,11,85531.55,2025-02-01
2025,2,14,14,60434.20,2025-02-01
2025,2,15,4,79587.24,2025-02-01
2025,2,16,1,68179.91,2025-02-01
2025,2,17,4,53811.61,2025-02-01
2025,2,18,24,90294.03,2025-02-01
2025,2,19,7,67952.48,2025-02-01
2025,2,20,22,117782.91,2025-02-01
2025,2,21,9,73452.92,2025-02-01
2025,2,22,23,61190.23,2025-02-01
2025,2,23,27,49615.60,2025-02-01
2025,2,24,23,64433.38,2025-02-01
2025,2,25,10,66419.45,2025-02-01
2025,2,26,28,83810.98,2025-02-01
2025,2,27,27,56521.52,2025-02-01
2025,2,28,12,57647.36,2025-02-01
2025,2,29,6,123802.74,2025-02-01
2025,2,30,5,95062.39,2025-02-01
2025,2,31,7,86276.18,2025-02-01
2025,2,32,12,69395.78,2025-02-01
2025,2,33,14,75845.83,2025-02-01
2025,2,34,1,108368.09,2025-02-01
2025,2,35,15,51417.52,2025-02-01
2025,2,36,5,103786.30,2025-02-01
2025,2,37,27,77954.91,2025-02-01
2025,2,38,18,96013.88,2025-02-01
2025,2,39,19,59057.68,2025-02-01
2025,2,40,23,85908.91,2025-02-01
2025,2,41,25,54707.12,2025-02-01
2025,2,42,28,56207.87,2025-02-01
2025,2,43,13,88051.57,2025-02-01
2025,2,44,22,73042.65,2025-02-01
2025,2,45,30,82547.14,2025-02-01
2025,2,46,12,79440.86,2025-02-01
2025,2,47,30,50784.89,2025-02-01
2025,2,48,12,51159.85,2025-02-01
2025,2,49,3,87211.09,2025-02-01
2025,2,50,11,83305.20,2025-02-01
2025,2,51,25,54037.88,2025-02-01
2025,2,52,16,50576.58,2025-02-01
2025,2,53,13,58125.33,2025-02-01
2025,2,54,15,54040.02,2025-02-01
2025,2,55,6,44327.72,2025-02-01
2025,2,56,29,109843.54,2025-02-01
2025,2,57,13,90707.81,2025-02-01
2025,2,58,25,81627.85,2025-02-01
2025,2,59,17,52373.91,2025-02-01
2025,2,60,8,75369.94,2025-02-01
2025,2,61,28,112520.68,2025-02-01
2025,2,62,21,77033.44,2025-02-01
2025,2,63,16,72403.14,2025-02-01
2025,2,64,29,53139.54,2025-02-01
2025,2,65,19,116873.60,2025-02-01
2025,2,66,23,95458.12,2025-02-01
2025,2,67,13,48202.05,2025-02-01
2025,2,68,12,69822.80,2025-02-01
2025,2,69,6,60289.53,2025-02-01
2025,2,70,3,87078.38,2025-02-01
2025,2,71,4,72390.40,2025-02-01
2025,2,72,27,57034.95,2025-02-01
2025,2,73,1,77028.03,2025-02-01
2025,2,74,2,61150.98,2025-02-01
2025,2,75,30,52141.34,2025-02-01
2025,2,76,3,100799.50,2025-02-01
2025,2,77,2,76216.10,2025-02-01
2025,2,78,29,68639.41,2025-02-01
2025,2,79,19,58031.65,2025-02-01
2025,2,80,13,73248.52,2025-02-01
2025,2,81,23,57940.20,2025-02-01
2025,2,82,11,60282.77,2025-02-01
2025,2,83,13,67128.19,2025-02-01
2025,2,84,1,62048.16,2025-02-01
2025,2,85,28,70285.71,2025-02-01
2025,2,86,26,71120.33,2025-02-01
2025,2,87,25,65298.21,2025-02-01
2025,2,88,17,110727.61,2025-02-01
2025,2,89,24,56495.61,2025-02-01
2025,2,90,13,57771.94,2025-02-01
2025,2,91,12,60554.39,2025-02-01
2025,2,92,12,64299.89,2025-02-01
2025,2,93,30,77152.96,2025-02-01
2025,2,94,19,90481.25,2025-02-01
2025,2,95,14,77903.10,2025-02-01
2025,2,96,29,117231.25,2025-02-01
2025,2,97,24,72785.70,2025-02-01
2025,2,98,30,87594.03,2025-02-01
2025,2,99,30,71927.86,2025-02-01
2025,2,100,16,85954.54,2025-02-01
2025,2,101,26,95827.97,2025-02-01
2025,2,102,6,69084.24,2025-02-01
2025,2,103,20,120020.03,2025-02-01
2025,2,104,1,44713.28,2025-02-01
2025,2,105,18,108677.29,2025-02-01
2025,2,106,6,82844.91,2025-02-01
2025,2,107,18,43391.33,2025-02-01
2025,2,108,7,71733.35,2025-02-01
2025,2,109,12,87051.13,2025-02-01
2025,2,110,25,68197.26,2025-02-01
2025,2,111,8,49276.53,2025-02-01
2025,2,112,12,58656.14,2025-02-01
2025,2,113,30,51532.95,2025-02-01
2025,2,114,8,54681.41,2025-02-01
2025,2,115,10,101904.61,2025-02-01
2025,2,116,5,97308.44,2025-02-01
2025,2,117,23,111535.91,2025-02-01
2025,2,118,17,86271.34,2025-02-01
2025,2,119,26,75184.20,2025-02-01
2025,2,120,4,53518.86,2025-02-01
2025,2,121,3,78023.68,2025-02-01
2025,2,122,12,47989.05,2025-02-01
2025,2,123,29,88704.37,2025-02-01
2025,2,124,10,82593.69,2025-02-01
2025,2,125,12,79741.22,2025-02-01
2025,2,126,12,84621.98,2025-02-01
2025,2,127,7,55441.80,2025-02-01
2025,2,128,10,100411.20,2025-02-01
2025,2,129,29,80182.84,2025-02-01
2025,2,130,22,118306.29,2025-02-01
2025,2,131,10,74511.90,2025-02-01
2025,2,132,19,89113.29,2025-02-01
2025,2,133,8,68379.97,2025-02-01
2025,2,134,1,58783.93,2025-02-01
2025,2,135,26,84677.06,2025-02-01
2025,2,136,6,121818.19,2025-02-01
2025,2,137,10,68132.36,2025-02-01
2025,2,138,26,55749.42,2025-02-01
2025,2,139,9,103686.91,2025-02-01
2025,2,140,21,109750.35,2025-02-01
2025,2,141,3,60592.45,2025-02-01
2025,2,142,19,75311.62,2025-02-01
2025,2,143,2,54738.18,2025-02-01
2025,2,144,5,70037.10,2025-02-01
2025,2,145,29,58356.67,2025-02-01
2025,2,146,11,73106.68,2025-02-01
2025,2,147,12,84029.29,2025-02-01
2025,2,148,4,51553.94,2025-02-01
2025,2,149,19,96216.93,2025-02-01
2025,2,150,21,107214.38,2025-02-01
2025,2,151,29,63229.01,2025-02-01
2025,2,152,2,71611.01,2025-02-01
2025,2,153,18,41270.49,2025-02-01
2025,2,154,4,84359.52,2025-02-01
2025,2,155,1,72950.31,2025-02-01
2025,2,156,14,72756.24,2025-02-01
2025,2,157,10,92013.05,2025-02-01
2025,2,158,25,70245.46,2025-02-01
2025,2,159,13,80356.36,2025-02-01
2025,2,160,17,57474.64,2025-02-01
2025,2,161,7,46610.09,2025-02-01
2025,2,162,17,66819.28,2025-02-01
2025,2,163,17,66351.20,2025-02-01
2025,2,164,16,64578.34,2025-02-01
2025,2,165,1,86623.23,2025-02-01
2025,2,166,10,60267.08,2025-02-01
2025,2,167,26,56296.89,2025-02-01
2025,2,168,30,76998.21,2025-02-01
2025,2,169,15,91856.98,2025-02-01
2025,2,170,2,70977.57,2025-02-01
2025,2,171,17,74652.25,2025-02-01
2025,2,172,19,76677.94,2025-02-01
2025,2,173,13,83251.47,2025-02-01
2025,2,174,11,57637.28,2025-02-01
2025,2,175,20,85540.34,2025-02-01
2025,2,176,24,81111.73,2025-02-01
2025,2,177,16,70087.95,2025-02-01
2025,2,178,4,96338.53,2025-02-01
2025,2,179,26,105028.20,2025-02-01
2025,2,180,12,76201.70,2025-02-01
2025,2,181,6,61857.89,2025-02-01
2025,2,182,14,76274.92,2025-02-01
2025,2,183,22,50986.65,2025-02-01
2025,2,184,15,58166.41,2025-02-01
2025,2,185,6,82263.28,2025-02-01
2025,2,186,11,74695.25,2025-02-01
2025,2,187,2,63214.67,2025-02-01
2025,2,188,12,57078.13,2025-02-01
2025,2,189,21,110047.21,2025-02-01
2025,2,190,20,49705.29,2025-02-01
2025,2,191,18,72459.69,2025-02-01
2025,2,192,28,61175.60,2025-02-01
2025,2,193,5,60727.80,2025-02-01
2025,2,194,5,83383.81,2025-02-01
2025,2,195,14,57877.15,2025-02-01
2025,2,196,6,100361.91,2025-02-01
2025,2,197,11,68977.42,2025-02-01
2025,2,198,3,58267.45,2025-02-01
2025,2,199,19,59689.51,2025-02-01
2025,2,200,24,56184.21,2025-02-01
2025,3,1,9,73342.38,2025-03-01
2025,3,2,9,58829.57,2025-03-01
2025,3,3,12,115599.38,2025-03-01
2025,3,4,11,90416.84,2025-03-01
2025,3,5,27,114710.81,2025-03-01
2025,3,6,20,106194.63,2025-03-01
2025,3,7,7,95723.67,2025-03-01
2025,3,8,29,93100.77,2025-03-01
2025,3,9,3,82794.01,2025-03-01
2025,3,10,8,80724.62,2025-03-01
2025,3,11,23,50148.39,2025-03-01
2025,3,12,15,112188.76,2025-03-01
2025,3,13,11,120515.42,2025-03-01
2025,3,14,14,58444.18,2025-03-01
2025,3,15,4,111317.16,2025-03-01
2025,3,16,1,42959.40,2025-03-01
2025,3,17,4,68068.47,2025-03-01
2025,3,18,24,90465.49,2025-03-01
2025,3,19,7,70815.00,2025-03-01
2025,3,20,22,118041.02,2025-03-01
2025,3,21,9,92542.94,2025-03-01
2025,3,22,23,90610.91,2025-03-01
2025,3,23,27,42591.32,2025-03-01
2025,3,24,23,81830.17,2025-03-01
2025,3,25,10,60480.27,2025-03-01
2025,3,26,28,78031.25,2025-03-01
2025,3,27,27,69007.19,2025-03-01
2025,3,28,12,62941.44,2025-03-01
2025,3,29,6,131494.21,2025-03-01
2025,3,30,5,118572.59,2025-03-01
2025,3,31,7,93225.63,2025-03-01
2025,3,32,12,64908.82,2025-03-01
2025,3,33,14,54055.76,2025-03-01
2025,3,34,1,103954.85,2025-03-01
2025,3,35,15,57125.50,2025-03-01
2025,3,36,5,76626.93,2025-03-01
2025,3,37,27,82807.50,2025-03-01
2025,3,38,18,127171.44,2025-03-01
2025,3,39,19,63660.10,2025-03-01
2025,3,40,23,81294.86,2025-03-01
2025,3,41,25,54385.86,2025-03-01
2025,3,42,28,71075.17,2025-03-01
2025,3,43,13,109872.25,2025-03-01
2025,3,44,22,89900.51,2025-03-01
2025,3,45,30,109363.71,2025-03-01
2025,3,46,12,108693.44,2025-03-01
2025,3,47,30,60591.17,2025-03-01
2025,3,48,12,89069.90,2025-03-01
2025,3,49,3,87312.85,2025-03-01
2025,3,50,11,67875.07,2025-03-01
2025,3,51,25,64389.63,2025-03-01
2025,3,52,16,93848.89,2025-03-01
2025,3,53,13,57247.34,2025-03-01
2025,3,54,15,46768.62,2025-03-01
2025,3,55,6,54619.84,2025-03-01
2025,3,56,29,106585.16,2025-03-01
2025,3,57,13,123845.22,2025-03-01
2025,3,58,25,100829.03,2025-03-01
2025,3,59,17,73526.21,2025-03-01
2025,3,60,8,84230.06,2025-03-01
2025,3,61,28,124318.28,2025-03-01
2025,3,62,21,67963.38,2025-03-01
2025,3,63,16,127945.79,2025-03-01
2025,3,64,29,66242.91,2025-03-01
2025,3,65,19,81350.62,2025-03-01
2025,3,66,23,85522.47,2025-03-01
2025,3,67,13,64562.81,2025-03-01
2025,3,68,12,92334.81,2025-03-01
2025,3,69,6,42677.01,2025-03-01
2025,3,70,3,88265.92,2025-03-01
2025,3,71,4,97203.85,2025-03-01
2025,3,72,27,48805.61,2025-03-01
2025,3,73,1,64349.85,2025-03-01
2025,3,74,2,78223.52,2025-03-01
2025,3,75,30,88299.69,2025-03-01
2025,3,76,3,83864.40,2025-03-01
2025,3,77,2,77341.73,2025-03-01
2025,3,78,29,85427.93,2025-03-01
2025,3,79,19,77915.08,2025-03-01
2025,3,80,13,83088.17,2025-03-01
2025,3,81,23,65425.12,2025-03-01
2025,3,82,11,97096.04,2025-03-01
2025,3,83,13,85399.85,2025-03-01
2025,3,84,1,51341.59,2025-03-01
2025,3,85,28,73092.60,2025-03-01
2025,3,86,26,101149.31,2025-03-01
2025,3,87,25,74389.73,2025-03-01
2025,3,88,17,93382.20,2025-03-01
2025,3,89,24,65375.16,2025-03-01
2025,3,90,13,72699.22,2025-03-01
2025,3,91,12,55002.02,2025-03-01
2025,3,92,12,64056.91,2025-03-01
2025,3,93,30,103869.00,2025-03-01
2025,3,94,19,74943.33,2025-03-01
2025,3,95,14,81535.65,2025-03-01
2025,3,96,29,87602.99,2025-03-01
2025,3,97,24,84474.49,2025-03-01
2025,3,98,30,60812.99,2025-03-01
2025,3,99,30,95207.91,2025-03-01
2025,3,100,16,59059.35,2025-03-01
2025,3,101,26,125344.61,2025-03-01
2025,3,102,6,106101.96,2025-03-01
2025,3,103,20,109654.49,2025-03-01
2025,3,104,1,74325.28,2025-03-01
2025,3,105,18,66464.78,2025-03-01
2025,3,106,6,98330.32,2025-03-01
2025,3,107,18,51088.63,2025-03-01
2025,3,108,7,66343.51,2025-03-01
2025,3,109,12,77583.75,2025-03-01
2025,3,110,25,93528.63,2025-03-01
2025,3,111,8,48690.87,2025-03-01
2025,3,112,12,62506.01,2025-03-01
2025,3,113,30,48956.44,2025-03-01
2025,3,114,8,69079.60,2025-03-01
2025,3,115,10,99983.76,2025-03-01
2025,3,116,5,79241.18,2025-03-01
2025,3,117,23,119805.01,2025-03-01
2025,3,118,17,98277.34,2025-03-01
2025,3,119,26,65673.96,2025-03-01
2025,3,120,4,51200.39,2025-03-01
2025,3,121,3,94551.44,2025-03-01
2025,3,122,12,44563.48,2025-03-01
2025,3,123,29,71628.74,2025-03-01
2025,3,124,10,91171.74,2025-03-01
2025,3,125,12,80443.43,2025-03-01
2025,3,126,12,57158.01,2025-03-01
2025,3,127,7,59869.71,2025-03-01
2025,3,128,10,125173.93,2025-03-01
2025,3,129,29,94599.58,2025-03-01
2025,3,130,22,86822.71,2025-03-01
2025,3,131,10,71454.11,2025-03-01
2025,3,132,19,71578.85,2025-03-01
2025,3,133,8,60437.91,2025-03-01
2025,3,134,1,91686.56,2025-03-01
2025,3,135,26,78578.33,2025-03-01
2025,3,136,6,105189.12,2025-03-01
2025,3,137,10,66011.28,2025-03-01
2025,3,138,26,88226.87,2025-03-01
2025,3,139,9,120478.33,2025-03-01
2025,3,140,21,114402.92,2025-03-01
2025,3,141,3,58819.12,2025-03-01
2025,3,142,19,84327.04,2025-03-01
2025,3,143,2,80252.12,2025-03-01
2025,3,144,5,108108.34,2025-03-01
2025,3,145,29,41484.93,2025-03-01
2025,3,146,11,105287.12,2025-03-01
2025,3,147,12,110091.67,2025-03-01
2025,3,148,4,67176.79,2025-03-01
2025,3,149,19,101000.03,2025-03-01
2025,3,150,21,131847.32,2025-03-01
2025,3,151,29,76420.38,2025-03-01
2025,3,152,2,106912.32,2025-03-01
2025,3,153,18,67812.41,2025-03-01
2025,3,154,4,83807.58,2025-03-01
2025,3,155,1,100471.40,2025-03-01
2025,3,156,14,86659.95,2025-03-01
2025,3,157,10,68658.56,2025-03-01
2025,3,158,25,59628.47,2025-03-01
2025,3,159,13,83276.05,2025-03-01
2025,3,160,17,43953.18,2025-03-01
2025,3,161,7,78697.59,2025-03-01
2025,3,162,17,72627.61,2025-03-01
2025,3,163,17,85782.99,2025-03-01
2025,3,164,16,89524.93,2025-03-01
2025,3,165,1,70569.67,2025-03-01
2025,3,166,10,59446.64,2025-03-01
2025,3,167,26,50965.90,2025-03-01
2025,3,168,30,73642.43,2025-03-01
2025,3,169,15,82260.47,2025-03-01
2025,3,170,2,68278.63,2025-03-01
2025,3,171,17,73647.74,2025-03-01
2025,3,172,19,63195.21,2025-03-01
2025,3,173,13,89237.04,2025-03-01
2025,3,174,11,66191.21,2025-03-01
2025,3,175,20,129537.57,2025-03-01
2025,3,176,24,85132.60,2025-03-01
2025,3,177,16,96955.17,2025-03-01
2025,3,178,4,92049.21,2025-03-01
2025,3,179,26,81952.56,2025-03-01
2025,3,180,12,81695.08,2025-03-01
2025,3,181,6,49319.71,2025-03-01
2025,3,182,14,74520.28,2025-03-01
2025,3,183,22,88811.85,2025-03-01
2025,3,184,15,77489.72,2025-03-01
2025,3,185,6,74985.78,2025-03-01
2025,3,186,11,116102.20,2025-03-01
2025,3,187,2,68269.31,2025-03-01
2025,3,188,12,76025.00,2025-03-01
2025,3,189,21,100367.62,2025-03-01
2025,3,190,20,65540.18,2025-03-01
2025,3,191,18,85621.26,2025-03-01
2025,3,192,28,77731.39,2025-03-01
2025,3,193,5,48533.59,2025-03-01
2025,3,194,5,94988.51,2025-03-01
2025,3,195,14,72603.21,2025-03-01
2025,3,196,6,85485.84,2025-03-01
2025,3,197,11,98842.89,2025-03-01
2025,3,198,3,78706.32,2025-03-01
2025,3,199,19,58072.67,2025-03-01
2025,3,200,24,56142.04,2025-03-01
2025,4,1,9,76825.27,2025-04-01
2025,4,2,9,64373.20,2025-04-01
2025,4,3,12,118243.70,2025-04-01
2025,4,4,11,84843.88,2025-04-01
2025,4,5,27,103349.70,2025-04-01
2025,4,6,20,99951.53,2025-04-01
2025,4,7,7,86909.25,2025-04-01
2025,4,8,29,77318.45,2025-04-01
2025,4,9,3,120074.90,2025-04-01
2025,4,10,8,88444.98,2025-04-01
2025,4,11,23,72331.03,2025-04-01
2025,4,12,15,102915.41,2025-04-01
2025,4,13,11,118041.88,2025-04-01
2025,4,14,14,65631.95,2025-04-01
2025,4,15,4,81958.16,2025-04-01
2025,4,16,1,72104.34,2025-04-01
2025,4,17,4,70154.70,2025-04-01
2025,4,18,24,80185.33,2025-04-01
2025,4,19,7,79368.90,2025-04-01
2025,4,20,22,117362.50,2025-04-01
2025,4,21,9,91348.47,2025-04-01
2025,4,22,23,74039.26,2025-04-01
2025,4,23,27,50727.40,2025-04-01
2025,4,24,23,81354.34,2025-04-01
2025,4,25,10,73306.13,2025-04-01
2025,4,26,28,71552.21,2025-04-01
2025,4,27,27,66143.97,2025-04-01
2025,4,28,12,59634.99,2025-04-01
2025,4,29,6,79570.39,2025-04-01
2025,4,30,5,113944.15,2025-04-01
2025,4,31,7,75706.21,2025-04-01
2025,4,32,12,55385.81,2025-04-01
2025,4,33,14,67469.13,2025-04-01
2025,4,34,1,129255.63,2025-04-01
2025,4,35,15,48408.95,2025-04-01
2025,4,36,5,99182.42,2025-04-01
2025,4,37,27,76906.96,2025-04-01
2025,4,38,18,89829.15,2025-04-01
2025,4,39,19,66302.68,2025-04-01
2025,4,40,23,82737.51,2025-04-01
2025,4,41,25,64929.12,2025-04-01
2025,4,42,28,66955.51,2025-04-01
2025,4,43,13,106506.58,2025-04-01
2025,4,44,22,112032.70,2025-04-01
2025,4,45,30,125434.23,2025-04-01
2025,4,46,12,100573.21,2025-04-01
2025,4,47,30,58915.66,2025-04-01
2025,4,48,12,87454.29,2025-04-01
2025,4,49,3,64923.80,2025-04-01
2025,4,50,11,98018.69,2025-04-01
2025,4,51,25,92242.38,2025-04-01
2025,4,52,16,58153.14,2025-04-01
2025,4,53,13,58427.32,2025-04-01
2025,4,54,15,46448.57,2025-04-01
2025,4,55,6,68424.50,2025-04-01
2025,4,56,29,120156.07,2025-04-01
2025,4,57,13,123657.06,2025-04-01
2025,4,58,25,126197.53,2025-04-01
2025,4,59,17,74568.71,2025-04-01
2025,4,60,8,89827.64,2025-04-01
2025,4,61,28,127563.92,2025-04-01
2025,4,62,21,74541.37,2025-04-01
2025,4,63,16,97011.82,2025-04-01
2025,4,64,29,60895.09,2025-04-01
2025,4,65,19,113183.48,2025-04-01
2025,4,66,23,71235.87,2025-04-01
2025,4,67,13,62057.87,2025-04-01
2025,4,68,12,99853.87,2025-04-01
2025,4,69,6,66417.46,2025-04-01
2025,4,70,3,85690.87,2025-04-01
2025,4,71,4,110586.87,2025-04-01
2025,4,72,27,47474.69,2025-04-01
2025,4,73,1,96305.28,2025-04-01
2025,4,74,2,58497.59,2025-04-01
2025,4,75,30,84129.60,2025-04-01
2025,4,76,3,124455.97,2025-04-01
2025,4,77,2,78707.35,2025-04-01
2025,4,78,29,64446.50,2025-04-01
2025,4,79,19,79821.20,2025-04-01
2025,4,80,13,88133.58,2025-04-01
2025,4,81,23,67507.63,2025-04-01
2025,4,82,11,99621.46,2025-04-01
2025,4,83,13,78335.47,2025-04-01
2025,4,84,1,77736.08,2025-04-01
2025,4,85,28,54124.59,2025-04-01
2025,4,86,26,72134.34,2025-04-01
2025,4,87,25,83277.99,2025-04-01
2025,4,88,17,117898.32,2025-04-01
2025,4,89,24,51335.50,2025-04-01
2025,4,90,13,84607.40,2025-04-01
2025,4,91,12,66089.62,2025-04-01
2025,4,92,12,86486.11,2025-04-01
2025,4,93,30,117398.46,2025-04-01
2025,4,94,19,67925.08,2025-04-01
2025,4,95,14,116711.94,2025-04-01
2025,4,96,29,72707.14,2025-04-01
2025,4,97,24,84832.43,2025-04-01
2025,4,98,30,77246.79,2025-04-01
2025,4,99,30,92944.08,2025-04-01
2025,4,100,16,63208.56,2025-04-01
2025,4,101,26,80880.85,2025-04-01
2025,4,102,6,85400.92,2025-04-01
2025,4,103,20,88975.89,2025-04-01
2025,4,104,1,65718.04,2025-04-01
2025,4,105,18,113872.33,2025-04-01
2025,4,106,6,117576.73,2025-04-01
2025,4,107,18,51651.14,2025-04-01
2025,4,108,7,85098.16,2025-04-01
2025,4,109,12,122137.49,2025-04-01
2025,4,110,25,84858.09,2025-04-01
2025,4,111,8,58998.75,2025-04-01
2025,4,112,12,88455.38,2025-04-01
2025,4,113,30,51605.48,2025-04-01
2025,4,114,8,86199.10,2025-04-01
2025,4,115,10,74803.47,2025-04-01
2025,4,116,5,89662.03,2025-04-01
2025,4,117,23,113959.42,2025-04-01
2025,4,118,17,84661.19,2025-04-01
2025,4,119,26,59774.77,2025-04-01
2025,4,120,4,49569.59,2025-04-01
2025,4,121,3,86257.44,2025-04-01
2025,4,122,12,57916.36,2025-04-01
2025,4,123,29,78851.64,2025-04-01
2025,4,124,10,97435.23,2025-04-01
2025,4,125,12,90639.17,2025-04-01
2025,4,126,12,99416.90,2025-04-01
2025,4,127,7,61649.35,2025-04-01
2025,4,128,10,124759.04,2025-04-01
2025,4,129,29,84852.57,2025-04-01
2025,4,130,22,105104.92,2025-04-01
2025,4,131,10,93628.67,2025-04-01
2025,4,132,19,78626.83,2025-04-01
2025,4,133,8,84556.94,2025-04-01
2025,4,134,1,76927.46,2025-04-01
2025,4,135,26,71999.89,2025-04-01
2025,4,136,6,83327.86,2025-04-01
2025,4,137,10,99798.70,2025-04-01
2025,4,138,26,87819.26,2025-04-01
2025,4,139,9,93447.18,2025-04-01
2025,4,140,21,82702.77,2025-04-01
2025,4,141,3,61926.97,2025-04-01
2025,4,142,19,72096.98,2025-04-01
2025,4,143,2,59427.45,2025-04-01
2025,4,144,5,93332.23,2025-04-01
2025,4,145,29,48354.43,2025-04-01
2025,4,146,11,76785.69,2025-04-01
2025,4,147,12,77770.80,2025-04-01
2025,4,148,4,68328.46,2025-04-01
2025,4,149,19,99165.29,2025-04-01
2025,4,150,21,102933.88,2025-04-01
2025,4,151,29,98434.10,2025-04-01
2025,4,152,2,114406.58,2025-04-01
2025,4,153,18,68334.95,2025-04-01
2025,4,154,4,67438.64,2025-04-01
2025,4,155,1,80111.67,2025-04-01
2025,4,156,14,74822.62,2025-04-01
2025,4,157,10,85153.47,2025-04-01
2025,4,158,25,80356.27,2025-04-01
2025,4,159,13,69421.22,2025-04-01
2025,4,160,17,77723.21,2025-04-01
2025,4,161,7,71855.88,2025-04-01
2025,4,162,17,74831.39,2025-04-01
2025,4,163,17,68564.07,2025-04-01
2025,4,164,16,91859.73,2025-04-01
2025,4,165,1,93712.58,2025-04-01
2025,4,166,10,91477.33,2025-04-01
2025,4,167,26,54028.01,2025-04-01
2025,4,168,30,80177.06,2025-04-01
2025,4,169,15,89221.97,2025-04-01
2025,4,170,2,89518.57,2025-04-01
2025,4,171,17,80742.57,2025-04-01
2025,4,172,19,94666.04,2025-04-01
2025,4,173,13,89791.76,2025-04-01
2025,4,174,11,70816.71,2025-04-01
2025,4,175,20,114357.99,2025-04-01
2025,4,176,24,66820.80,2025-04-01
2025,4,177,16,71764.65,2025-04-01
2025,4,178,4,120393.17,2025-04-01
2025,4,179,26,100512.21,2025-04-01
2025,4,180,12,73043.66,2025-04-01
2025,4,181,6,79001.89,2025-04-01
2025,4,182,14,110050.63,2025-04-01
2025,4,183,22,63810.59,2025-04-01
2025,4,184,15,63121.69,2025-04-01
2025,4,185,6,83881.05,2025-04-01
2025,4,186,11,133731.00,2025-04-01
2025,4,187,2,74368.68,2025-04-01
2025,4,188,12,58700.22,2025-04-01
2025,4,189,21,126242.71,2025-04-01
2025,4,190,20,53884.33,2025-04-01
2025,4,191,18,97451.46,2025-04-01
2025,4,192,28,64511.77,2025-04-01
2025,4,193,5,52452.43,2025-04-01
2025,4,194,5,83357.59,2025-04-01
2025,4,195,14,51040.54,2025-04-01
2025,4,196,6,126034.70,2025-04-01
2025,4,197,11,95106.90,2025-04-01
2025,4,198,3,62367.05,2025-04-01
2025,4,199,19,68753.03,2025-04-01
2025,4,200,24,73020.26,2025-04-01
2025,5,1,9,87670.24,2025-05-01
2025,5,2,9,70172.78,2025-05-01
2025,5,3,12,106558.56,2025-05-01
2025,5,4,11,94994.59,2025-05-01
2025,5,5,27,95025.90,2025-05-01
2025,5,6,20,128761.17,2025-05-01
2025,5,7,7,124404.95,2025-05-01
2025,5,8,29,77253.52,2025-05-01
2025,5,9,3,103166.10,2025-05-01
2025,5,10,8,96160.38,2025-05-01
2025,5,11,23,48806.72,2025-05-01
2025,5,12,15,112477.81,2025-05-01
2025,5,13,11,127759.11,2025-05-01
2025,5,14,14,76724.53,2025-05-01
2025,5,15,4,104281.82,2025-05-01
2025,5,16,1,46705.96,2025-05-01
2025,5,17,4,75554.65,2025-05-01
2025,5,18,24,109357.44,2025-05-01
2025,5,19,7,95772.84,2025-05-01
2025,5,20,22,98892.91,2025-05-01
2025,5,21,9,72899.78,2025-05-01
2025,5,22,23,68821.32,2025-05-01
2025,5,23,27,73421.37,2025-05-01
2025,5,24,23,94045.78,2025-05-01
2025,5,25,10,76386.99,2025-05-01
2025,5,26,28,81167.14,2025-05-01
2025,5,27,27,64914.82,2025-05-01
2025,5,28,12,56470.57,2025-05-01
2025,5,29,6,115169.70,2025-05-01
2025,5,30,5,89758.96,2025-05-01
2025,5,31,7,65680.36,2025-05-01
2025,5,32,12,76402.82,2025-05-01
2025,5,33,14,81833.04,2025-05-01
2025,5,34,1,91285.98,2025-05-01
2025,5,35,15,50490.72,2025-05-01
2025,5,36,5,127742.22,2025-05-01
2025,5,37,27,59146.15,2025-05-01
2025,5,38,18,122505.66,2025-05-01
2025,5,39,19,91988.12,2025-05-01
2025,5,40,23,72839.71,2025-05-01
2025,5,41,25,62264.68,2025-05-01
2025,5,42,28,74629.61,2025-05-01
2025,5,43,13,102982.30,2025-05-01
2025,5,44,22,72425.51,2025-05-01
2025,5,45,30,96532.60,2025-05-01
2025,5,46,12,122146.91,2025-05-01
2025,5,47,30,72036.62,2025-05-01
2025,5,48,12,85386.49,2025-05-01
2025,5,49,3,98653.56,2025-05-01
2025,5,50,11,85494.44,2025-05-01
2025,5,51,25,62762.86,2025-05-01
2025,5,52,16,87971.76,2025-05-01
2025,5,53,13,55854.19,2025-05-01
2025,5,54,15,61651.98,2025-05-01
2025,5,55,6,50275.50,2025-05-01
2025,5,56,29,140253.62,2025-05-01
2025,5,57,13,121571.59,2025-05-01
2025,5,58,25,113283.42,2025-05-01
2025,5,59,17,92663.44,2025-05-01
2025,5,60,8,78093.81,2025-05-01
2025,5,61,28,141253.06,2025-05-01
2025,5,62,21,93201.20,2025-05-01
2025,5,63,16,85907.82,2025-05-01
2025,5,64,29,59706.71,2025-05-01
2025,5,65,19,124168.21,2025-05-01
2025,5,66,23,89627.57,2025-05-01
2025,5,67,13,45014.41,2025-05-01
2025,5,68,12,103724.68,2025-05-01
2025,5,69,6,58043.47,2025-05-01
2025,5,70,3,120934.46,2025-05-01
2025,5,71,4,97949.18,2025-05-01
2025,5,72,27,77728.69,2025-05-01
2025,5,73,1,93052.28,2025-05-01
2025,5,74,2,65686.41,2025-05-01
2025,5,75,30,63817.03,2025-05-01
2025,5,76,3,121657.97,2025-05-01
2025,5,77,2,82021.18,2025-05-01
2025,5,78,29,90691.49,2025-05-01
2025,5,79,19,72180.32,2025-05-01
2025,5,80,13,63304.40,2025-05-01
2025,5,81,23,53002.07,2025-05-01
2025,5,82,11,81365.84,2025-05-01
2025,5,83,13,86585.10,2025-05-01
2025,5,84,1,62304.12,2025-05-01
2025,5,85,28,59576.89,2025-05-01
2025,5,86,26,57862.43,2025-05-01
2025,5,87,25,104951.95,2025-05-01
2025,5,88,17,122071.03,2025-05-01
2025,5,89,24,70541.59,2025-05-01
2025,5,90,13,92228.73,2025-05-01
2025,5,91,12,56973.22,2025-05-01
2025,5,92,12,71615.06,2025-05-01
2025,5,93,30,94413.47,2025-05-01
2025,5,94,19,71726.41,2025-05-01
2025,5,95,14,125455.08,2025-05-01
2025,5,96,29,101902.37,2025-05-01
2025,5,97,24,64639.49,2025-05-01
2025,5,98,30,65345.91,2025-05-01
2025,5,99,30,65043.18,2025-05-01
2025,5,100,16,80451.97,2025-05-01
2025,5,101,26,122955.06,2025-05-01
2025,5,102,6,96326.38,2025-05-01
2025,5,103,20,123971.12,2025-05-01
2025,5,104,1,72977.98,2025-05-01
2025,5,105,18,85228.21,2025-05-01
2025,5,106,6,94069.20,2025-05-01
2025,5,107,18,64342.91,2025-05-01
2025,5,108,7,79369.80,2025-05-01
2025,5,109,12,93141.29,2025-05-01
2025,5,110,25,85025.87,2025-05-01
2025,5,111,8,56185.18,2025-05-01
2025,5,112,12,96946.48,2025-05-01
2025,5,113,30,75297.19,2025-05-01
2025,5,114,8,59576.90,2025-05-01
2025,5,115,10,117365.52,2025-05-01
2025,5,116,5,93063.66,2025-05-01
2025,5,117,23,82752.84,2025-05-01
2025,5,118,17,82718.04,2025-05-01
2025,5,119,26,81654.37,2025-05-01
2025,5,120,4,62519.50,2025-05-01
2025,5,121,3,93538.49,2025-05-01
2025,5,122,12,75100.98,2025-05-01
2025,5,123,29,91805.08,2025-05-01
2025,5,124,10,110051.26,2025-05-01
2025,5,125,12,80726.75,2025-05-01
2025,5,126,12,76216.89,2025-05-01
2025,5,127,7,59604.77,2025-05-01
2025,5,128,10,101739.27,2025-05-01
2025,5,129,29,88275.39,2025-05-01
2025,5,130,22,89405.99,2025-05-01
2025,5,131,10,73934.97,2025-05-01
2025,5,132,19,69393.59,2025-05-01
2025,5,133,8,98249.91,2025-05-01
2025,5,134,1,73155.66,2025-05-01
2025,5,135,26,79197.32,2025-05-01
2025,5,136,6,99188.92,2025-05-01
2025,5,137,10,77429.99,2025-05-01
2025,5,138,26,103283.10,2025-05-01
2025,5,139,9,68553.83,2025-05-01
2025,5,140,21,81622.45,2025-05-01
2025,5,141,3,57085.89,2025-05-01
2025,5,142,19,88168.59,2025-05-01
2025,5,143,2,82285.68,2025-05-01
2025,5,144,5,81480.10,2025-05-01
2025,5,145,29,76827.16,2025-05-01
2025,5,146,11,81562.32,2025-05-01
2025,5,147,12,111434.18,2025-05-01
2025,5,148,4,59184.48,2025-05-01
2025,5,149,19,77699.62,2025-05-01
2025,5,150,21,111777.51,2025-05-01
2025,5,151,29,92066.05,2025-05-01
2025,5,152,2,117819.66,2025-05-01
2025,5,153,18,49095.87,2025-05-01
2025,5,154,4,99738.92,2025-05-01
2025,5,155,1,133270.68,2025-05-01
2025,5,156,14,92863.11,2025-05-01
2025,5,157,10,113293.00,2025-05-01
2025,5,158,25,58503.50,2025-05-01
2025,5,159,13,63282.74,2025-05-01
2025,5,160,17,77195.56,2025-05-01
2025,5,161,7,55318.48,2025-05-01
2025,5,162,17,121321.08,2025-05-01
2025,5,163,17,92936.58,2025-05-01
2025,5,164,16,84839.83,2025-05-01
2025,5,165,1,85352.67,2025-05-01
2025,5,166,10,60462.22,2025-05-01
2025,5,167,26,66838.01,2025-05-01
2025,5,168,30,75143.87,2025-05-01
2025,5,169,15,113804.44,2025-05-01
2025,5,170,2,91939.92,2025-05-01
2025,5,171,17,94207.90,2025-05-01
2025,5,172,19,73128.77,2025-05-01
2025,5,173,13,81076.85,2025-05-01
2025,5,174,11,65354.72,2025-05-01
2025,5,175,20,132495.64,2025-05-01
2025,5,176,24,85994.36,2025-05-01
2025,5,177,16,69261.56,2025-05-01
2025,5,178,4,108605.48,2025-05-01
2025,5,179,26,98935.18,2025-05-01
2025,5,180,12,91107.85,2025-05-01
2025,5,181,6,62164.04,2025-05-01
2025,5,182,14,124777.30,2025-05-01
2025,5,183,22,97899.39,2025-05-01
2025,5,184,15,67087.90,2025-05-01
2025,5,185,6,84477.09,2025-05-01
2025,5,186,11,134591.21,2025-05-01
2025,5,187,2,75494.54,2025-05-01
2025,5,188,12,46925.00,2025-05-01
2025,5,189,21,129481.38,2025-05-01
2025,5,190,20,53013.07,2025-05-01
2025,5,191,18,106150.98,2025-05-01
2025,5,192,28,60302.38,2025-05-01
2025,5,193,5,74716.02,2025-05-01
2025,5,194,5,103070.33,2025-05-01
2025,5,195,14,60940.41,2025-05-01
2025,5,196,6,108590.99,2025-05-01
2025,5,197,11,95407.63,2025-05-01
2025,5,198,3,57286.78,2025-05-01
2025,5,199,19,91918.39,2025-05-01
2025,5,200,24,88025.96,2025-05-01
2025,6,1,9,67340.38,2025-06-01
2025,6,2,9,48873.34,2025-06-01
2025,6,3,12,88273.13,2025-06-01
2025,6,4,11,112717.17,2025-06-01
2025,6,5,27,130309.69,2025-06-01
2025,6,6,20,117572.88,2025-06-01
2025,6,7,7,101726.11,2025-06-01
2025,6,8,29,71848.63,2025-06-01
2025,6,9,3,125513.34,2025-06-01
2025,6,10,8,99220.98,2025-06-01
2025,6,11,23,72121.69,2025-06-01
2025,6,12,15,100573.70,2025-06-01
2025,6,13,11,104556.80,2025-06-01
2025,6,14,14,72658.27,2025-06-01
2025,6,15,4,114514.41,2025-06-01
2025,6,16,1,58583.09,2025-06-01
2025,6,17,4,76024.92,2025-06-01
2025,6,18,24,111241.93,2025-06-01
2025,6,19,7,90648.18,2025-06-01
2025,6,20,22,126477.56,2025-06-01
2025,6,21,9,87697.04,2025-06-01
2025,6,22,23,59591.49,2025-06-01
2025,6,23,27,64826.78,2025-06-01
2025,6,24,23,92930.12,2025-06-01
2025,6,25,10,55642.97,2025-06-01
2025,6,26,28,106772.66,2025-06-01
2025,6,27,27,62946.85,2025-06-01
2025,6,28,12,53607.26,2025-06-01
2025,6,29,6,90939.59,2025-06-01
2025,6,30,5,79257.09,2025-06-01
2025,6,31,7,59241.55,2025-06-01
2025,6,32,12,68263.64,2025-06-01
2025,6,33,14,66777.06,2025-06-01
2025,6,34,1,87437.80,2025-06-01
2025,6,35,15,83831.13,2025-06-01
2025,6,36,5,121880.07,2025-06-01
2025,6,37,27,83414.07,2025-06-01
2025,6,38,18,138205.94,2025-06-01
2025,6,39,19,82186.59,2025-06-01
2025,6,40,23,76764.94,2025-06-01
2025,6,41,25,93675.10,2025-06-01
2025,6,42,28,49726.00,2025-06-01
2025,6,43,13,76064.22,2025-06-01
2025,6,44,22,98285.63,2025-06-01
2025,6,45,30,141923.80,2025-06-01
2025,6,46,12,129027.27,2025-06-01
2025,6,47,30,55957.91,2025-06-01
2025,6,48,12,72390.35,2025-06-01
2025,6,49,3,74706.87,2025-06-01
2025,6,50,11,97150.48,2025-06-01
2025,6,51,25,77839.50,2025-06-01
2025,6,52,16,87134.18,2025-06-01
2025,6,53,13,56308.73,2025-06-01
2025,6,54,15,59200.21,2025-06-01
2025,6,55,6,68799.42,2025-06-01
2025,6,56,29,140087.43,2025-06-01
2025,6,57,13,140521.80,2025-06-01
2025,6,58,25,111987.28,2025-06-01
2025,6,59,17,95569.07,2025-06-01
2025,6,60,8,69511.97,2025-06-01
2025,6,61,28,119554.38,2025-06-01
2025,6,62,21,99785.41,2025-06-01
2025,6,63,16,99422.80,2025-06-01
2025,6,64,29,59458.71,2025-06-01
2025,6,65,19,133791.23,2025-06-01
2025,6,66,23,70187.05,2025-06-01
2025,6,67,13,45707.76,2025-06-01
2025,6,68,12,81356.14,2025-06-01
2025,6,69,6,50430.27,2025-06-01
2025,6,70,3,99857.44,2025-06-01
2025,6,71,4,70180.47,2025-06-01
2025,6,72,27,64843.86,2025-06-01
2025,6,73,1,94606.76,2025-06-01
2025,6,74,2,57815.94,2025-06-01
2025,6,75,30,55874.26,2025-06-01
2025,6,76,3,147367.79,2025-06-01
2025,6,77,2,99535.94,2025-06-01
2025,6,78,29,68482.85,2025-06-01
2025,6,79,19,58522.22,2025-06-01
2025,6,80,13,90088.50,2025-06-01
2025,6,81,23,85232.31,2025-06-01
2025,6,82,11,87638.23,2025-06-01
2025,6,83,13,78606.34,2025-06-01
2025,6,84,1,64349.30,2025-06-01
2025,6,85,28,64473.28,2025-06-01
2025,6,86,26,81560.16,2025-06-01
2025,6,87,25,96505.68,2025-06-01
2025,6,88,17,119560.09,2025-06-01
2025,6,89,24,83824.14,2025-06-01
2025,6,90,13,65145.59,2025-06-01
2025,6,91,12,51104.20,2025-06-01
2025,6,92,12,78357.12,2025-06-01
2025,6,93,30,95487.68,2025-06-01
2025,6,94,19,79821.68,2025-06-01
2025,6,95,14,89562.02,2025-06-01
2025,6,96,29,91308.06,2025-06-01
2025,6,97,24,69807.22,2025-06-01
2025,6,98,30,59851.22,2025-06-01
2025,6,99,30,65981.69,2025-06-01
2025,6,100,16,87923.93,2025-06-01
2025,6,101,26,82720.34,2025-06-01
2025,6,102,6,127528.84,2025-06-01
2025,6,103,20,130640.10,2025-06-01
2025,6,104,1,73828.45,2025-06-01
2025,6,105,18,95618.93,2025-06-01
2025,6,106,6,103684.96,2025-06-01
2025,6,107,18,51774.36,2025-06-01
2025,6,108,7,87473.17,2025-06-01
2025,6,109,12,88268.34,2025-06-01
2025,6,110,25,75606.92,2025-06-01
2025,6,111,8,54019.98,2025-06-01
2025,6,112,12,85462.88,2025-06-01
2025,6,113,30,60065.01,2025-06-01
2025,6,114,8,80913.63,2025-06-01
2025,6,115,10,100948.01,2025-06-01
2025,6,116,5,122002.71,2025-06-01
2025,6,117,23,115510.04,2025-06-01
2025,6,118,17,91088.36,2025-06-01
2025,6,119,26,64537.33,2025-06-01
2025,6,120,4,75540.14,2025-06-01
2025,6,121,3,70063.94,2025-06-01
2025,6,122,12,57756.87,2025-06-01
2025,6,123,29,64899.16,2025-06-01
2025,6,124,10,83106.41,2025-06-01
2025,6,125,12,83281.40,2025-06-01
2025,6,126,12,62302.53,2025-06-01
2025,6,127,7,52426.13,2025-06-01
2025,6,128,10,86531.72,2025-06-01
2025,6,129,29,81628.53,2025-06-01
2025,6,130,22,115443.63,2025-06-01
2025,6,131,10,73262.67,2025-06-01
2025,6,132,19,73200.42,2025-06-01
2025,6,133,8,99901.90,2025-06-01
2025,6,134,1,72092.80,2025-06-01
2025,6,135,26,83018.85,2025-06-01
2025,6,136,6,105912.96,2025-06-01
2025,6,137,10,63050.95,2025-06-01
2025,6,138,26,89845.61,2025-06-01
2025,6,139,9,83544.13,2025-06-01
2025,6,140,21,129006.58,2025-06-01
2025,6,141,3,54786.73,2025-06-01
2025,6,142,19,78664.46,2025-06-01
2025,6,143,2,60901.01,2025-06-01
2025,6,144,5,94087.01,2025-06-01
2025,6,145,29,76161.53,2025-06-01
2025,6,146,11,96009.42,2025-06-01
2025,6,147,12,142250.06,2025-06-01
2025,6,148,4,73756.19,2025-06-01
2025,6,149,19,91054.45,2025-06-01
2025,6,150,21,114841.78,2025-06-01
2025,6,151,29,64885.89,2025-06-01
2025,6,152,2,78955.52,2025-06-01
2025,6,153,18,66291.58,2025-06-01
2025,6,154,4,66644.02,2025-06-01
2025,6,155,1,121587.97,2025-06-01
2025,6,156,14,72844.43,2025-06-01
2025,6,157,10,119831.20,2025-06-01
2025,6,158,25,70952.93,2025-06-01
2025,6,159,13,78474.29,2025-06-01
2025,6,160,17,83739.17,2025-06-01
2025,6,161,7,71643.99,2025-06-01
2025,6,162,17,122440.22,2025-06-01
2025,6,163,17,62575.99,2025-06-01
2025,6,164,16,100029.23,2025-06-01
2025,6,165,1,65889.55,2025-06-01
2025,6,166,10,72482.98,2025-06-01
2025,6,167,26,55242.04,2025-06-01
2025,6,168,30,58638.00,2025-06-01
2025,6,169,15,73760.35,2025-06-01
2025,6,170,2,91593.19,2025-06-01
2025,6,171,17,68419.18,2025-06-01
2025,6,172,19,84453.90,2025-06-01
2025,6,173,13,108551.05,2025-06-01
2025,6,174,11,78779.04,2025-06-01
2025,6,175,20,101277.35,2025-06-01
2025,6,176,24,66034.34,2025-06-01
2025,6,177,16,97676.92,2025-06-01
2025,6,178,4,129132.40,2025-06-01
2025,6,179,26,124956.41,2025-06-01
2025,6,180,12,87610.24,2025-06-01
2025,6,181,6,60198.93,2025-06-01
2025,6,182,14,115730.68,2025-06-01
2025,6,183,22,90622.31,2025-06-01
2025,6,184,15,59318.24,2025-06-01
2025,6,185,6,96862.54,2025-06-01
2025,6,186,11,124050.87,2025-06-01
2025,6,187,2,71768.28,2025-06-01
2025,6,188,12,72105.04,2025-06-01
2025,6,189,21,108452.34,2025-06-01
2025,6,190,20,50363.57,2025-06-01
2025,6,191,18,68933.74,2025-06-01
2025,6,192,28,89332.04,2025-06-01
2025,6,193,5,51823.06,2025-06-01
2025,6,194,5,78839.17,2025-06-01
2025,6,195,14,67031.68,2025-06-01
2025,6,196,6,112144.59,2025-06-01
2025,6,197,11,111615.21,2025-06-01
2025,6,198,3,51428.37,2025-06-01
2025,6,199,19,73637.10,2025-06-01
2025,6,200,24,98912.72,2025-06-01
2025,7,1,9,87763.67,2025-07-01
2025,7,2,9,74286.85,2025-07-01
2025,7,3,12,101686.40,2025-07-01
2025,7,4,11,129777.71,2025-07-01
2025,7,5,27,119005.23,2025-07-01
2025,7,6,20,120058.97,2025-07-01
2025,7,7,7,85157.96,2025-07-01
2025,7,8,29,94630.26,2025-07-01
2025,7,9,3,80134.46,2025-07-01
2025,7,10,8,85134.59,2025-07-01
2025,7,11,23,61683.66,2025-07-01
2025,7,12,15,89725.70,2025-07-01
2025,7,13,11,101408.10,2025-07-01
2025,7,14,14,79842.50,2025-07-01
2025,7,15,4,83263.54,2025-07-01
2025,7,16,1,68564.39,2025-07-01
2025,7,17,4,60210.30,2025-07-01
2025,7,18,24,88756.92,2025-07-01
2025,7,19,7,90854.69,2025-07-01
2025,7,20,22,82016.81,2025-07-01
2025,7,21,9,97053.91,2025-07-01
2025,7,22,23,76587.67,2025-07-01
2025,7,23,27,57579.83,2025-07-01
2025,7,24,23,61694.71,2025-07-01
2025,7,25,10,75281.38,2025-07-01
2025,7,26,28,97684.14,2025-07-01
2025,7,27,27,82951.08,2025-07-01
2025,7,28,12,74638.39,2025-07-01
2025,7,29,6,83274.37,2025-07-01
2025,7,30,5,78450.02,2025-07-01
2025,7,31,7,90461.92,2025-07-01
2025,7,32,12,58931.44,2025-07-01
2025,7,33,14,77694.69,2025-07-01
2025,7,34,1,119063.86,2025-07-01
2025,7,35,15,71179.21,2025-07-01
2025,7,36,5,94451.70,2025-07-01
2025,7,37,27,70560.42,2025-07-01
2025,7,38,18,88773.91,2025-07-01
2025,7,39,19,99551.80,2025-07-01
2025,7,40,23,57173.91,2025-07-01
2025,7,41,25,93829.17,2025-07-01
2025,7,42,28,64208.97,2025-07-01
2025,7,43,13,83119.98,2025-07-01
2025,7,44,22,114810.24,2025-07-01
2025,7,45,30,93882.10,2025-07-01
2025,7,46,12,84487.49,2025-07-01
2025,7,47,30,56790.36,2025-07-01
2025,7,48,12,64931.71,2025-07-01
2025,7,49,3,76948.30,2025-07-01
2025,7,50,11,85996.02,2025-07-01
2025,7,51,25,92338.19,2025-07-01
2025,7,52,16,90961.30,2025-07-01
2025,7,53,13,69246.79,2025-07-01
2025,7,54,15,59911.61,2025-07-01
2025,7,55,6,73646.14,2025-07-01
2025,7,56,29,133251.32,2025-07-01
2025,7,57,13,77333.17,2025-07-01
2025,7,58,25,119147.95,2025-07-01
2025,7,59,17,79007.24,2025-07-01
2025,7,60,8,81872.61,2025-07-01
2025,7,61,28,130655.02,2025-07-01
2025,7,62,21,80452.07,2025-07-01
2025,7,63,16,134944.14,2025-07-01
2025,7,64,29,60656.09,2025-07-01
2025,7,65,19,109912.60,2025-07-01
2025,7,66,23,96104.73,2025-07-01
2025,7,67,13,53249.07,2025-07-01
2025,7,68,12,117235.58,2025-07-01
2025,7,69,6,60805.04,2025-07-01
2025,7,70,3,87760.63,2025-07-01
2025,7,71,4,81573.66,2025-07-01
2025,7,72,27,47570.75,2025-07-01
2025,7,73,1,55764.24,2025-07-01
2025,7,74,2,73817.21,2025-07-01
2025,7,75,30,82201.18,2025-07-01
2025,7,76,3,99423.09,2025-07-01
2025,7,77,2,105730.35,2025-07-01
2025,7,78,29,74752.55,2025-07-01
2025,7,79,19,85879.32,2025-07-01
2025,7,80,13,102787.89,2025-07-01
2025,7,81,23,43557.47,2025-07-01
2025,7,82,11,96744.89,2025-07-01
2025,7,83,13,67256.25,2025-07-01
2025,7,84,1,60381.18,2025-07-01
2025,7,85,28,56000.70,2025-07-01
2025,7,86,26,68164.39,2025-07-01
2025,7,87,25,108078.05,2025-07-01
2025,7,88,17,84990.31,2025-07-01
2025,7,89,24,49968.40,2025-07-01
2025,7,90,13,69300.97,2025-07-01
2025,7,91,12,47630.41,2025-07-01
2025,7,92,12,79121.72,2025-07-01
2025,7,93,30,69911.08,2025-07-01
2025,7,94,19,95080.79,2025-07-01
2025,7,95,14,104823.20,2025-07-01
2025,7,96,29,75386.81,2025-07-01
2025,7,97,24,67024.47,2025-07-01
2025,7,98,30,79879.47,2025-07-01
2025,7,99,30,61257.15,2025-07-01
2025,7,100,16,93909.08,2025-07-01
2025,7,101,26,103318.17,2025-07-01
2025,7,102,6,85631.04,2025-07-01
2025,7,103,20,117856.13,2025-07-01
2025,7,104,1,73275.17,2025-07-01
2025,7,105,18,75625.22,2025-07-01
2025,7,106,6,82914.49,2025-07-01
2025,7,107,18,62396.66,2025-07-01
2025,7,108,7,97057.72,2025-07-01
2025,7,109,12,77817.09,2025-07-01
2025,7,110,25,77627.42,2025-07-01
2025,7,111,8,68649.27,2025-07-01
2025,7,112,12,93335.26,2025-07-01
2025,7,113,30,78628.41,2025-07-01
2025,7,114,8,66031.92,2025-07-01
2025,7,115,10,84643.60,2025-07-01
2025,7,116,5,88466.09,2025-07-01
2025,7,117,23,125258.87,2025-07-01
2025,7,118,17,95508.40,2025-07-01
2025,7,119,26,73236.25,2025-07-01
2025,7,120,4,69425.28,2025-07-01
2025,7,121,3,84901.04,2025-07-01
2025,7,122,12,68376.97,2025-07-01
2025,7,123,29,59238.32,2025-07-01
2025,7,124,10,76795.73,2025-07-01
2025,7,125,12,58522.38,2025-07-01
2025,7,126,12,58093.82,2025-07-01
2025,7,127,7,68681.24,2025-07-01
2025,7,128,10,88467.99,2025-07-01
2025,7,129,29,77786.45,2025-07-01
2025,7,130,22,113502.45,2025-07-01
2025,7,131,10,66612.17,2025-07-01
2025,7,132,19,60879.35,2025-07-01
2025,7,133,8,89941.18,2025-07-01
2025,7,134,1,65504.06,2025-07-01
2025,7,135,26,77674.38,2025-07-01
2025,7,136,6,105990.28,2025-07-01
2025,7,137,10,68587.97,2025-07-01
2025,7,138,26,71547.47,2025-07-01
2025,7,139,9,90930.86,2025-07-01
2025,7,140,21,121735.91,2025-07-01
2025,7,141,3,63725.91,2025-07-01
2025,7,142,19,92343.99,2025-07-01
2025,7,143,2,89534.30,2025-07-01
2025,7,144,5,89065.58,2025-07-01
2025,7,145,29,53860.82,2025-07-01
2025,7,146,11,72392.07,2025-07-01
2025,7,147,12,124574.68,2025-07-01
2025,7,148,4,61950.46,2025-07-01
2025,7,149,19,120631.91,2025-07-01
2025,7,150,21,77854.64,2025-07-01
2025,7,151,29,90205.81,2025-07-01
2025,7,152,2,78874.68,2025-07-01
2025,7,153,18,78845.49,2025-07-01
2025,7,154,4,78309.26,2025-07-01
2025,7,155,1,129368.23,2025-07-01
2025,7,156,14,83397.88,2025-07-01
2025,7,157,10,92270.59,2025-07-01
2025,7,158,25,71003.78,2025-07-01
2025,7,159,13,87403.72,2025-07-01
2025,7,160,17,56390.63,2025-07-01
2025,7,161,7,70883.20,2025-07-01
2025,7,162,17,72386.95,2025-07-01
2025,7,163,17,62485.31,2025-07-01
2025,7,164,16,98299.69,2025-07-01
2025,7,165,1,86736.73,2025-07-01
2025,7,166,10,58305.41,2025-07-01
2025,7,167,26,59560.29,2025-07-01
2025,7,168,30,77601.15,2025-07-01
2025,7,169,15,79948.02,2025-07-01
2025,7,170,2,83450.65,2025-07-01
2025,7,171,17,83677.78,2025-07-01
2025,7,172,19,84401.56,2025-07-01
2025,7,173,13,98560.59,2025-07-01
2025,7,174,11,71652.95,2025-07-01
2025,7,175,20,131025.45,2025-07-01
2025,7,176,24,56664.48,2025-07-01
2025,7,177,16,100756.49,2025-07-01
2025,7,178,4,106535.01,2025-07-01
2025,7,179,26,129123.70,2025-07-01
2025,7,180,12,86633.64,2025-07-01
2025,7,181,6,64480.45,2025-07-01
2025,7,182,14,107413.60,2025-07-01
2025,7,183,22,84428.96,2025-07-01
2025,7,184,15,59828.06,2025-07-01
2025,7,185,6,93089.87,2025-07-01
2025,7,186,11,78316.47,2025-07-01
2025,7,187,2,90273.20,2025-07-01
2025,7,188,12,51625.21,2025-07-01
2025,7,189,21,112305.82,2025-07-01
2025,7,190,20,68431.81,2025-07-01
2025,7,191,18,72268.36,2025-07-01
2025,7,192,28,91655.28,2025-07-01
2025,7,193,5,66182.54,2025-07-01
2025,7,194,5,96811.67,2025-07-01
2025,7,195,14,80107.60,2025-07-01
2025,7,196,6,85663.84,2025-07-01
2025,7,197,11,111303.19,2025-07-01
2025,7,198,3,66345.06,2025-07-01
2025,7,199,19,79489.83,2025-07-01
2025,7,200,24,63477.32,2025-07-01
2025,8,1,9,61702.34,2025-08-01
2025,8,2,9,53178.83,2025-08-01
2025,8,3,12,124096.47,2025-08-01
2025,8,4,11,90389.16,2025-08-01
2025,8,5,27,89286.19,2025-08-01
2025,8,6,20,88112.61,2025-08-01
2025,8,7,7,105166.38,2025-08-01
2025,8,8,29,105564.39,2025-08-01
2025,8,9,3,95439.87,2025-08-01
2025,8,10,8,72578.26,2025-08-01
2025,8,11,23,66849.09,2025-08-01
2025,8,12,15,108307.95,2025-08-01
2025,8,13,11,135465.91,2025-08-01
2025,8,14,14,63625.68,2025-08-01
2025,8,15,4,109726.86,2025-08-01
2025,8,16,1,53813.34,2025-08-01
2025,8,17,4,107164.17,2025-08-01
2025,8,18,24,96904.74,2025-08-01
2025,8,19,7,89310.07,2025-08-01
2025,8,20,22,103493.85,2025-08-01
2025,8,21,9,65199.93,2025-08-01
2025,8,22,23,73944.96,2025-08-01
2025,8,23,27,72080.86,2025-08-01
2025,8,24,23,63335.85,2025-08-01
2025,8,25,10,49643.86,2025-08-01
2025,8,26,28,104854.00,2025-08-01
2025,8,27,27,84171.24,2025-08-01
2025,8,28,12,59312.00,2025-08-01
2025,8,29,6,105361.05,2025-08-01
2025,8,30,5,121394.37,2025-08-01
2025,8,31,7,74573.23,2025-08-01
2025,8,32,12,61171.72,2025-08-01
2025,8,33,14,72751.65,2025-08-01
2025,8,34,1,124992.39,2025-08-01
2025,8,35,15,47245.01,2025-08-01
2025,8,36,5,87995.06,2025-08-01
2025,8,37,27,72061.09,2025-08-01
2025,8,38,18,135868.08,2025-08-01
2025,8,39,19,92145.06,2025-08-01
2025,8,40,23,95586.54,2025-08-01
2025,8,41,25,61595.73,2025-08-01
2025,8,42,28,66569.25,2025-08-01
2025,8,43,13,92006.52,2025-08-01
2025,8,44,22,95899.84,2025-08-01
2025,8,45,30,86690.00,2025-08-01
2025,8,46,12,105511.25,2025-08-01
2025,8,47,30,60423.31,2025-08-01
2025,8,48,12,87461.43,2025-08-01
2025,8,49,3,90326.42,2025-08-01
2025,8,50,11,82955.56,2025-08-01
2025,8,51,25,86970.59,2025-08-01
2025,8,52,16,77953.49,2025-08-01
2025,8,53,13,58977.87,2025-08-01
2025,8,54,15,68701.10,2025-08-01
2025,8,55,6,50220.24,2025-08-01
2025,8,56,29,117584.92,2025-08-01
2025,8,57,13,117585.75,2025-08-01
2025,8,58,25,111730.68,2025-08-01
2025,8,59,17,89500.15,2025-08-01
2025,8,60,8,101570.85,2025-08-01
2025,8,61,28,101939.56,2025-08-01
2025,8,62,21,63973.15,2025-08-01
2025,8,63,16,125996.10,2025-08-01
2025,8,64,29,90884.28,2025-08-01
2025,8,65,19,82849.39,2025-08-01
2025,8,66,23,76427.05,2025-08-01
2025,8,67,13,48352.60,2025-08-01
2025,8,68,12,83669.93,2025-08-01
2025,8,69,6,52373.80,2025-08-01
2025,8,70,3,124522.98,2025-08-01
2025,8,71,4,132565.00,2025-08-01
2025,8,72,27,76058.22,2025-08-01
2025,8,73,1,86212.69,2025-08-01
2025,8,74,2,63056.31,2025-08-01
2025,8,75,30,64780.34,2025-08-01
2025,8,76,3,93689.87,2025-08-01
2025,8,77,2,100178.70,2025-08-01
2025,8,78,29,77479.82,2025-08-01
2025,8,79,19,75970.01,2025-08-01
2025,8,80,13,68145.74,2025-08-01
2025,8,81,23,57357.86,2025-08-01
2025,8,82,11,63895.86,2025-08-01
2025,8,83,13,80153.78,2025-08-01
2025,8,84,1,66920.53,2025-08-01
2025,8,85,28,95440.70,2025-08-01
2025,8,86,26,68180.82,2025-08-01
2025,8,87,25,90354.23,2025-08-01
2025,8,88,17,103441.51,2025-08-01
2025,8,89,24,56912.26,2025-08-01
2025,8,90,13,70753.54,2025-08-01
2025,8,91,12,72071.54,2025-08-01
2025,8,92,12,96166.54,2025-08-01
2025,8,93,30,118376.21,2025-08-01
2025,8,94,19,95226.63,2025-08-01
2025,8,95,14,110094.88,2025-08-01
2025,8,96,29,103075.96,2025-08-01
2025,8,97,24,71364.44,2025-08-01
2025,8,98,30,79432.15,2025-08-01
2025,8,99,30,94316.85,2025-08-01
2025,8,100,16,65067.76,2025-08-01
2025,8,101,26,90509.01,2025-08-01
2025,8,102,6,129854.72,2025-08-01
2025,8,103,20,102559.02,2025-08-01
2025,8,104,1,63343.71,2025-08-01
2025,8,105,18,111884.93,2025-08-01
2025,8,106,6,128870.24,2025-08-01
2025,8,107,18,69040.07,2025-08-01
2025,8,108,7,75119.10,2025-08-01
2025,8,109,12,115537.40,2025-08-01
2025,8,110,25,66574.23,2025-08-01
2025,8,111,8,49529.21,2025-08-01
2025,8,112,12,83385.39,2025-08-01
2025,8,113,30,74227.91,2025-08-01
2025,8,114,8,95701.38,2025-08-01
2025,8,115,10,101129.53,2025-08-01
2025,8,116,5,106601.70,2025-08-01
2025,8,117,23,96242.64,2025-08-01
2025,8,118,17,119443.43,2025-08-01
2025,8,119,26,56232.40,2025-08-01
2025,8,120,4,61205.76,2025-08-01
2025,8,121,3,90344.60,2025-08-01
2025,8,122,12,67435.55,2025-08-01
2025,8,123,29,99878.85,2025-08-01
2025,8,124,10,69698.43,2025-08-01
2025,8,125,12,70341.92,2025-08-01
2025,8,126,12,87687.86,2025-08-01
2025,8,127,7,63727.17,2025-08-01
2025,8,128,10,100840.91,2025-08-01
2025,8,129,29,94826.66,2025-08-01
2025,8,130,22,111353.26,2025-08-01
2025,8,131,10,95204.49,2025-08-01
2025,8,132,19,61815.34,2025-08-01
2025,8,133,8,74042.57,2025-08-01
2025,8,134,1,86749.18,2025-08-01
2025,8,135,26,71143.68,2025-08-01
2025,8,136,6,88397.69,2025-08-01
2025,8,137,10,69554.19,2025-08-01
2025,8,138,26,70832.75,2025-08-01
2025,8,139,9,107962.68,2025-08-01
2025,8,140,21,104846.23,2025-08-01
2025,8,141,3,74567.40,2025-08-01
2025,8,142,19,93553.50,2025-08-01
2025,8,143,2,93916.28,2025-08-01
2025,8,144,5,92757.86,2025-08-01
2025,8,145,29,60389.95,2025-08-01
2025,8,146,11,108533.60,2025-08-01
2025,8,147,12,88141.24,2025-08-01
2025,8,148,4,82306.66,2025-08-01
2025,8,149,19,72851.89,2025-08-01
2025,8,150,21,101126.09,2025-08-01
2025,8,151,29,98205.12,2025-08-01
2025,8,152,2,112211.52,2025-08-01
2025,8,153,18,71525.81,2025-08-01
2025,8,154,4,80059.43,2025-08-01
2025,8,155,1,138448.00,2025-08-01
2025,8,156,14,97203.44,2025-08-01
2025,8,157,10,108264.57,2025-08-01
2025,8,158,25,101660.26,2025-08-01
2025,8,159,13,89975.50,2025-08-01
2025,8,160,17,71449.96,2025-08-01
2025,8,161,7,76814.21,2025-08-01
2025,8,162,17,104322.19,2025-08-01
2025,8,163,17,89571.74,2025-08-01
2025,8,164,16,95369.43,2025-08-01
2025,8,165,1,83028.51,2025-08-01
2025,8,166,10,59495.59,2025-08-01
2025,8,167,26,61122.69,2025-08-01
2025,8,168,30,62561.54,2025-08-01
2025,8,169,15,108168.27,2025-08-01
2025,8,170,2,93497.93,2025-08-01
2025,8,171,17,107083.28,2025-08-01
2025,8,172,19,103209.47,2025-08-01
2025,8,173,13,104553.35,2025-08-01
2025,8,174,11,62013.27,2025-08-01
2025,8,175,20,111111.11,2025-08-01
2025,8,176,24,69397.30,2025-08-01
2025,8,177,16,132741.04,2025-08-01
2025,8,178,4,106526.14,2025-08-01
2025,8,179,26,91089.90,2025-08-01
2025,8,180,12,89029.95,2025-08-01
2025,8,181,6,50608.04,2025-08-01
2025,8,182,14,91025.02,2025-08-01
2025,8,183,22,67150.12,2025-08-01
2025,8,184,15,65435.32,2025-08-01
2025,8,185,6,116133.15,2025-08-01
2025,8,186,11,126678.98,2025-08-01
2025,8,187,2,63642.47,2025-08-01
2025,8,188,12,55030.34,2025-08-01
2025,8,189,21,138204.99,2025-08-01
2025,8,190,20,60738.33,2025-08-01
2025,8,191,18,93085.11,2025-08-01
2025,8,192,28,99545.92,2025-08-01
2025,8,193,5,58246.36,2025-08-01
2025,8,194,5,104062.40,2025-08-01
2025,8,195,14,61002.21,2025-08-01
2025,8,196,6,93566.42,2025-08-01
2025,8,197,11,111529.65,2025-08-01
2025,8,198,3,50923.85,2025-08-01
2025,8,199,19,90717.23,2025-08-01
2025,8,200,24,76985.48,2025-08-01
2025,9,1,9,65962.80,2025-09-01
2025,9,2,9,88047.02,2025-09-01
2025,9,3,12,135163.91,2025-09-01
2025,9,4,11,107539.58,2025-09-01
2025,9,5,27,122875.30,2025-09-01
2025,9,6,20,115010.47,2025-09-01
2025,9,7,7,101493.71,2025-09-01
2025,9,8,29,74279.46,2025-09-01
2025,9,9,3,119779.80,2025-09-01
2025,9,10,8,74694.65,2025-09-01
2025,9,11,23,59142.61,2025-09-01
2025,9,12,15,110285.65,2025-09-01
2025,9,13,11,126324.41,2025-09-01
2025,9,14,14,63367.21,2025-09-01
2025,9,15,4,92607.02,2025-09-01
2025,9,16,1,53903.65,2025-09-01
2025,9,17,4,106359.79,2025-09-01
2025,9,18,24,125410.85,2025-09-01
2025,9,19,7,120538.68,2025-09-01
2025,9,20,22,102828.45,2025-09-01
2025,9,21,9,83886.24,2025-09-01
2025,9,22,23,90213.34,2025-09-01
2025,9,23,27,80555.57,2025-09-01
2025,9,24,23,102054.11,2025-09-01
2025,9,25,10,75701.81,2025-09-01
2025,9,26,28,80128.26,2025-09-01
2025,9,27,27,83382.42,2025-09-01
2025,9,28,12,53958.33,2025-09-01
2025,9,29,6,108367.40,2025-09-01
2025,9,30,5,117117.70,2025-09-01
2025,9,31,7,81309.13,2025-09-01
2025,9,32,12,73728.68,2025-09-01
2025,9,33,14,88661.23,2025-09-01
2025,9,34,1,101821.41,2025-09-01
2025,9,35,15,61794.34,2025-09-01
2025,9,36,5,122581.07,2025-09-01
2025,9,37,27,81531.81,2025-09-01
2025,9,38,18,118874.29,2025-09-01
2025,9,39,19,71605.92,2025-09-01
2025,9,40,23,64398.47,2025-09-01
2025,9,41,25,59937.78,2025-09-01
2025,9,42,28,67807.51,2025-09-01
2025,9,43,13,75566.44,2025-09-01
2025,9,44,22,100011.41,2025-09-01
2025,9,45,30,110228.76,2025-09-01
2025,9,46,12,107037.35,2025-09-01
2025,9,47,30,59238.19,2025-09-01
2025,9,48,12,75956.46,2025-09-01
2025,9,49,3,88287.37,2025-09-01
2025,9,50,11,94369.58,2025-09-01
2025,9,51,25,80243.60,2025-09-01
2025,9,52,16,96510.69,2025-09-01
2025,9,53,13,56844.22,2025-09-01
2025,9,54,15,74229.08,2025-09-01
2025,9,55,6,68118.64,2025-09-01
2025,9,56,29,114343.54,2025-09-01
2025,9,57,13,93836.92,2025-09-01
2025,9,58,25,137164.43,2025-09-01
2025,9,59,17,103566.86,2025-09-01
2025,9,60,8,81612.89,2025-09-01
2025,9,61,28,119167.19,2025-09-01
2025,9,62,21,93237.68,2025-09-01
2025,9,63,16,87762.76,2025-09-01
2025,9,64,29,64696.45,2025-09-01
2025,9,65,19,93671.42,2025-09-01
2025,9,66,23,70106.17,2025-09-01
2025,9,67,13,69626.39,2025-09-01
2025,9,68,12,91920.08,2025-09-01
2025,9,69,6,75385.47,2025-09-01
2025,9,70,3,119611.89,2025-09-01
2025,9,71,4,100766.54,2025-09-01
2025,9,72,27,51601.32,2025-09-01
2025,9,73,1,93735.21,2025-09-01
2025,9,74,2,75592.87,2025-09-01
2025,9,75,30,78208.20,2025-09-01
2025,9,76,3,83246.25,2025-09-01
2025,9,77,2,75163.30,2025-09-01
2025,9,78,29,99734.11,2025-09-01
2025,9,79,19,72158.69,2025-09-01
2025,9,80,13,81077.96,2025-09-01
2025,9,81,23,65239.67,2025-09-01
2025,9,82,11,104302.73,2025-09-01
2025,9,83,13,92131.90,2025-09-01
2025,9,84,1,64474.60,2025-09-01
2025,9,85,28,74659.82,2025-09-01
2025,9,86,26,94248.94,2025-09-01
2025,9,87,25,82057.17,2025-09-01
2025,9,88,17,120590.59,2025-09-01
2025,9,89,24,66472.06,2025-09-01
2025,9,90,13,77003.98,2025-09-01
2025,9,91,12,64674.19,2025-09-01
2025,9,92,12,72789.88,2025-09-01
2025,9,93,30,113212.41,2025-09-01
2025,9,94,19,107783.73,2025-09-01
2025,9,95,14,114029.14,2025-09-01
2025,9,96,29,103998.52,2025-09-01
2025,9,97,24,93114.22,2025-09-01
2025,9,98,30,101815.29,2025-09-01
2025,9,99,30,71353.36,2025-09-01
2025,9,100,16,71479.41,2025-09-01
2025,9,101,26,93671.83,2025-09-01
2025,9,102,6,100274.74,2025-09-01
2025,9,103,20,91302.54,2025-09-01
2025,9,104,1,47683.82,2025-09-01
2025,9,105,18,127327.44,2025-09-01
2025,9,106,6,121038.94,2025-09-01
2025,9,107,18,57116.99,2025-09-01
2025,9,108,7,71729.73,2025-09-01
2025,9,109,12,99526.27,2025-09-01
2025,9,110,25,102794.46,2025-09-01
2025,9,111,8,77492.45,2025-09-01
2025,9,112,12,59799.48,2025-09-01
2025,9,113,30,79479.75,2025-09-01
2025,9,114,8,93638.14,2025-09-01
2025,9,115,10,110558.33,2025-09-01
2025,9,116,5,130393.83,2025-09-01
2025,9,117,23,79705.15,2025-09-01
2025,9,118,17,113351.88,2025-09-01
2025,9,119,26,69646.97,2025-09-01
2025,9,120,4,62437.14,2025-09-01
2025,9,121,3,92458.51,2025-09-01
2025,9,122,12,56920.25,2025-09-01
2025,9,123,29,62289.87,2025-09-01
2025,9,124,10,101901.17,2025-09-01
2025,9,125,12,70160.66,2025-09-01
2025,9,126,12,97373.81,2025-09-01
2025,9,127,7,51728.00,2025-09-01
2025,9,128,10,108140.03,2025-09-01
2025,9,129,29,86506.98,2025-09-01
2025,9,130,22,92206.40,2025-09-01
2025,9,131,10,76850.06,2025-09-01
2025,9,132,19,69452.26,2025-09-01
2025,9,133,8,65782.70,2025-09-01
2025,9,134,1,74338.04,2025-09-01
2025,9,135,26,86297.16,2025-09-01
2025,9,136,6,85166.58,2025-09-01
2025,9,137,10,67504.63,2025-09-01
2025,9,138,26,98784.63,2025-09-01
2025,9,139,9,73045.01,2025-09-01
2025,9,140,21,91137.63,2025-09-01
2025,9,141,3,72513.94,2025-09-01
2025,9,142,19,99356.62,2025-09-01
2025,9,143,2,69709.78,2025-09-01
2025,9,144,5,69684.75,2025-09-01
2025,9,145,29,59835.35,2025-09-01
2025,9,146,11,101491.00,2025-09-01
2025,9,147,12,90932.33,2025-09-01
2025,9,148,4,51319.41,2025-09-01
2025,9,149,19,115254.21,2025-09-01
2025,9,150,21,124075.14,2025-09-01
2025,9,151,29,91827.45,2025-09-01
2025,9,152,2,129156.08,2025-09-01
2025,9,153,18,51017.33,2025-09-01
2025,9,154,4,92107.62,2025-09-01
2025,9,155,1,121975.60,2025-09-01
2025,9,156,14,67169.69,2025-09-01
2025,9,157,10,96214.98,2025-09-01
2025,9,158,25,68567.86,2025-09-01
2025,9,159,13,78844.13,2025-09-01
2025,9,160,17,65303.47,2025-09-01
2025,9,161,7,60326.66,2025-09-01
2025,9,162,17,92802.66,2025-09-01
2025,9,163,17,95397.63,2025-09-01
2025,9,164,16,89794.93,2025-09-01
2025,9,165,1,89739.23,2025-09-01
2025,9,166,10,87181.02,2025-09-01
2025,9,167,26,59147.11,2025-09-01
2025,9,168,30,73969.13,2025-09-01
2025,9,169,15,86197.91,2025-09-01
2025,9,170,2,68182.19,2025-09-01
2025,9,171,17,82882.99,2025-09-01
2025,9,172,19,74887.61,2025-09-01
2025,9,173,13,81892.68,2025-09-01
2025,9,174,11,80262.98,2025-09-01
2025,9,175,20,133973.57,2025-09-01
2025,9,176,24,62895.01,2025-09-01
2025,9,177,16,105033.17,2025-09-01
2025,9,178,4,151524.80,2025-09-01
2025,9,179,26,122121.59,2025-09-01
2025,9,180,12,104854.46,2025-09-01
2025,9,181,6,66766.27,2025-09-01
2025,9,182,14,109236.98,2025-09-01
2025,9,183,22,104526.90,2025-09-01
2025,9,184,15,56774.06,2025-09-01
2025,9,185,6,113463.67,2025-09-01
2025,9,186,11,96440.33,2025-09-01
2025,9,187,2,86517.27,2025-09-01
2025,9,188,12,78475.33,2025-09-01
2025,9,189,21,150300.63,2025-09-01
2025,9,190,20,66397.42,2025-09-01
2025,9,191,18,89231.59,2025-09-01
2025,9,192,28,97384.74,2025-09-01
2025,9,193,5,82032.72,2025-09-01
2025,9,194,5,91681.12,2025-09-01
2025,9,195,14,83373.45,2025-09-01
2025,9,196,6,143517.54,2025-09-01
2025,9,197,11,104109.82,2025-09-01
2025,9,198,3,63598.19,2025-09-01
2025,9,199,19,94659.81,2025-09-01
2025,9,200,24,79078.33,2025-09-01
2025,10,1,9,96287.34,2025-10-01
2025,10,2,9,85228.84,2025-10-01
2025,10,3,12,93373.96,2025-10-01
2025,10,4,11,107224.07,2025-10-01
2025,10,5,27,78294.44,2025-10-01
2025,10,6,20,94568.82,2025-10-01
2025,10,7,7,150062.92,2025-10-01
2025,10,8,29,85722.26,2025-10-01
2025,10,9,3,125700.82,2025-10-01
2025,10,10,8,72521.03,2025-10-01
2025,10,11,23,75793.04,2025-10-01
2025,10,12,15,103230.18,2025-10-01
2025,10,13,11,112854.87,2025-10-01
2025,10,14,14,65672.98,2025-10-01
2025,10,15,4,105516.31,2025-10-01
2025,10,16,1,85563.34,2025-10-01
2025,10,17,4,97815.13,2025-10-01
2025,10,18,24,107384.07,2025-10-01
2025,10,19,7,123729.96,2025-10-01
2025,10,20,22,125407.15,2025-10-01
2025,10,21,9,62789.67,2025-10-01
2025,10,22,23,58118.90,2025-10-01
2025,10,23,27,65952.38,2025-10-01
2025,10,24,23,91159.98,2025-10-01
2025,10,25,10,55505.49,2025-10-01
2025,10,26,28,83267.83,2025-10-01
2025,10,27,27,110381.77,2025-10-01
2025,10,28,12,71230.62,2025-10-01
2025,10,29,6,146833.49,2025-10-01
2025,10,30,5,84052.05,2025-10-01
2025,10,31,7,69610.61,2025-10-01
2025,10,32,12,68257.55,2025-10-01
2025,10,33,14,93962.37,2025-10-01
2025,10,34,1,105112.89,2025-10-01
2025,10,35,15,78308.26,2025-10-01
2025,10,36,5,136501.30,2025-10-01
2025,10,37,27,70383.43,2025-10-01
2025,10,38,18,108104.65,2025-10-01
2025,10,39,19,90077.58,2025-10-01
2025,10,40,23,71196.58,2025-10-01
2025,10,41,25,86657.35,2025-10-01
2025,10,42,28,79873.65,2025-10-01
2025,10,43,13,78075.65,2025-10-01
2025,10,44,22,84872.27,2025-10-01
2025,10,45,30,96564.44,2025-10-01
2025,10,46,12,127723.55,2025-10-01
2025,10,47,30,65827.70,2025-10-01
2025,10,48,12,100739.00,2025-10-01
2025,10,49,3,97463.81,2025-10-01
2025,10,50,11,97626.98,2025-10-01
2025,10,51,25,104665.89,2025-10-01
2025,10,52,16,73883.41,2025-10-01
2025,10,53,13,48369.91,2025-10-01
2025,10,54,15,71551.31,2025-10-01
2025,10,55,6,59380.05,2025-10-01
2025,10,56,29,132197.30,2025-10-01
2025,10,57,13,142410.91,2025-10-01
2025,10,58,25,124585.56,2025-10-01
2025,10,59,17,83029.08,2025-10-01
2025,10,60,8,73400.34,2025-10-01
2025,10,61,28,139872.25,2025-10-01
2025,10,62,21,74979.25,2025-10-01
2025,10,63,16,133106.06,2025-10-01
2025,10,64,29,65302.88,2025-10-01
2025,10,65,19,81869.32,2025-10-01
2025,10,66,23,105788.13,2025-10-01
2025,10,67,13,67124.43,2025-10-01
2025,10,68,12,98217.91,2025-10-01
2025,10,69,6,54936.25,2025-10-01
2025,10,70,3,105309.72,2025-10-01
2025,10,71,4,81496.95,2025-10-01
2025,10,72,27,54199.78,2025-10-01
2025,10,73,1,67536.66,2025-10-01
2025,10,74,2,75190.85,2025-10-01
2025,10,75,30,95194.81,2025-10-01
2025,10,76,3,133636.20,2025-10-01
2025,10,77,2,114177.75,2025-10-01
2025,10,78,29,67091.76,2025-10-01
2025,10,79,19,105006.82,2025-10-01
2025,10,80,13,107425.15,2025-10-01
2025,10,81,23,62806.46,2025-10-01
2025,10,82,11,113325.78,2025-10-01
2025,10,83,13,100536.53,2025-10-01
2025,10,84,1,54525.72,2025-10-01
2025,10,85,28,68873.47,2025-10-01
2025,10,86,26,93281.24,2025-10-01
2025,10,87,25,117644.99,2025-10-01
2025,10,88,17,87137.42,2025-10-01
2025,10,89,24,49104.80,2025-10-01
2025,10,90,13,95989.75,2025-10-01
2025,10,91,12,52682.82,2025-10-01
2025,10,92,12,94816.21,2025-10-01
2025,10,93,30,128848.53,2025-10-01
2025,10,94,19,82031.22,2025-10-01
2025,10,95,14,85214.75,2025-10-01
2025,10,96,29,119884.53,2025-10-01
2025,10,97,24,95457.75,2025-10-01
2025,10,98,30,97861.56,2025-10-01
2025,10,99,30,79255.37,2025-10-01
2025,10,100,16,81951.51,2025-10-01
2025,10,101,26,108221.87,2025-10-01
2025,10,102,6,88520.53,2025-10-01
2025,10,103,20,98982.88,2025-10-01
2025,10,104,1,48040.10,2025-10-01
2025,10,105,18,107817.52,2025-10-01
2025,10,106,6,128131.82,2025-10-01
2025,10,107,18,87461.57,2025-10-01
2025,10,108,7,101175.28,2025-10-01
2025,10,109,12,80554.09,2025-10-01
2025,10,110,25,103523.11,2025-10-01
2025,10,111,8,49466.30,2025-10-01
2025,10,112,12,81720.53,2025-10-01
2025,10,113,30,79539.36,2025-10-01
2025,10,114,8,85665.98,2025-10-01
2025,10,115,10,119044.95,2025-10-01
2025,10,116,5,114218.82,2025-10-01
2025,10,117,23,104332.94,2025-10-01
2025,10,118,17,90689.91,2025-10-01
2025,10,119,26,88287.87,2025-10-01
2025,10,120,4,72048.91,2025-10-01
2025,10,121,3,71950.74,2025-10-01
2025,10,122,12,79748.26,2025-10-01
2025,10,123,29,97127.40,2025-10-01
2025,10,124,10,99493.11,2025-10-01
2025,10,125,12,88024.16,2025-10-01
2025,10,126,12,103177.39,2025-10-01
2025,10,127,7,78833.55,2025-10-01
2025,10,128,10,135371.37,2025-10-01
2025,10,129,29,97205.38,2025-10-01
2025,10,130,22,100690.70,2025-10-01
2025,10,131,10,66521.13,2025-10-01
2025,10,132,19,68068.09,2025-10-01
2025,10,133,8,81874.80,2025-10-01
2025,10,134,1,70087.52,2025-10-01
2025,10,135,26,92316.87,2025-10-01
2025,10,136,6,132122.74,2025-10-01
2025,10,137,10,69750.40,2025-10-01
2025,10,138,26,109307.13,2025-10-01
2025,10,139,9,87680.17,2025-10-01
2025,10,140,21,93312.92,2025-10-01
2025,10,141,3,81740.54,2025-10-01
2025,10,142,19,69499.32,2025-10-01
2025,10,143,2,69552.35,2025-10-01
2025,10,144,5,113627.65,2025-10-01
2025,10,145,29,67374.23,2025-10-01
2025,10,146,11,115292.68,2025-10-01
2025,10,147,12,144970.81,2025-10-01
2025,10,148,4,53474.46,2025-10-01
2025,10,149,19,98162.55,2025-10-01
2025,10,150,21,111926.07,2025-10-01
2025,10,151,29,85902.90,2025-10-01
2025,10,152,2,102021.70,2025-10-01
2025,10,153,18,78403.40,2025-10-01
2025,10,154,4,76689.55,2025-10-01
2025,10,155,1,157050.10,2025-10-01
2025,10,156,14,94891.27,2025-10-01
2025,10,157,10,107984.07,2025-10-01
2025,10,158,25,72584.74,2025-10-01
2025,10,159,13,67783.84,2025-10-01
2025,10,160,17,53081.63,2025-10-01
2025,10,161,7,60273.19,2025-10-01
2025,10,162,17,96477.60,2025-10-01
2025,10,163,17,97859.55,2025-10-01
2025,10,164,16,123364.80,2025-10-01
2025,10,165,1,76606.89,2025-10-01
2025,10,166,10,102899.13,2025-10-01
2025,10,167,26,47635.78,2025-10-01
2025,10,168,30,75266.74,2025-10-01
2025,10,169,15,114160.36,2025-10-01
2025,10,170,2,66805.79,2025-10-01
2025,10,171,17,111666.24,2025-10-01
2025,10,172,19,70768.75,2025-10-01
2025,10,173,13,89413.00,2025-10-01
2025,10,174,11,79211.00,2025-10-01
2025,10,175,20,141249.16,2025-10-01
2025,10,176,24,106401.30,2025-10-01
2025,10,177,16,125260.64,2025-10-01
2025,10,178,4,91743.41,2025-10-01
2025,10,179,26,115685.76,2025-10-01
2025,10,180,12,72204.64,2025-10-01
2025,10,181,6,53069.12,2025-10-01
2025,10,182,14,130690.49,2025-10-01
2025,10,183,22,98442.74,2025-10-01
2025,10,184,15,84501.19,2025-10-01
2025,10,185,6,110517.85,2025-10-01
2025,10,186,11,112894.35,2025-10-01
2025,10,187,2,97481.50,2025-10-01
2025,10,188,12,55925.16,2025-10-01
2025,10,189,21,114134.36,2025-10-01
2025,10,190,20,85232.42,2025-10-01
2025,10,191,18,106494.23,2025-10-01
2025,10,192,28,72217.98,2025-10-01
2025,10,193,5,73649.84,2025-10-01
2025,10,194,5,102941.32,2025-10-01
2025,10,195,14,80067.80,2025-10-01
2025,10,196,6,135331.29,2025-10-01
2025,10,197,11,85957.32,2025-10-01
2025,10,198,3,73513.75,2025-10-01
2025,10,199,19,80394.71,2025-10-01
2025,10,200,24,88452.29,2025-10-01
2025,11,1,9,81076.82,2025-11-01
2025,11,2,9,85632.20,2025-11-01
2025,11,3,12,119932.62,2025-11-01
2025,11,4,11,149962.11,2025-11-01
2025,11,5,27,107055.47,2025-11-01
2025,11,6,20,140544.56,2025-11-01
2025,11,7,7,116073.96,2025-11-01
2025,11,8,29,83034.66,2025-11-01
2025,11,9,3,170202.46,2025-11-01
2025,11,10,8,94435.71,2025-11-01
2025,11,11,23,68790.78,2025-11-01
2025,11,12,15,90212.89,2025-11-01
2025,11,13,11,128637.69,2025-11-01
2025,11,14,14,90063.27,2025-11-01
2025,11,15,4,88402.39,2025-11-01
2025,11,16,1,63538.05,2025-11-01
2025,11,17,4,101660.68,2025-11-01
2025,11,18,24,109487.18,2025-11-01
2025,11,19,7,85436.89,2025-11-01
2025,11,20,22,108704.78,2025-11-01
2025,11,21,9,88648.21,2025-11-01
2025,11,22,23,75820.82,2025-11-01
2025,11,23,27,66371.24,2025-11-01
2025,11,24,23,74212.90,2025-11-01
2025,11,25,10,71682.17,2025-11-01
2025,11,26,28,135133.11,2025-11-01
2025,11,27,27,113359.46,2025-11-01
2025,11,28,12,58685.25,2025-11-01
2025,11,29,6,174379.67,2025-11-01
2025,11,30,5,150712.71,2025-11-01
2025,11,31,7,108690.09,2025-11-01
2025,11,32,12,83198.03,2025-11-01
2025,11,33,14,85085.10,2025-11-01
2025,11,34,1,121626.98,2025-11-01
2025,11,35,15,89777.84,2025-11-01
2025,11,36,5,157447.49,2025-11-01
2025,11,37,27,98958.60,2025-11-01
2025,11,38,18,144119.81,2025-11-01
2025,11,39,19,112276.94,2025-11-01
2025,11,40,23,98362.68,2025-11-01
2025,11,41,25,93041.65,2025-11-01
2025,11,42,28,86185.03,2025-11-01
2025,11,43,13,119891.99,2025-11-01
2025,11,44,22,147158.26,2025-11-01
2025,11,45,30,122958.91,2025-11-01
2025,11,46,12,106389.11,2025-11-01
2025,11,47,30,82814.82,2025-11-01
2025,11,48,12,73485.71,2025-11-01
2025,11,49,3,112813.44,2025-11-01
2025,11,50,11,98616.94,2025-11-01
2025,11,51,25,102634.30,2025-11-01
2025,11,52,16,94062.71,2025-11-01
2025,11,53,13,77303.07,2025-11-01
2025,11,54,15,88014.41,2025-11-01
2025,11,55,6,54957.12,2025-11-01
2025,11,56,29,109268.09,2025-11-01
2025,11,57,13,120390.98,2025-11-01
2025,11,58,25,155379.22,2025-11-01
2025,11,59,17,112986.23,2025-11-01
2025,11,60,8,83119.71,2025-11-01
2025,11,61,28,150288.95,2025-11-01
2025,11,62,21,102681.39,2025-11-01
2025,11,63,16,125514.62,2025-11-01
2025,11,64,29,77115.14,2025-11-01
2025,11,65,19,122722.92,2025-11-01
2025,11,66,23,91210.42,2025-11-01
2025,11,67,13,82342.14,2025-11-01
2025,11,68,12,127365.99,2025-11-01
2025,11,69,6,91506.43,2025-11-01
2025,11,70,3,137084.84,2025-11-01
2025,11,71,4,137797.23,2025-11-01
2025,11,72,27,75431.76,2025-11-01
2025,11,73,1,122268.43,2025-11-01
2025,11,74,2,115867.85,2025-11-01
2025,11,75,30,78415.48,2025-11-01
2025,11,76,3,165702.22,2025-11-01
2025,11,77,2,101870.36,2025-11-01
2025,11,78,29,119384.71,2025-11-01
2025,11,79,19,104109.29,2025-11-01
2025,11,80,13,92113.71,2025-11-01
2025,11,81,23,63548.90,2025-11-01
2025,11,82,11,87123.58,2025-11-01
2025,11,83,13,84227.23,2025-11-01
2025,11,84,1,91395.72,2025-11-01
2025,11,85,28,83582.42,2025-11-01
2025,11,86,26,118808.89,2025-11-01
2025,11,87,25,119954.16,2025-11-01
2025,11,88,17,119098.55,2025-11-01
2025,11,89,24,67056.49,2025-11-01
2025,11,90,13,99200.36,2025-11-01
2025,11,91,12,68759.71,2025-11-01
2025,11,92,12,70722.49,2025-11-01
2025,11,93,30,147009.02,2025-11-01
2025,11,94,19,121610.58,2025-11-01
2025,11,95,14,130249.29,2025-11-01
2025,11,96,29,141537.36,2025-11-01
2025,11,97,24,114520.15,2025-11-01
2025,11,98,30,102266.81,2025-11-01
2025,11,99,30,110650.36,2025-11-01
2025,11,100,16,111868.73,2025-11-01
2025,11,101,26,95110.21,2025-11-01
2025,11,102,6,106018.48,2025-11-01
2025,11,103,20,112674.98,2025-11-01
2025,11,104,1,78403.28,2025-11-01
2025,11,105,18,118340.85,2025-11-01
2025,11,106,6,115218.75,2025-11-01
2025,11,107,18,83170.72,2025-11-01
2025,11,108,7,112322.55,2025-11-01
2025,11,109,12,125546.87,2025-11-01
2025,11,110,25,120417.72,2025-11-01
2025,11,111,8,63202.36,2025-11-01
2025,11,112,12,90071.70,2025-11-01
2025,11,113,30,94892.35,2025-11-01
2025,11,114,8,92831.74,2025-11-01
2025,11,115,10,136324.90,2025-11-01
2025,11,116,5,130765.64,2025-11-01
2025,11,117,23,109940.70,2025-11-01
2025,11,118,17,131655.85,2025-11-01
2025,11,119,26,102955.57,2025-11-01
2025,11,120,4,71053.59,2025-11-01
2025,11,121,3,107131.98,2025-11-01
2025,11,122,12,62625.54,2025-11-01
2025,11,123,29,120157.75,2025-11-01
2025,11,124,10,98533.98,2025-11-01
2025,11,125,12,68289.16,2025-11-01
2025,11,126,12,72528.50,2025-11-01
2025,11,127,7,90107.14,2025-11-01
2025,11,128,10,99254.23,2025-11-01
2025,11,129,29,113961.88,2025-11-01
2025,11,130,22,162791.67,2025-11-01
2025,11,131,10,107526.06,2025-11-01
2025,11,132,19,112988.42,2025-11-01
2025,11,133,8,74580.77,2025-11-01
2025,11,134,1,96775.72,2025-11-01
2025,11,135,26,114028.53,2025-11-01
2025,11,136,6,122933.29,2025-11-01
2025,11,137,10,91103.11,2025-11-01
2025,11,138,26,74906.13,2025-11-01
2025,11,139,9,98564.64,2025-11-01
2025,11,140,21,92679.49,2025-11-01
2025,11,141,3,84993.10,2025-11-01
2025,11,142,19,95741.05,2025-11-01
2025,11,143,2,106205.84,2025-11-01
2025,11,144,5,102746.25,2025-11-01
2025,11,145,29,71602.20,2025-11-01
2025,11,146,11,113301.16,2025-11-01
2025,11,147,12,109036.50,2025-11-01
2025,11,148,4,57879.15,2025-11-01
2025,11,149,19,86474.48,2025-11-01
2025,11,150,21,142855.27,2025-11-01
2025,11,151,29,104344.94,2025-11-01
2025,11,152,2,121667.94,2025-11-01
2025,11,153,18,85364.94,2025-11-01
2025,11,154,4,79910.11,2025-11-01
2025,11,155,1,102923.28,2025-11-01
2025,11,156,14,85240.27,2025-11-01
2025,11,157,10,139034.18,2025-11-01
2025,11,158,25,84203.27,2025-11-01
2025,11,159,13,101322.32,2025-11-01
2025,11,160,17,77217.98,2025-11-01
2025,11,161,7,71908.99,2025-11-01
2025,11,162,17,120164.33,2025-11-01
2025,11,163,17,96823.22,2025-11-01
2025,11,164,16,123571.35,2025-11-01
2025,11,165,1,108011.19,2025-11-01
2025,11,166,10,77742.34,2025-11-01
2025,11,167,26,72226.83,2025-11-01
2025,11,168,30,106003.83,2025-11-01
2025,11,169,15,115036.91,2025-11-01
2025,11,170,2,78099.37,2025-11-01
2025,11,171,17,101556.74,2025-11-01
2025,11,172,19,111557.74,2025-11-01
2025,11,173,13,87132.57,2025-11-01
2025,11,174,11,91148.85,2025-11-01
2025,11,175,20,136310.64,2025-11-01
2025,11,176,24,81522.05,2025-11-01
2025,11,177,16,136771.24,2025-11-01
2025,11,178,4,102167.54,2025-11-01
2025,11,179,26,104217.65,2025-11-01
2025,11,180,12,111558.10,2025-11-01
2025,11,181,6,86847.89,2025-11-01
2025,11,182,14,127274.51,2025-11-01
2025,11,183,22,113509.59,2025-11-01
2025,11,184,15,79275.47,2025-11-01
2025,11,185,6,140219.97,2025-11-01
2025,11,186,11,158281.13,2025-11-01
2025,11,187,2,84762.38,2025-11-01
2025,11,188,12,69302.22,2025-11-01
2025,11,189,21,117971.13,2025-11-01
2025,11,190,20,69595.20,2025-11-01
2025,11,191,18,105889.38,2025-11-01
2025,11,192,28,113407.78,2025-11-01
2025,11,193,5,59638.95,2025-11-01
2025,11,194,5,100148.56,2025-11-01
2025,11,195,14,92761.46,2025-11-01
2025,11,196,6,152582.32,2025-11-01
2025,11,197,11,97363.15,2025-11-01
2025,11,198,3,58918.07,2025-11-01
2025,11,199,19,88890.95,2025-11-01
2025,11,200,24,70731.64,2025-11-01
2025,12,1,9,105579.84,2025-12-01
2025,12,2,9,93895.67,2025-12-01
2025,12,3,12,168209.15,2025-12-01
2025,12,4,11,170999.29,2025-12-01
2025,12,5,27,91434.00,2025-12-01
2025,12,6,20,171791.86,2025-12-01
2025,12,7,7,146870.25,2025-12-01
2025,12,8,29,93651.97,2025-12-01
2025,12,9,3,123430.01,2025-12-01
2025,12,10,8,106760.87,2025-12-01
2025,12,11,23,88163.17,2025-12-01
2025,12,12,15,129944.10,2025-12-01
2025,12,13,11,163534.93,2025-12-01
2025,12,14,14,124450.51,2025-12-01
2025,12,15,4,146262.20,2025-12-01
2025,12,16,1,94822.62,2025-12-01
2025,12,17,4,102701.85,2025-12-01
2025,12,18,24,102002.82,2025-12-01
2025,12,19,7,158185.83,2025-12-01
2025,12,20,22,179057.60,2025-12-01
2025,12,21,9,88558.57,2025-12-01
2025,12,22,23,106802.10,2025-12-01
2025,12,23,27,95299.58,2025-12-01
2025,12,24,23,86941.79,2025-12-01
2025,12,25,10,74742.77,2025-12-01
2025,12,26,28,130284.72,2025-12-01
2025,12,27,27,121301.98,2025-12-01
2025,12,28,12,68820.27,2025-12-01
2025,12,29,6,160296.85,2025-12-01
2025,12,30,5,97164.71,2025-12-01
2025,12,31,7,84804.57,2025-12-01
2025,12,32,12,87397.72,2025-12-01
2025,12,33,14,123164.05,2025-12-01
2025,12,34,1,170998.61,2025-12-01
2025,12,35,15,93637.42,2025-12-01
2025,12,36,5,179545.80,2025-12-01
2025,12,37,27,125754.27,2025-12-01
2025,12,38,18,149240.89,2025-12-01
2025,12,39,19,118321.30,2025-12-01
2025,12,40,23,93910.74,2025-12-01
2025,12,41,25,99880.23,2025-12-01
2025,12,42,28,72886.06,2025-12-01
2025,12,43,13,164095.25,2025-12-01
2025,12,44,22,119365.35,2025-12-01
2025,12,45,30,128022.22,2025-12-01
2025,12,46,12,184941.63,2025-12-01
2025,12,47,30,89048.12,2025-12-01
2025,12,48,12,121658.86,2025-12-01
2025,12,49,3,86048.76,2025-12-01
2025,12,50,11,85772.21,2025-12-01
2025,12,51,25,111410.89,2025-12-01
2025,12,52,16,91103.53,2025-12-01
2025,12,53,13,68961.79,2025-12-01
2025,12,54,15,91922.89,2025-12-01
2025,12,55,6,102267.85,2025-12-01
2025,12,56,29,150579.47,2025-12-01
2025,12,57,13,128501.94,2025-12-01
2025,12,58,25,145402.08,2025-12-01
2025,12,59,17,125462.53,2025-12-01
2025,12,60,8,79168.79,2025-12-01
2025,12,61,28,184630.11,2025-12-01
2025,12,62,21,113063.65,2025-12-01
2025,12,63,16,115905.75,2025-12-01
2025,12,64,29,108929.46,2025-12-01
2025,12,65,19,134921.86,2025-12-01
2025,12,66,23,125096.03,2025-12-01
2025,12,67,13,100089.19,2025-12-01
2025,12,68,12,129081.49,2025-12-01
2025,12,69,6,71879.50,2025-12-01
2025,12,70,3,120008.70,2025-12-01
2025,12,71,4,166879.01,2025-12-01
2025,12,72,27,77193.17,2025-12-01
2025,12,73,1,123913.18,2025-12-01
2025,12,74,2,96853.99,2025-12-01
2025,12,75,30,113989.92,2025-12-01
2025,12,76,3,140273.20,2025-12-01
2025,12,77,2,97669.67,2025-12-01
2025,12,78,29,119959.78,2025-12-01
2025,12,79,19,91320.36,2025-12-01
2025,12,80,13,114418.72,2025-12-01
2025,12,81,23,87281.04,2025-12-01
2025,12,82,11,108237.88,2025-12-01
2025,12,83,13,114635.94,2025-12-01
2025,12,84,1,77339.28,2025-12-01
2025,12,85,28,92134.14,2025-12-01
2025,12,86,26,105915.08,2025-12-01
2025,12,87,25,142359.36,2025-12-01
2025,12,88,17,169065.47,2025-12-01
2025,12,89,24,79292.92,2025-12-01
2025,12,90,13,116220.37,2025-12-01
2025,12,91,12,93251.93,2025-12-01
2025,12,92,12,112269.06,2025-12-01
2025,12,93,30,120308.51,2025-12-01
2025,12,94,19,113033.83,2025-12-01
2025,12,95,14,145838.95,2025-12-01
2025,12,96,29,99370.51,2025-12-01
2025,12,97,24,132215.20,2025-12-01
2025,12,98,30,74553.27,2025-12-01
2025,12,99,30,131855.26,2025-12-01
2025,12,100,16,109208.75,2025-12-01
2025,12,101,26,124227.51,2025-12-01
2025,12,102,6,101270.75,2025-12-01
2025,12,103,20,152246.55,2025-12-01
2025,12,104,1,72644.23,2025-12-01
2025,12,105,18,123428.62,2025-12-01
2025,12,106,6,147283.16,2025-12-01
2025,12,107,18,72008.37,2025-12-01
2025,12,108,7,96131.09,2025-12-01
2025,12,109,12,130944.16,2025-12-01
2025,12,110,25,113265.97,2025-12-01
2025,12,111,8,70000.79,2025-12-01
2025,12,112,12,92780.25,2025-12-01
2025,12,113,30,109673.95,2025-12-01
2025,12,114,8,96048.92,2025-12-01
2025,12,115,10,154698.24,2025-12-01
2025,12,116,5,128364.18,2025-12-01
2025,12,117,23,127750.01,2025-12-01
2025,12,118,17,118407.14,2025-12-01
2025,12,119,26,131878.77,2025-12-01
2025,12,120,4,84533.51,2025-12-01
2025,12,121,3,71532.55,2025-12-01
2025,12,122,12,91034.62,2025-12-01
2025,12,123,29,81860.42,2025-12-01
2025,12,124,10,90319.05,2025-12-01
2025,12,125,12,126905.52,2025-12-01
2025,12,126,12,75180.69,2025-12-01
2025,12,127,7,67089.22,2025-12-01
2025,12,128,10,107843.25,2025-12-01
2025,12,129,29,122101.53,2025-12-01
2025,12,130,22,151229.06,2025-12-01
2025,12,131,10,85251.42,2025-12-01
2025,12,132,19,115756.91,2025-12-01
2025,12,133,8,115671.45,2025-12-01
2025,12,134,1,83479.84,2025-12-01
2025,12,135,26,127635.02,2025-12-01
2025,12,136,6,117954.41,2025-12-01
2025,12,137,10,135327.85,2025-12-01
2025,12,138,26,120129.82,2025-12-01
2025,12,139,9,129930.85,2025-12-01
2025,12,140,21,119054.04,2025-12-01
2025,12,141,3,97522.31,2025-12-01
2025,12,142,19,122633.62,2025-12-01
2025,12,143,2,109127.88,2025-12-01
2025,12,144,5,164347.06,2025-12-01
2025,12,145,29,68687.50,2025-12-01
2025,12,146,11,148629.48,2025-12-01
2025,12,147,12,164073.67,2025-12-01
2025,12,148,4,85544.62,2025-12-01
2025,12,149,19,127607.01,2025-12-01
2025,12,150,21,180178.36,2025-12-01
2025,12,151,29,90414.24,2025-12-01
2025,12,152,2,142630.80,2025-12-01
2025,12,153,18,67129.78,2025-12-01
2025,12,154,4,124075.99,2025-12-01
2025,12,155,1,131365.77,2025-12-01
2025,12,156,14,133232.68,2025-12-01
2025,12,157,10,160154.75,2025-12-01
2025,12,158,25,87614.81,2025-12-01
2025,12,159,13,109130.42,2025-12-01
2025,12,160,17,83549.62,2025-12-01
2025,12,161,7,96011.44,2025-12-01
2025,12,162,17,117906.47,2025-12-01
2025,12,163,17,122175.99,2025-12-01
2025,12,164,16,106694.47,2025-12-01
2025,12,165,1,131894.00,2025-12-01
2025,12,166,10,117996.77,2025-12-01
2025,12,167,26,65569.10,2025-12-01
2025,12,168,30,133145.99,2025-12-01
2025,12,169,15,133895.30,2025-12-01
2025,12,170,2,119501.57,2025-12-01
2025,12,171,17,88972.57,2025-12-01
2025,12,172,19,107939.00,2025-12-01
2025,12,173,13,89041.67,2025-12-01
2025,12,174,11,105051.32,2025-12-01
2025,12,175,20,162804.53,2025-12-01
2025,12,176,24,122647.83,2025-12-01
2025,12,177,16,138748.35,2025-12-01
2025,12,178,4,187388.14,2025-12-01
2025,12,179,26,123400.65,2025-12-01
2025,12,180,12,114199.85,2025-12-01
2025,12,181,6,70268.61,2025-12-01
2025,12,182,14,142050.31,2025-12-01
2025,12,183,22,105776.14,2025-12-01
2025,12,184,15,84049.79,2025-12-01
2025,12,185,6,164710.53,2025-12-01
2025,12,186,11,112818.37,2025-12-01
2025,12,187,2,130184.29,2025-12-01
2025,12,188,12,86698.33,2025-12-01
2025,12,189,21,137638.08,2025-12-01
2025,12,190,20,92412.88,2025-12-01
2025,12,191,18,84677.89,2025-12-01
2025,12,192,28,81370.38,2025-12-01
2025,12,193,5,77725.95,2025-12-01
2025,12,194,5,131371.29,2025-12-01
2025,12,195,14,70754.68,2025-12-01
2025,12,196,6,114452.71,2025-12-01
2025,12,197,11,101026.08,2025-12-01
2025,12,198,3,86595.18,2025-12-01
2025,12,199,19,97592.73,2025-12-01
2025,12,200,24,129764.35,2025-12-01
2026,1,1,9,82621.90,2026-01-01
2026,1,2,9,45142.11,2026-01-01
2026,1,3,12,94153.86,2026-01-01
2026,1,4,11,93891.43,2026-01-01
2026,1,5,27,68161.36,2026-01-01
2026,1,6,20,83159.16,2026-01-01
2026,1,7,7,81618.44,2026-01-01
2026,1,8,29,53713.45,2026-01-01
2026,1,9,3,72009.87,2026-01-01
2026,1,10,8,71136.41,2026-01-01
2026,1,11,23,49878.73,2026-01-01
2026,1,12,15,78729.37,2026-01-01
2026,1,13,11,82963.28,2026-01-01
2026,1,14,14,69569.68,2026-01-01
2026,1,15,4,101272.29,2026-01-01
2026,1,16,1,63483.08,2026-01-01
2026,1,17,4,69917.53,2026-01-01
2026,1,18,24,78589.63,2026-01-01
2026,1,19,7,97105.43,2026-01-01
2026,1,20,22,93819.51,2026-01-01
2026,1,21,9,81912.71,2026-01-01
2026,1,22,23,85790.12,2026-01-01
2026,1,23,27,63405.93,2026-01-01
2026,1,24,23,60966.21,2026-01-01
2026,1,25,10,57476.75,2026-01-01
2026,1,26,28,59988.84,2026-01-01
2026,1,27,27,79073.81,2026-01-01
2026,1,28,12,60947.02,2026-01-01
2026,1,29,6,109265.72,2026-01-01
2026,1,30,5,86918.24,2026-01-01
2026,1,31,7,77486.83,2026-01-01
2026,1,32,12,66039.10,2026-01-01
2026,1,33,14,75917.19,2026-01-01
2026,1,34,1,81082.73,2026-01-01
2026,1,35,15,44132.44,2026-01-01
2026,1,36,5,82286.32,2026-01-01
2026,1,37,27,66426.46,2026-01-01
2026,1,38,18,88419.36,2026-01-01
2026,1,39,19,59661.68,2026-01-01
2026,1,40,23,57578.53,2026-01-01
2026,1,41,25,66048.72,2026-01-01
2026,1,42,28,38609.27,2026-01-01
2026,1,43,13,67071.13,2026-01-01
2026,1,44,22,79151.15,2026-01-01
2026,1,45,30,104228.18,2026-01-01
2026,1,46,12,107820.46,2026-01-01
2026,1,47,30,60456.33,2026-01-01
2026,1,48,12,86714.52,2026-01-01
2026,1,49,3,74643.46,2026-01-01
2026,1,50,11,76128.67,2026-01-01
2026,1,51,25,59828.09,2026-01-01
2026,1,52,16,76001.44,2026-01-01
2026,1,53,13,64912.20,2026-01-01
2026,1,54,15,60675.90,2026-01-01
2026,1,55,6,57761.87,2026-01-01
2026,1,56,29,104572.29,2026-01-01
2026,1,57,13,71963.75,2026-01-01
2026,1,58,25,104294.00,2026-01-01
2026,1,59,17,62774.73,2026-01-01
2026,1,60,8,76299.47,2026-01-01
2026,1,61,28,96822.59,2026-01-01
2026,1,62,21,63655.19,2026-01-01
2026,1,63,16,108819.99,2026-01-01
2026,1,64,29,75789.87,2026-01-01
2026,1,65,19,85608.04,2026-01-01
2026,1,66,23,68425.35,2026-01-01
2026,1,67,13,68259.77,2026-01-01
2026,1,68,12,97089.03,2026-01-01
2026,1,69,6,53111.11,2026-01-01
2026,1,70,3,77825.50,2026-01-01
2026,1,71,4,95699.37,2026-01-01
2026,1,72,27,60175.54,2026-01-01
2026,1,73,1,64431.57,2026-01-01
2026,1,74,2,56464.93,2026-01-01
2026,1,75,30,63017.53,2026-01-01
2026,1,76,3,98961.15,2026-01-01
2026,1,77,2,94474.05,2026-01-01
2026,1,78,29,71102.12,2026-01-01
2026,1,79,19,85015.10,2026-01-01
2026,1,80,13,97436.23,2026-01-01
2026,1,81,23,54971.29,2026-01-01
2026,1,82,11,79000.79,2026-01-01
2026,1,83,13,48841.99,2026-01-01
2026,1,84,1,51522.70,2026-01-01
2026,1,85,28,72956.09,2026-01-01
2026,1,86,26,71568.99,2026-01-01
2026,1,87,25,91430.71,2026-01-01
2026,1,88,17,86781.95,2026-01-01
2026,1,89,24,49668.03,2026-01-01
2026,1,90,13,84236.63,2026-01-01
2026,1,91,12,61484.24,2026-01-01
2026,1,92,12,79019.98,2026-01-01
2026,1,93,30,87897.45,2026-01-01
2026,1,94,19,82895.44,2026-01-01
2026,1,95,14,73002.25,2026-01-01
2026,1,96,29,65079.21,2026-01-01
2026,1,97,24,55147.10,2026-01-01
2026,1,98,30,77861.74,2026-01-01
2026,1,99,30,84784.02,2026-01-01
2026,1,100,16,64220.93,2026-01-01
2026,1,101,26,70788.63,2026-01-01
2026,1,102,6,93327.08,2026-01-01
2026,1,103,20,75734.93,2026-01-01
2026,1,104,1,56412.79,2026-01-01
2026,1,105,18,60633.80,2026-01-01
2026,1,106,6,113104.88,2026-01-01
2026,1,107,18,64960.99,2026-01-01
2026,1,108,7,73625.23,2026-01-01
2026,1,109,12,100183.61,2026-01-01
2026,1,110,25,69202.99,2026-01-01
2026,1,111,8,45482.31,2026-01-01
2026,1,112,12,83535.67,2026-01-01
2026,1,113,30,56681.33,2026-01-01
2026,1,114,8,61735.55,2026-01-01
2026,1,115,10,100678.39,2026-01-01
2026,1,116,5,107984.82,2026-01-01
2026,1,117,23,89762.32,2026-01-01
2026,1,118,17,103900.88,2026-01-01
2026,1,119,26,73872.16,2026-01-01
2026,1,120,4,47624.92,2026-01-01
2026,1,121,3,56444.13,2026-01-01
2026,1,122,12,54004.05,2026-01-01
2026,1,123,29,71569.74,2026-01-01
2026,1,124,10,69155.57,2026-01-01
2026,1,125,12,83023.31,2026-01-01
2026,1,126,12,77559.35,2026-01-01
2026,1,127,7,53952.10,2026-01-01
2026,1,128,10,80400.49,2026-01-01
2026,1,129,29,53669.74,2026-01-01
2026,1,130,22,75968.45,2026-01-01
2026,1,131,10,62630.18,2026-01-01
2026,1,132,19,87549.24,2026-01-01
2026,1,133,8,61014.15,2026-01-01
2026,1,134,1,48427.03,2026-01-01
2026,1,135,26,67590.21,2026-01-01
2026,1,136,6,120105.82,2026-01-01
2026,1,137,10,68348.24,2026-01-01
2026,1,138,26,90662.21,2026-01-01
2026,1,139,9,92594.82,2026-01-01
2026,1,140,21,75922.38,2026-01-01
2026,1,141,3,61354.14,2026-01-01
2026,1,142,19,59150.00,2026-01-01
2026,1,143,2,60445.10,2026-01-01
2026,1,144,5,67388.33,2026-01-01
2026,1,145,29,40251.07,2026-01-01
2026,1,146,11,71262.80,2026-01-01
2026,1,147,12,123328.44,2026-01-01
2026,1,148,4,65789.59,2026-01-01
2026,1,149,19,87022.70,2026-01-01
2026,1,150,21,111315.02,2026-01-01
2026,1,151,29,92052.26,2026-01-01
2026,1,152,2,85154.40,2026-01-01
2026,1,153,18,59452.13,2026-01-01
2026,1,154,4,95309.10,2026-01-01
2026,1,155,1,122597.62,2026-01-01
2026,1,156,14,71606.06,2026-01-01
2026,1,157,10,100170.83,2026-01-01
2026,1,158,25,75723.61,2026-01-01
2026,1,159,13,78919.63,2026-01-01
2026,1,160,17,42976.72,2026-01-01
2026,1,161,7,49005.15,2026-01-01
2026,1,162,17,68240.02,2026-01-01
2026,1,163,17,73642.03,2026-01-01
2026,1,164,16,67609.27,2026-01-01
2026,1,165,1,74855.48,2026-01-01
2026,1,166,10,65896.56,2026-01-01
2026,1,167,26,49520.79,2026-01-01
2026,1,168,30,56180.93,2026-01-01
2026,1,169,15,64660.34,2026-01-01
2026,1,170,2,74024.66,2026-01-01
2026,1,171,17,83858.34,2026-01-01
2026,1,172,19,61572.93,2026-01-01
2026,1,173,13,72261.17,2026-01-01
2026,1,174,11,46982.47,2026-01-01
2026,1,175,20,103674.09,2026-01-01
2026,1,176,24,73222.49,2026-01-01
2026,1,177,16,92367.35,2026-01-01
2026,1,178,4,103684.12,2026-01-01
2026,1,179,26,109386.47,2026-01-01
2026,1,180,12,80706.47,2026-01-01
2026,1,181,6,57308.55,2026-01-01
2026,1,182,14,121791.68,2026-01-01
2026,1,183,22,78933.88,2026-01-01
2026,1,184,15,52007.63,2026-01-01
2026,1,185,6,96828.10,2026-01-01
2026,1,186,11,73694.00,2026-01-01
2026,1,187,2,56939.10,2026-01-01
2026,1,188,12,57820.60,2026-01-01
2026,1,189,21,110460.20,2026-01-01
2026,1,190,20,50995.14,2026-01-01
2026,1,191,18,56203.92,2026-01-01
2026,1,192,28,55411.13,2026-01-01
2026,1,193,5,46336.99,2026-01-01
2026,1,194,5,75222.61,2026-01-01
2026,1,195,14,45178.95,2026-01-01
2026,1,196,6,119288.75,2026-01-01
2026,1,197,11,87178.60,2026-01-01
2026,1,198,3,60973.67,2026-01-01
2026,1,199,19,55429.17,2026-01-01
2026,1,200,24,85664.37,2026-01-01
2026,2,1,9,63763.67,2026-02-01
2026,2,2,9,70188.29,2026-02-01
2026,2,3,12,119434.09,2026-02-01
2026,2,4,11,75471.62,2026-02-01
2026,2,5,27,63258.93,2026-02-01
2026,2,6,20,89073.49,2026-02-01
2026,2,7,7,110003.84,2026-02-01
2026,2,8,29,88845.10,2026-02-01
2026,2,9,3,72262.05,2026-02-01
2026,2,10,8,55312.38,2026-02-01
2026,2,11,23,59089.26,2026-02-01
2026,2,12,15,92762.28,2026-02-01
2026,2,13,11,96106.42,2026-02-01
2026,2,14,14,55064.08,2026-02-01
2026,2,15,4,70898.46,2026-02-01
2026,2,16,1,70523.89,2026-02-01
2026,2,17,4,54722.38,2026-02-01
2026,2,18,24,84196.20,2026-02-01
2026,2,19,7,84190.14,2026-02-01
2026,2,20,22,122450.04,2026-02-01
2026,2,21,9,76526.67,2026-02-01
2026,2,22,23,76471.48,2026-02-01
2026,2,23,27,59545.32,2026-02-01
2026,2,24,23,48882.82,2026-02-01
2026,2,25,10,58266.85,2026-02-01
2026,2,26,28,84113.31,2026-02-01
2026,2,27,27,72161.84,2026-02-01
2026,2,28,12,62811.57,2026-02-01
2026,2,29,6,127484.05,2026-02-01
2026,2,30,5,105514.42,2026-02-01
2026,2,31,7,65624.42,2026-02-01
2026,2,32,12,67495.15,2026-02-01
2026,2,33,14,56504.42,2026-02-01
2026,2,34,1,104837.61,2026-02-01
2026,2,35,15,72963.98,2026-02-01
2026,2,36,5,88052.65,2026-02-01
2026,2,37,27,82444.36,2026-02-01
2026,2,38,18,82226.78,2026-02-01
2026,2,39,19,61113.76,2026-02-01
2026,2,40,23,79120.37,2026-02-01
2026,2,41,25,92038.05,2026-02-01
2026,2,42,28,61547.51,2026-02-01
2026,2,43,13,92459.62,2026-02-01
2026,2,44,22,67845.46,2026-02-01
2026,2,45,30,89766.36,2026-02-01
2026,2,46,12,105448.62,2026-02-01
2026,2,47,30,56199.78,2026-02-01
2026,2,48,12,55550.26,2026-02-01
2026,2,49,3,81389.08,2026-02-01
2026,2,50,11,54156.69,2026-02-01
2026,2,51,25,64066.27,2026-02-01
2026,2,52,16,75630.08,2026-02-01
2026,2,53,13,70018.14,2026-02-01
2026,2,54,15,48056.74,2026-02-01
2026,2,55,6,58671.74,2026-02-01
2026,2,56,29,88953.95,2026-02-01
2026,2,57,13,112659.39,2026-02-01
2026,2,58,25,64283.71,2026-02-01
2026,2,59,17,76454.37,2026-02-01
2026,2,60,8,53874.13,2026-02-01
2026,2,61,28,80283.66,2026-02-01
2026,2,62,21,53682.08,2026-02-01
2026,2,63,16,84391.10,2026-02-01
2026,2,64,29,49671.01,2026-02-01
2026,2,65,19,103754.48,2026-02-01
2026,2,66,23,61585.41,2026-02-01
2026,2,67,13,60600.74,2026-02-01
2026,2,68,12,81815.06,2026-02-01
2026,2,69,6,48270.02,2026-02-01
2026,2,70,3,73811.62,2026-02-01
2026,2,71,4,94027.01,2026-02-01
2026,2,72,27,57426.82,2026-02-01
2026,2,73,1,87051.43,2026-02-01
2026,2,74,2,55135.58,2026-02-01
2026,2,75,30,76510.71,2026-02-01
2026,2,76,3,90386.27,2026-02-01
2026,2,77,2,78267.44,2026-02-01
2026,2,78,29,80961.47,2026-02-01
2026,2,79,19,76077.43,2026-02-01
2026,2,80,13,73920.89,2026-02-01
2026,2,81,23,70680.54,2026-02-01
2026,2,82,11,67260.22,2026-02-01
2026,2,83,13,73614.23,2026-02-01
2026,2,84,1,60301.92,2026-02-01
2026,2,85,28,60883.43,2026-02-01
2026,2,86,26,78462.72,2026-02-01
2026,2,87,25,101681.32,2026-02-01
2026,2,88,17,71800.90,2026-02-01
2026,2,89,24,61076.91,2026-02-01
2026,2,90,13,74862.85,2026-02-01
2026,2,91,12,66499.69,2026-02-01
2026,2,92,12,53069.60,2026-02-01
2026,2,93,30,76538.74,2026-02-01
2026,2,94,19,101622.50,2026-02-01
2026,2,95,14,72219.80,2026-02-01
2026,2,96,29,67622.01,2026-02-01
2026,2,97,24,54112.78,2026-02-01
2026,2,98,30,76525.16,2026-02-01
2026,2,99,30,77001.04,2026-02-01
2026,2,100,16,70697.81,2026-02-01
2026,2,101,26,81604.23,2026-02-01
2026,2,102,6,66216.08,2026-02-01
2026,2,103,20,96608.52,2026-02-01
2026,2,104,1,71194.22,2026-02-01
2026,2,105,18,104971.87,2026-02-01
2026,2,106,6,98265.31,2026-02-01
2026,2,107,18,51348.08,2026-02-01
2026,2,108,7,88849.09,2026-02-01
2026,2,109,12,109900.97,2026-02-01
2026,2,110,25,93015.13,2026-02-01
2026,2,111,8,55882.19,2026-02-01
2026,2,112,12,62243.74,2026-02-01
2026,2,113,30,45298.99,2026-02-01
2026,2,114,8,77473.24,2026-02-01
2026,2,115,10,104123.65,2026-02-01
2026,2,116,5,88755.25,2026-02-01
2026,2,117,23,117084.23,2026-02-01
2026,2,118,17,84761.35,2026-02-01
2026,2,119,26,54929.86,2026-02-01
2026,2,120,4,61119.51,2026-02-01
2026,2,121,3,69694.88,2026-02-01
2026,2,122,12,64769.51,2026-02-01
2026,2,123,29,74878.74,2026-02-01
2026,2,124,10,77052.14,2026-02-01
2026,2,125,12,59490.24,2026-02-01
2026,2,126,12,63206.56,2026-02-01
2026,2,127,7,71305.04,2026-02-01
2026,2,128,10,93472.60,2026-02-01
2026,2,129,29,79177.12,2026-02-01
2026,2,130,22,103538.00,2026-02-01
2026,2,131,10,57631.08,2026-02-01
2026,2,132,19,69029.63,2026-02-01
2026,2,133,8,88731.59,2026-02-01
2026,2,134,1,78619.97,2026-02-01
2026,2,135,26,67287.54,2026-02-01
2026,2,136,6,91393.52,2026-02-01
2026,2,137,10,68383.96,2026-02-01
2026,2,138,26,67205.50,2026-02-01
2026,2,139,9,99370.80,2026-02-01
2026,2,140,21,77541.20,2026-02-01
2026,2,141,3,49773.46,2026-02-01
2026,2,142,19,75953.53,2026-02-01
2026,2,143,2,59051.46,2026-02-01
2026,2,144,5,99163.38,2026-02-01
2026,2,145,29,66413.71,2026-02-01
2026,2,146,11,66574.12,2026-02-01
2026,2,147,12,98412.56,2026-02-01
2026,2,148,4,56299.31,2026-02-01
2026,2,149,19,87824.13,2026-02-01
2026,2,150,21,112665.73,2026-02-01
2026,2,151,29,71878.46,2026-02-01
2026,2,152,2,112925.89,2026-02-01
2026,2,153,18,71880.63,2026-02-01
2026,2,154,4,69991.89,2026-02-01
2026,2,155,1,106615.28,2026-02-01
2026,2,156,14,55848.37,2026-02-01
2026,2,157,10,90039.69,2026-02-01
2026,2,158,25,69374.51,2026-02-01
2026,2,159,13,85735.93,2026-02-01
2026,2,160,17,67404.97,2026-02-01
2026,2,161,7,56008.66,2026-02-01
2026,2,162,17,102412.36,2026-02-01
2026,2,163,17,81119.51,2026-02-01
2026,2,164,16,91132.56,2026-02-01
2026,2,165,1,59463.86,2026-02-01
2026,2,166,10,76305.91,2026-02-01
2026,2,167,26,43609.70,2026-02-01
2026,2,168,30,57765.00,2026-02-01
2026,2,169,15,91757.41,2026-02-01
2026,2,170,2,52476.33,2026-02-01
2026,2,171,17,85993.63,2026-02-01
2026,2,172,19,56722.67,2026-02-01
2026,2,173,13,92995.36,2026-02-01
2026,2,174,11,57862.38,2026-02-01
2026,2,175,20,111833.96,2026-02-01
2026,2,176,24,71780.20,2026-02-01
2026,2,177,16,97038.53,2026-02-01
2026,2,178,4,93656.72,2026-02-01
2026,2,179,26,99344.42,2026-02-01
2026,2,180,12,71769.47,2026-02-01
2026,2,181,6,63349.27,2026-02-01
2026,2,182,14,105878.05,2026-02-01
2026,2,183,22,77735.83,2026-02-01
2026,2,184,15,67594.30,2026-02-01
2026,2,185,6,108031.04,2026-02-01
2026,2,186,11,93365.59,2026-02-01
2026,2,187,2,57147.93,2026-02-01
2026,2,188,12,41349.11,2026-02-01
2026,2,189,21,93888.47,2026-02-01
2026,2,190,20,63705.67,2026-02-01
2026,2,191,18,52581.28,2026-02-01
2026,2,192,28,68440.93,2026-02-01
2026,2,193,5,66704.23,2026-02-01
2026,2,194,5,100897.95,2026-02-01
2026,2,195,14,52254.86,2026-02-01
2026,2,196,6,90567.38,2026-02-01
2026,2,197,11,105219.36,2026-02-01
2026,2,198,3,54978.79,2026-02-01
2026,2,199,19,53633.28,2026-02-01
2026,2,200,24,76599.91,2026-02-01
2026,3,1,9,85403.91,2026-03-01
2026,3,2,9,58841.43,2026-03-01
2026,3,3,12,135586.44,2026-03-01
2026,3,4,11,90490.38,2026-03-01
2026,3,5,27,93330.81,2026-03-01
2026,3,6,20,98151.27,2026-03-01
2026,3,7,7,88035.96,2026-03-01
2026,3,8,29,105645.63,2026-03-01
2026,3,9,3,79970.51,2026-03-01
2026,3,10,8,78623.29,2026-03-01
2026,3,11,23,66289.38,2026-03-01
2026,3,12,15,80684.92,2026-03-01
2026,3,13,11,108128.18,2026-03-01
2026,3,14,14,65100.87,2026-03-01
2026,3,15,4,91322.32,2026-03-01
2026,3,16,1,60968.54,2026-03-01
2026,3,17,4,67524.12,2026-03-01
2026,3,18,24,74722.85,2026-03-01
2026,3,19,7,106905.19,2026-03-01
2026,3,20,22,77046.08,2026-03-01
2026,3,21,9,96406.57,2026-03-01
2026,3,22,23,71130.24,2026-03-01
2026,3,23,27,72021.90,2026-03-01
2026,3,24,23,61504.75,2026-03-01
2026,3,25,10,70935.29,2026-03-01
2026,3,26,28,83767.88,2026-03-01
2026,3,27,27,78103.13,2026-03-01
2026,3,28,12,59980.65,2026-03-01
2026,3,29,6,100987.37,2026-03-01
2026,3,30,5,89751.68,2026-03-01
2026,3,31,7,68643.64,2026-03-01
2026,3,32,12,70993.22,2026-03-01
2026,3,33,14,85412.08,2026-03-01
2026,3,34,1,99448.96,2026-03-01
2026,3,35,15,70034.13,2026-03-01
2026,3,36,5,94223.35,2026-03-01
2026,3,37,27,65679.14,2026-03-01
2026,3,38,18,118303.73,2026-03-01
2026,3,39,19,69715.21,2026-03-01
2026,3,40,23,67465.37,2026-03-01
2026,3,41,25,56213.98,2026-03-01
2026,3,42,28,63208.81,2026-03-01
2026,3,43,13,124269.80,2026-03-01
2026,3,44,22,87238.52,2026-03-01
2026,3,45,30,83895.53,2026-03-01
2026,3,46,12,131475.64,2026-03-01
2026,3,47,30,51771.23,2026-03-01
2026,3,48,12,79588.00,2026-03-01
2026,3,49,3,103353.18,2026-03-01
2026,3,50,11,88449.62,2026-03-01
2026,3,51,25,78877.26,2026-03-01
2026,3,52,16,93355.50,2026-03-01
2026,3,53,13,58384.47,2026-03-01
2026,3,54,15,64662.28,2026-03-01
2026,3,55,6,66277.60,2026-03-01
2026,3,56,29,119206.64,2026-03-01
2026,3,57,13,93966.25,2026-03-01
2026,3,58,25,92006.24,2026-03-01
2026,3,59,17,58708.63,2026-03-01
2026,3,60,8,89450.15,2026-03-01
2026,3,61,28,95594.47,2026-03-01
2026,3,62,21,98130.54,2026-03-01
2026,3,63,16,99743.19,2026-03-01
2026,3,64,29,88066.41,2026-03-01
2026,3,65,19,112120.67,2026-03-01
2026,3,66,23,95111.05,2026-03-01
2026,3,67,13,75226.85,2026-03-01
2026,3,68,12,80020.12,2026-03-01
2026,3,69,6,63787.38,2026-03-01
2026,3,70,3,92665.86,2026-03-01
2026,3,71,4,78980.22,2026-03-01
2026,3,72,27,52911.94,2026-03-01
2026,3,73,1,89904.54,2026-03-01
2026,3,74,2,81180.71,2026-03-01
2026,3,75,30,75138.06,2026-03-01
2026,3,76,3,116039.45,2026-03-01
2026,3,77,2,89662.13,2026-03-01
2026,3,78,29,79662.79,2026-03-01
2026,3,79,19,92417.74,2026-03-01
2026,3,80,13,67329.66,2026-03-01
2026,3,81,23,62596.12,2026-03-01
2026,3,82,11,60014.20,2026-03-01
2026,3,83,13,85973.57,2026-03-01
2026,3,84,1,49533.94,2026-03-01
2026,3,85,28,62713.66,2026-03-01
2026,3,86,26,85873.28,2026-03-01
2026,3,87,25,92664.34,2026-03-01
2026,3,88,17,97321.13,2026-03-01
2026,3,89,24,46391.81,2026-03-01
2026,3,90,13,72839.49,2026-03-01
2026,3,91,12,58801.26,2026-03-01
2026,3,92,12,76065.24,2026-03-01
2026,3,93,30,80495.80,2026-03-01
2026,3,94,19,108488.02,2026-03-01
2026,3,95,14,103261.92,2026-03-01
2026,3,96,29,91903.99,2026-03-01
2026,3,97,24,65783.36,2026-03-01
2026,3,98,30,89868.91,2026-03-01
2026,3,99,30,54680.32,2026-03-01
2026,3,100,16,59503.98,2026-03-01
2026,3,101,26,119010.55,2026-03-01
2026,3,102,6,86341.04,2026-03-01
2026,3,103,20,124725.48,2026-03-01
2026,3,104,1,65885.55,2026-03-01
2026,3,105,18,107513.71,2026-03-01
2026,3,106,6,113701.79,2026-03-01
2026,3,107,18,71318.82,2026-03-01
2026,3,108,7,62444.95,2026-03-01
2026,3,109,12,76051.48,2026-03-01
2026,3,110,25,76258.85,2026-03-01
2026,3,111,8,57939.98,2026-03-01
2026,3,112,12,89264.94,2026-03-01
2026,3,113,30,70296.71,2026-03-01
2026,3,114,8,66415.21,2026-03-01
2026,3,115,10,110962.35,2026-03-01
2026,3,116,5,71130.76,2026-03-01
2026,3,117,23,106468.89,2026-03-01
2026,3,118,17,133894.06,2026-03-01
2026,3,119,26,66209.21,2026-03-01
2026,3,120,4,54942.39,2026-03-01
2026,3,121,3,61091.59,2026-03-01
2026,3,122,12,75615.17,2026-03-01
2026,3,123,29,80988.73,2026-03-01
2026,3,124,10,62280.57,2026-03-01
2026,3,125,12,70861.07,2026-03-01
2026,3,126,12,69910.23,2026-03-01
2026,3,127,7,69948.74,2026-03-01
2026,3,128,10,127499.19,2026-03-01
2026,3,129,29,85449.85,2026-03-01
2026,3,130,22,119864.26,2026-03-01
2026,3,131,10,60089.64,2026-03-01
2026,3,132,19,65244.66,2026-03-01
2026,3,133,8,82326.01,2026-03-01
2026,3,134,1,68953.27,2026-03-01
2026,3,135,26,83625.17,2026-03-01
2026,3,136,6,88397.25,2026-03-01
2026,3,137,10,93462.62,2026-03-01
2026,3,138,26,81145.02,2026-03-01
2026,3,139,9,103211.79,2026-03-01
2026,3,140,21,91542.35,2026-03-01
2026,3,141,3,45406.76,2026-03-01
2026,3,142,19,72100.25,2026-03-01
2026,3,143,2,59432.45,2026-03-01
2026,3,144,5,88090.33,2026-03-01
2026,3,145,29,43197.20,2026-03-01
2026,3,146,11,86778.79,2026-03-01
2026,3,147,12,105987.20,2026-03-01
2026,3,148,4,54479.72,2026-03-01
2026,3,149,19,81378.27,2026-03-01
2026,3,150,21,95245.75,2026-03-01
2026,3,151,29,57893.46,2026-03-01
2026,3,152,2,104212.08,2026-03-01
2026,3,153,18,47486.42,2026-03-01
2026,3,154,4,101926.02,2026-03-01
2026,3,155,1,107681.52,2026-03-01
2026,3,156,14,88209.33,2026-03-01
2026,3,157,10,109011.09,2026-03-01
2026,3,158,25,98584.18,2026-03-01
2026,3,159,13,73190.97,2026-03-01
2026,3,160,17,76831.51,2026-03-01
2026,3,161,7,61971.89,2026-03-01
2026,3,162,17,88483.10,2026-03-01
2026,3,163,17,95456.02,2026-03-01
2026,3,164,16,120672.63,2026-03-01
2026,3,165,1,62043.92,2026-03-01
2026,3,166,10,86424.35,2026-03-01
2026,3,167,26,52976.38,2026-03-01
2026,3,168,30,96135.83,2026-03-01
2026,3,169,15,115666.50,2026-03-01
2026,3,170,2,77251.24,2026-03-01
2026,3,171,17,68950.09,2026-03-01
2026,3,172,19,88042.90,2026-03-01
2026,3,173,13,69698.33,2026-03-01
2026,3,174,11,52314.48,2026-03-01
2026,3,175,20,100387.41,2026-03-01
2026,3,176,24,89891.47,2026-03-01
2026,3,177,16,90639.18,2026-03-01
2026,3,178,4,108650.96,2026-03-01
2026,3,179,26,113668.31,2026-03-01
2026,3,180,12,79543.00,2026-03-01
2026,3,181,6,73025.08,2026-03-01
2026,3,182,14,89932.71,2026-03-01
2026,3,183,22,82587.20,2026-03-01
2026,3,184,15,68274.59,2026-03-01
2026,3,185,6,75071.66,2026-03-01
2026,3,186,11,99523.08,2026-03-01
2026,3,187,2,86763.59,2026-03-01
2026,3,188,12,46831.16,2026-03-01
2026,3,189,21,117469.75,2026-03-01
2026,3,190,20,57567.72,2026-03-01
2026,3,191,18,85637.91,2026-03-01
2026,3,192,28,68131.97,2026-03-01
2026,3,193,5,62702.08,2026-03-01
2026,3,194,5,85088.61,2026-03-01
2026,3,195,14,54741.02,2026-03-01
2026,3,196,6,78823.79,2026-03-01
2026,3,197,11,75634.43,2026-03-01
2026,3,198,3,68370.02,2026-03-01
2026,3,199,19,61169.67,2026-03-01
2026,3,200,24,84145.69,2026-03-01
2026,4,1,9,85549.64,2026-04-01
2026,4,2,9,76576.19,2026-04-01
2026,4,3,12,96727.04,2026-04-01
2026,4,4,11,99033.76,2026-04-01
2026,4,5,27,114614.53,2026-04-01
2026,4,6,20,117095.45,2026-04-01
2026,4,7,7,102883.34,2026-04-01
2026,4,8,29,86551.62,2026-04-01
2026,4,9,3,138186.67,2026-04-01
2026,4,10,8,61549.03,2026-04-01
2026,4,11,23,49302.16,2026-04-01
2026,4,12,15,100671.73,2026-04-01
2026,4,13,11,80871.76,2026-04-01
2026,4,14,14,61110.60,2026-04-01
2026,4,15,4,73727.25,2026-04-01
2026,4,16,1,71442.00,2026-04-01
2026,4,17,4,55660.24,2026-04-01
2026,4,18,24,112711.98,2026-04-01
2026,4,19,7,104593.10,2026-04-01
2026,4,20,22,114065.92,2026-04-01
2026,4,21,9,71838.21,2026-04-01
2026,4,22,23,62427.15,2026-04-01
2026,4,23,27,78275.27,2026-04-01
2026,4,24,23,90911.16,2026-04-01
2026,4,25,10,66493.19,2026-04-01
2026,4,26,28,93147.58,2026-04-01
2026,4,27,27,64999.77,2026-04-01
2026,4,28,12,73817.72,2026-04-01
2026,4,29,6,135685.89,2026-04-01
2026,4,30,5,73603.25,2026-04-01
2026,4,31,7,67268.14,2026-04-01
2026,4,32,12,47781.35,2026-04-01
2026,4,33,14,80521.37,2026-04-01
2026,4,34,1,132324.76,2026-04-01
2026,4,35,15,53083.83,2026-04-01
2026,4,36,5,124964.32,2026-04-01
2026,4,37,27,99135.63,2026-04-01
2026,4,38,18,97414.91,2026-04-01
2026,4,39,19,95231.71,2026-04-01
2026,4,40,23,66779.77,2026-04-01
2026,4,41,25,69896.55,2026-04-01
2026,4,42,28,67379.90,2026-04-01
2026,4,43,13,76606.66,2026-04-01
2026,4,44,22,90787.79,2026-04-01
2026,4,45,30,128265.99,2026-04-01
2026,4,46,12,120606.66,2026-04-01
2026,4,47,30,75789.03,2026-04-01
2026,4,48,12,92943.10,2026-04-01
2026,4,49,3,67385.25,2026-04-01
2026,4,50,11,67877.57,2026-04-01
2026,4,51,25,89804.32,2026-04-01
2026,4,52,16,62522.47,2026-04-01
2026,4,53,13,71811.71,2026-04-01
2026,4,54,15,81884.77,2026-04-01
2026,4,55,6,55894.32,2026-04-01
2026,4,56,29,114073.47,2026-04-01
2026,4,57,13,94483.35,2026-04-01
2026,4,58,25,88591.37,2026-04-01
2026,4,59,17,85123.94,2026-04-01
2026,4,60,8,80643.90,2026-04-01
2026,4,61,28,89699.35,2026-04-01
2026,4,62,21,93310.81,2026-04-01
2026,4,63,16,99997.68,2026-04-01
2026,4,64,29,80821.03,2026-04-01
2026,4,65,19,133270.38,2026-04-01
2026,4,66,23,76335.00,2026-04-01
2026,4,67,13,60487.76,2026-04-01
2026,4,68,12,71954.85,2026-04-01
2026,4,69,6,51720.66,2026-04-01
2026,4,70,3,75572.68,2026-04-01
2026,4,71,4,84794.13,2026-04-01
2026,4,72,27,54088.22,2026-04-01
2026,4,73,1,61551.51,2026-04-01
2026,4,74,2,93443.67,2026-04-01
2026,4,75,30,90358.24,2026-04-01
2026,4,76,3,84407.48,2026-04-01
2026,4,77,2,62763.64,2026-04-01
2026,4,78,29,84612.78,2026-04-01
2026,4,79,19,56481.72,2026-04-01
2026,4,80,13,111270.18,2026-04-01
2026,4,81,23,59184.05,2026-04-01
2026,4,82,11,85453.39,2026-04-01
2026,4,83,13,71647.50,2026-04-01
2026,4,84,1,57070.91,2026-04-01
2026,4,85,28,84260.48,2026-04-01
2026,4,86,26,85260.20,2026-04-01
2026,4,87,25,78100.69,2026-04-01
2026,4,88,17,112725.25,2026-04-01
2026,4,89,24,59657.68,2026-04-01
2026,4,90,13,76115.88,2026-04-01
2026,4,91,12,73235.21,2026-04-01
2026,4,92,12,73790.18,2026-04-01
2026,4,93,30,98982.70,2026-04-01
2026,4,94,19,107427.29,2026-04-01
2026,4,95,14,103014.09,2026-04-01
2026,4,96,29,93114.33,2026-04-01
2026,4,97,24,70139.23,2026-04-01
2026,4,98,30,81917.42,2026-04-01
2026,4,99,30,61638.71,2026-04-01
2026,4,100,16,78283.02,2026-04-01
2026,4,101,26,131684.63,2026-04-01
2026,4,102,6,92377.61,2026-04-01
2026,4,103,20,89250.62,2026-04-01
2026,4,104,1,73983.30,2026-04-01
2026,4,105,18,73784.26,2026-04-01
2026,4,106,6,80209.83,2026-04-01
2026,4,107,18,72293.55,2026-04-01
2026,4,108,7,86703.35,2026-04-01
2026,4,109,12,82760.10,2026-04-01
2026,4,110,25,87336.66,2026-04-01
2026,4,111,8,57600.18,2026-04-01
2026,4,112,12,60393.48,2026-04-01
2026,4,113,30,57054.27,2026-04-01
2026,4,114,8,61099.07,2026-04-01
2026,4,115,10,104184.36,2026-04-01
2026,4,116,5,81435.26,2026-04-01
2026,4,117,23,95675.49,2026-04-01
2026,4,118,17,128716.52,2026-04-01
2026,4,119,26,90543.86,2026-04-01
2026,4,120,4,47669.70,2026-04-01
2026,4,121,3,82643.30,2026-04-01
2026,4,122,12,46535.11,2026-04-01
2026,4,123,29,77632.06,2026-04-01
2026,4,124,10,76968.65,2026-04-01
2026,4,125,12,61909.84,2026-04-01
2026,4,126,12,101540.01,2026-04-01
2026,4,127,7,50277.14,2026-04-01
2026,4,128,10,104194.45,2026-04-01
2026,4,129,29,64381.60,2026-04-01
2026,4,130,22,80741.68,2026-04-01
2026,4,131,10,63682.72,2026-04-01
2026,4,132,19,96761.45,2026-04-01
2026,4,133,8,70389.99,2026-04-01
2026,4,134,1,58408.75,2026-04-01
2026,4,135,26,73758.22,2026-04-01
2026,4,136,6,133269.84,2026-04-01
2026,4,137,10,85350.16,2026-04-01
2026,4,138,26,62469.34,2026-04-01
2026,4,139,9,82842.74,2026-04-01
2026,4,140,21,70520.24,2026-04-01
2026,4,141,3,78211.33,2026-04-01
2026,4,142,19,96882.07,2026-04-01
2026,4,143,2,86582.66,2026-04-01
2026,4,144,5,96517.94,2026-04-01
2026,4,145,29,46985.10,2026-04-01
2026,4,146,11,88003.94,2026-04-01
2026,4,147,12,135231.19,2026-04-01
2026,4,148,4,47240.03,2026-04-01
2026,4,149,19,102354.79,2026-04-01
2026,4,150,21,91974.01,2026-04-01
2026,4,151,29,77892.81,2026-04-01
2026,4,152,2,113541.72,2026-04-01
2026,4,153,18,59357.82,2026-04-01
2026,4,154,4,103209.48,2026-04-01
2026,4,155,1,97020.74,2026-04-01
2026,4,156,14,94280.72,2026-04-01
2026,4,157,10,70658.11,2026-04-01
2026,4,158,25,77856.02,2026-04-01
2026,4,159,13,60746.22,2026-04-01
2026,4,160,17,77824.78,2026-04-01
2026,4,161,7,52629.48,2026-04-01
2026,4,162,17,84886.77,2026-04-01
2026,4,163,17,87783.49,2026-04-01
2026,4,164,16,106534.15,2026-04-01
2026,4,165,1,69592.86,2026-04-01
2026,4,166,10,82168.93,2026-04-01
2026,4,167,26,58093.13,2026-04-01
2026,4,168,30,76998.43,2026-04-01
2026,4,169,15,109969.28,2026-04-01
2026,4,170,2,91895.69,2026-04-01
2026,4,171,17,92647.89,2026-04-01
2026,4,172,19,69164.29,2026-04-01
2026,4,173,13,85956.90,2026-04-01
2026,4,174,11,66201.85,2026-04-01
2026,4,175,20,104675.74,2026-04-01
2026,4,176,24,72815.71,2026-04-01
2026,4,177,16,95579.62,2026-04-01
2026,4,178,4,86608.05,2026-04-01
2026,4,179,26,125764.75,2026-04-01
2026,4,180,12,84360.64,2026-04-01
2026,4,181,6,55182.79,2026-04-01
2026,4,182,14,116938.89,2026-04-01
2026,4,183,22,79327.02,2026-04-01
2026,4,184,15,71293.30,2026-04-01
2026,4,185,6,105613.02,2026-04-01
2026,4,186,11,124247.43,2026-04-01
2026,4,187,2,81908.50,2026-04-01
2026,4,188,12,45463.40,2026-04-01
2026,4,189,21,134261.15,2026-04-01
2026,4,190,20,72301.64,2026-04-01
2026,4,191,18,78051.61,2026-04-01
2026,4,192,28,87151.24,2026-04-01
2026,4,193,5,71743.53,2026-04-01
2026,4,194,5,108673.27,2026-04-01
2026,4,195,14,44077.04,2026-04-01
2026,4,196,6,93506.34,2026-04-01
2026,4,197,11,74007.38,2026-04-01
2026,4,198,3,52146.10,2026-04-01
2026,4,199,19,88695.89,2026-04-01
2026,4,200,24,88956.04,2026-04-01
2026,5,1,9,88042.30,2026-05-01
2026,5,2,9,52851.40,2026-05-01
2026,5,3,12,112010.50,2026-05-01
2026,5,4,11,116784.92,2026-05-01
2026,5,5,27,119701.31,2026-05-01
2026,5,6,20,104677.18,2026-05-01
2026,5,7,7,115739.85,2026-05-01
2026,5,8,29,89667.24,2026-05-01
2026,5,9,3,105885.88,2026-05-01
2026,5,10,8,60988.73,2026-05-01
2026,5,11,23,64372.34,2026-05-01
2026,5,12,15,116280.54,2026-05-01
2026,5,13,11,98879.01,2026-05-01
2026,5,14,14,64582.68,2026-05-01
2026,5,15,4,87834.38,2026-05-01
2026,5,16,1,65684.86,2026-05-01
2026,5,17,4,88879.25,2026-05-01
2026,5,18,24,100997.82,2026-05-01
2026,5,19,7,110004.85,2026-05-01
2026,5,20,22,91913.63,2026-05-01
2026,5,21,9,76364.25,2026-05-01
2026,5,22,23,96265.71,2026-05-01
2026,5,23,27,62547.61,2026-05-01
2026,5,24,23,101046.11,2026-05-01
2026,5,25,10,70315.05,2026-05-01
2026,5,26,28,104264.18,2026-05-01
2026,5,27,27,93776.84,2026-05-01
2026,5,28,12,51943.37,2026-05-01
2026,5,29,6,117765.12,2026-05-01
2026,5,30,5,110776.44,2026-05-01
2026,5,31,7,95140.19,2026-05-01
2026,5,32,12,49127.49,2026-05-01
2026,5,33,14,71037.71,2026-05-01
2026,5,34,1,142396.77,2026-05-01
2026,5,35,15,55658.62,2026-05-01
2026,5,36,5,106426.72,2026-05-01
2026,5,37,27,59364.40,2026-05-01
2026,5,38,18,143400.51,2026-05-01
2026,5,39,19,92464.76,2026-05-01
2026,5,40,23,57039.08,2026-05-01
2026,5,41,25,66341.05,2026-05-01
2026,5,42,28,54663.02,2026-05-01
2026,5,43,13,75533.74,2026-05-01
2026,5,44,22,112855.44,2026-05-01
2026,5,45,30,127242.16,2026-05-01
2026,5,46,12,100781.65,2026-05-01
2026,5,47,30,57772.00,2026-05-01
2026,5,48,12,73854.72,2026-05-01
2026,5,49,3,98989.92,2026-05-01
2026,5,50,11,67651.20,2026-05-01
2026,5,51,25,80302.01,2026-05-01
2026,5,52,16,84000.37,2026-05-01
2026,5,53,13,62555.09,2026-05-01
2026,5,54,15,54215.74,2026-05-01
2026,5,55,6,52349.28,2026-05-01
2026,5,56,29,121861.74,2026-05-01
2026,5,57,13,91070.14,2026-05-01
2026,5,58,25,100738.93,2026-05-01
2026,5,59,17,77075.17,2026-05-01
2026,5,60,8,74142.51,2026-05-01
2026,5,61,28,104528.31,2026-05-01
2026,5,62,21,82029.48,2026-05-01
2026,5,63,16,85636.99,2026-05-01
2026,5,64,29,65816.07,2026-05-01
2026,5,65,19,121158.83,2026-05-01
2026,5,66,23,96623.62,2026-05-01
2026,5,67,13,51737.87,2026-05-01
2026,5,68,12,76995.08,2026-05-01
2026,5,69,6,71971.50,2026-05-01
2026,5,70,3,96384.72,2026-05-01
2026,5,71,4,72391.69,2026-05-01
2026,5,72,27,46146.44,2026-05-01
2026,5,73,1,81468.10,2026-05-01
2026,5,74,2,73184.69,2026-05-01
2026,5,75,30,73966.87,2026-05-01
2026,5,76,3,84586.14,2026-05-01
2026,5,77,2,90808.57,2026-05-01
2026,5,78,29,64205.19,2026-05-01
2026,5,79,19,95299.96,2026-05-01
2026,5,80,13,108112.63,2026-05-01
2026,5,81,23,61962.30,2026-05-01
2026,5,82,11,70193.77,2026-05-01
2026,5,83,13,75366.70,2026-05-01
2026,5,84,1,66204.96,2026-05-01
2026,5,85,28,88235.86,2026-05-01
2026,5,86,26,95082.44,2026-05-01
2026,5,87,25,75689.87,2026-05-01
2026,5,88,17,99149.78,2026-05-01
2026,5,89,24,53929.52,2026-05-01
2026,5,90,13,86522.51,2026-05-01
2026,5,91,12,51425.90,2026-05-01
2026,5,92,12,58524.30,2026-05-01
2026,5,93,30,119767.61,2026-05-01
2026,5,94,19,65694.84,2026-05-01
2026,5,95,14,83213.14,2026-05-01
2026,5,96,29,124090.13,2026-05-01
2026,5,97,24,60976.03,2026-05-01
2026,5,98,30,85088.87,2026-05-01
2026,5,99,30,86482.04,2026-05-01
2026,5,100,16,79946.86,2026-05-01
2026,5,101,26,75406.82,2026-05-01
2026,5,102,6,98980.61,2026-05-01
2026,5,103,20,78300.36,2026-05-01
2026,5,104,1,73383.65,2026-05-01
2026,5,105,18,116361.86,2026-05-01
2026,5,106,6,114891.34,2026-05-01
2026,5,107,18,65052.20,2026-05-01
2026,5,108,7,87026.63,2026-05-01
2026,5,109,12,70968.01,2026-05-01
2026,5,110,25,102956.06,2026-05-01
2026,5,111,8,50615.39,2026-05-01
2026,5,112,12,74463.38,2026-05-01
2026,5,113,30,55487.99,2026-05-01
2026,5,114,8,96881.04,2026-05-01
2026,5,115,10,121567.01,2026-05-01
2026,5,116,5,92002.37,2026-05-01
2026,5,117,23,130497.24,2026-05-01
2026,5,118,17,84504.26,2026-05-01
2026,5,119,26,68786.44,2026-05-01
2026,5,120,4,67027.19,2026-05-01
2026,5,121,3,61845.96,2026-05-01
2026,5,122,12,72539.22,2026-05-01
2026,5,123,29,66308.15,2026-05-01
2026,5,124,10,60111.03,2026-05-01
2026,5,125,12,99665.98,2026-05-01
2026,5,126,12,79742.68,2026-05-01
2026,5,127,7,79055.95,2026-05-01
2026,5,128,10,87320.60,2026-05-01
2026,5,129,29,85613.32,2026-05-01
2026,5,130,22,104203.72,2026-05-01
2026,5,131,10,83984.01,2026-05-01
2026,5,132,19,106034.67,2026-05-01
2026,5,133,8,80555.06,2026-05-01
2026,5,134,1,58926.45,2026-05-01
2026,5,135,26,85022.06,2026-05-01
2026,5,136,6,115253.41,2026-05-01
2026,5,137,10,77351.11,2026-05-01
2026,5,138,26,100960.17,2026-05-01
2026,5,139,9,113738.38,2026-05-01
2026,5,140,21,75222.72,2026-05-01
2026,5,141,3,48715.46,2026-05-01
2026,5,142,19,69606.90,2026-05-01
2026,5,143,2,98215.19,2026-05-01
2026,5,144,5,80809.49,2026-05-01
2026,5,145,29,58235.51,2026-05-01
2026,5,146,11,109061.93,2026-05-01
2026,5,147,12,123566.65,2026-05-01
2026,5,148,4,81158.45,2026-05-01
2026,5,149,19,81955.69,2026-05-01
2026,5,150,21,130606.45,2026-05-01
2026,5,151,29,102623.55,2026-05-01
2026,5,152,2,89512.99,2026-05-01
2026,5,153,18,63826.94,2026-05-01
2026,5,154,4,71847.44,2026-05-01
2026,5,155,1,139530.87,2026-05-01
2026,5,156,14,85716.96,2026-05-01
2026,5,157,10,106945.93,2026-05-01
2026,5,158,25,69778.65,2026-05-01
2026,5,159,13,66259.69,2026-05-01
2026,5,160,17,65668.71,2026-05-01
2026,5,161,7,55529.66,2026-05-01
2026,5,162,17,113561.58,2026-05-01
2026,5,163,17,85314.85,2026-05-01
2026,5,164,16,109812.22,2026-05-01
2026,5,165,1,79090.51,2026-05-01
2026,5,166,10,74182.80,2026-05-01
2026,5,167,26,70504.05,2026-05-01
2026,5,168,30,93042.39,2026-05-01
2026,5,169,15,71891.96,2026-05-01
2026,5,170,2,84821.88,2026-05-01
2026,5,171,17,73181.95,2026-05-01
2026,5,172,19,58988.62,2026-05-01
2026,5,173,13,84290.53,2026-05-01
2026,5,174,11,48483.53,2026-05-01
2026,5,175,20,106849.62,2026-05-01
2026,5,176,24,57215.55,2026-05-01
2026,5,177,16,78166.33,2026-05-01
2026,5,178,4,103556.63,2026-05-01
2026,5,179,26,123671.61,2026-05-01
2026,5,180,12,65884.94,2026-05-01
2026,5,181,6,78233.24,2026-05-01
2026,5,182,14,109076.72,2026-05-01
2026,5,183,22,91494.68,2026-05-01
2026,5,184,15,62831.03,2026-05-01
2026,5,185,6,75593.79,2026-05-01
2026,5,186,11,106143.22,2026-05-01
2026,5,187,2,87004.19,2026-05-01
2026,5,188,12,65642.59,2026-05-01
2026,5,189,21,119224.00,2026-05-01
2026,5,190,20,61969.52,2026-05-01
2026,5,191,18,92839.49,2026-05-01
2026,5,192,28,81324.01,2026-05-01
2026,5,193,5,48183.40,2026-05-01
2026,5,194,5,104059.93,2026-05-01
2026,5,195,14,56671.58,2026-05-01
2026,5,196,6,82015.71,2026-05-01
2026,5,197,11,107233.80,2026-05-01
2026,5,198,3,48456.31,2026-05-01
2026,5,199,19,66420.39,2026-05-01
2026,5,200,24,75875.32,2026-05-01
2026,6,1,9,66480.91,2026-06-01
2026,6,2,9,63616.37,2026-06-01
2026,6,3,12,88380.96,2026-06-01
2026,6,4,11,97753.46,2026-06-01
2026,6,5,27,88925.58,2026-06-01
2026,6,6,20,104195.71,2026-06-01
2026,6,7,7,98519.09,2026-06-01
2026,6,8,29,106226.12,2026-06-01
2026,6,9,3,89371.47,2026-06-01
2026,6,10,8,88157.12,2026-06-01
2026,6,11,23,75160.03,2026-06-01
2026,6,12,15,96819.25,2026-06-01
2026,6,13,11,87469.75,2026-06-01
2026,6,14,14,68116.49,2026-06-01
2026,6,15,4,101426.72,2026-06-01
2026,6,16,1,76981.01,2026-06-01
2026,6,17,4,61614.46,2026-06-01
2026,6,18,24,77919.59,2026-06-01
2026,6,19,7,82890.14,2026-06-01
2026,6,20,22,125918.01,2026-06-01
2026,6,21,9,72026.67,2026-06-01
2026,6,22,23,63630.07,2026-06-01
2026,6,23,27,55200.21,2026-06-01
2026,6,24,23,63910.73,2026-06-01
2026,6,25,10,68534.33,2026-06-01
2026,6,26,28,108237.03,2026-06-01
2026,6,27,27,88586.09,2026-06-01
2026,6,28,12,78139.36,2026-06-01
2026,6,29,6,119498.88,2026-06-01
2026,6,30,5,115918.73,2026-06-01
2026,6,31,7,86940.36,2026-06-01
2026,6,32,12,66644.02,2026-06-01
2026,6,33,14,71471.20,2026-06-01
2026,6,34,1,117437.59,2026-06-01
2026,6,35,15,66811.83,2026-06-01
2026,6,36,5,104860.20,2026-06-01
2026,6,37,27,79353.73,2026-06-01
2026,6,38,18,103863.19,2026-06-01
2026,6,39,19,103695.83,2026-06-01
2026,6,40,23,58299.24,2026-06-01
2026,6,41,25,95639.68,2026-06-01
2026,6,42,28,63577.76,2026-06-01
2026,6,43,13,80786.01,2026-06-01
2026,6,44,22,81686.36,2026-06-01
2026,6,45,30,108865.07,2026-06-01
2026,6,46,12,127691.23,2026-06-01
2026,6,47,30,75405.99,2026-06-01
2026,6,48,12,76083.62,2026-06-01
2026,6,49,3,82967.28,2026-06-01
2026,6,50,11,95075.35,2026-06-01
2026,6,51,25,68515.51,2026-06-01
2026,6,52,16,96761.66,2026-06-01
2026,6,53,13,60955.16,2026-06-01
2026,6,54,15,70770.58,2026-06-01
2026,6,55,6,57714.71,2026-06-01
2026,6,56,29,112705.62,2026-06-01
2026,6,57,13,116174.94,2026-06-01
2026,6,58,25,118464.63,2026-06-01
2026,6,59,17,63066.84,2026-06-01
2026,6,60,8,70973.65,2026-06-01
2026,6,61,28,87053.39,2026-06-01
2026,6,62,21,66203.24,2026-06-01
2026,6,63,16,99328.89,2026-06-01
2026,6,64,29,94398.32,2026-06-01
2026,6,65,19,83663.97,2026-06-01
2026,6,66,23,71907.61,2026-06-01
2026,6,67,13,69262.07,2026-06-01
2026,6,68,12,96223.66,2026-06-01
2026,6,69,6,78528.97,2026-06-01
2026,6,70,3,126353.52,2026-06-01
2026,6,71,4,86955.92,2026-06-01
2026,6,72,27,72944.15,2026-06-01
2026,6,73,1,61256.21,2026-06-01
2026,6,74,2,101078.37,2026-06-01
2026,6,75,30,68292.63,2026-06-01
2026,6,76,3,102808.32,2026-06-01
2026,6,77,2,72333.07,2026-06-01
2026,6,78,29,70909.33,2026-06-01
2026,6,79,19,92647.33,2026-06-01
2026,6,80,13,81299.30,2026-06-01
2026,6,81,23,48232.21,2026-06-01
2026,6,82,11,73268.66,2026-06-01
2026,6,83,13,95210.59,2026-06-01
2026,6,84,1,60426.08,2026-06-01
2026,6,85,28,80012.69,2026-06-01
2026,6,86,26,100590.98,2026-06-01
2026,6,87,25,121906.56,2026-06-01
2026,6,88,17,137066.35,2026-06-01
2026,6,89,24,55931.77,2026-06-01
2026,6,90,13,60338.87,2026-06-01
2026,6,91,12,45475.43,2026-06-01
2026,6,92,12,70841.69,2026-06-01
2026,6,93,30,123249.51,2026-06-01
2026,6,94,19,73815.38,2026-06-01
2026,6,95,14,92694.48,2026-06-01
2026,6,96,29,113180.15,2026-06-01
2026,6,97,24,90171.89,2026-06-01
2026,6,98,30,86583.57,2026-06-01
2026,6,99,30,97168.56,2026-06-01
2026,6,100,16,93642.73,2026-06-01
2026,6,101,26,108317.13,2026-06-01
2026,6,102,6,98344.63,2026-06-01
2026,6,103,20,144294.12,2026-06-01
2026,6,104,1,54818.65,2026-06-01
2026,6,105,18,110767.92,2026-06-01
2026,6,106,6,94156.97,2026-06-01
2026,6,107,18,80674.04,2026-06-01
2026,6,108,7,72108.21,2026-06-01
2026,6,109,12,98545.15,2026-06-01
2026,6,110,25,74988.63,2026-06-01
2026,6,111,8,44928.81,2026-06-01
2026,6,112,12,69442.90,2026-06-01
2026,6,113,30,59753.93,2026-06-01
2026,6,114,8,102435.60,2026-06-01
2026,6,115,10,118681.85,2026-06-01
2026,6,116,5,85298.88,2026-06-01
2026,6,117,23,94005.39,2026-06-01
2026,6,118,17,109981.99,2026-06-01
2026,6,119,26,95501.25,2026-06-01
2026,6,120,4,74297.38,2026-06-01
2026,6,121,3,57248.18,2026-06-01
2026,6,122,12,67530.76,2026-06-01
2026,6,123,29,68118.59,2026-06-01
2026,6,124,10,77291.12,2026-06-01
2026,6,125,12,67315.50,2026-06-01
2026,6,126,12,98428.64,2026-06-01
2026,6,127,7,47057.95,2026-06-01
2026,6,128,10,131112.93,2026-06-01
2026,6,129,29,56668.10,2026-06-01
2026,6,130,22,104691.56,2026-06-01
2026,6,131,10,54122.62,2026-06-01
2026,6,132,19,87691.52,2026-06-01
2026,6,133,8,66817.95,2026-06-01
2026,6,134,1,69070.76,2026-06-01
2026,6,135,26,86324.41,2026-06-01
2026,6,136,6,97323.66,2026-06-01
2026,6,137,10,96046.97,2026-06-01
2026,6,138,26,99659.29,2026-06-01
2026,6,139,9,104752.07,2026-06-01
2026,6,140,21,101117.99,2026-06-01
2026,6,141,3,64903.89,2026-06-01
2026,6,142,19,77806.72,2026-06-01
2026,6,143,2,73843.68,2026-06-01
2026,6,144,5,86529.37,2026-06-01
2026,6,145,29,63324.51,2026-06-01
2026,6,146,11,78752.93,2026-06-01
2026,6,147,12,106034.48,2026-06-01
2026,6,148,4,75373.37,2026-06-01
2026,6,149,19,113701.94,2026-06-01
2026,6,150,21,126038.43,2026-06-01
2026,6,151,29,91521.37,2026-06-01
2026,6,152,2,83644.50,2026-06-01
2026,6,153,18,49603.94,2026-06-01
2026,6,154,4,87796.84,2026-06-01
2026,6,155,1,102840.05,2026-06-01
2026,6,156,14,79290.86,2026-06-01
2026,6,157,10,78956.75,2026-06-01
2026,6,158,25,73458.99,2026-06-01
2026,6,159,13,75773.15,2026-06-01
2026,6,160,17,48180.03,2026-06-01
2026,6,161,7,49458.65,2026-06-01
2026,6,162,17,104432.55,2026-06-01
2026,6,163,17,78997.91,2026-06-01
2026,6,164,16,98923.28,2026-06-01
2026,6,165,1,78962.04,2026-06-01
2026,6,166,10,83745.82,2026-06-01
2026,6,167,26,48475.35,2026-06-01
2026,6,168,30,75875.27,2026-06-01
2026,6,169,15,97168.46,2026-06-01
2026,6,170,2,83870.83,2026-06-01
2026,6,171,17,80829.00,2026-06-01
2026,6,172,19,72371.86,2026-06-01
2026,6,173,13,76812.23,2026-06-01
2026,6,174,11,51174.79,2026-06-01
2026,6,175,20,135864.82,2026-06-01
2026,6,176,24,81643.21,2026-06-01
2026,6,177,16,82598.09,2026-06-01
2026,6,178,4,93240.76,2026-06-01
2026,6,179,26,128282.42,2026-06-01
2026,6,180,12,76806.12,2026-06-01
2026,6,181,6,63581.87,2026-06-01
2026,6,182,14,110059.21,2026-06-01
2026,6,183,22,81641.15,2026-06-01
2026,6,184,15,55369.02,2026-06-01
2026,6,185,6,83232.89,2026-06-01
2026,6,186,11,107995.30,2026-06-01
2026,6,187,2,59195.44,2026-06-01
2026,6,188,12,79923.43,2026-06-01
2026,6,189,21,121097.18,2026-06-01
2026,6,190,20,68964.54,2026-06-01
2026,6,191,18,69623.56,2026-06-01
2026,6,192,28,64832.83,2026-06-01
2026,6,193,5,74708.05,2026-06-01
2026,6,194,5,105102.48,2026-06-01
2026,6,195,14,59282.49,2026-06-01
2026,6,196,6,111456.36,2026-06-01
2026,6,197,11,102242.81,2026-06-01
2026,6,198,3,50739.97,2026-06-01
2026,6,199,19,85464.15,2026-06-01
2026,6,200,24,59293.08,2026-06-01
2026,7,1,9,64562.12,2026-07-01
2026,7,2,9,48407.03,2026-07-01
2026,7,3,12,110690.38,2026-07-01
2026,7,4,11,127083.15,2026-07-01
2026,7,5,27,105498.97,2026-07-01
2026,7,6,20,87740.63,2026-07-01
2026,7,7,7,125185.50,2026-07-01
2026,7,8,29,90456.17,2026-07-01
2026,7,9,3,125643.92,2026-07-01
2026,7,10,8,66716.05,2026-07-01
2026,7,11,23,59430.59,2026-07-01
2026,7,12,15,106042.21,2026-07-01
2026,7,13,11,107626.43,2026-07-01
2026,7,14,14,67914.93,2026-07-01
2026,7,15,4,116818.15,2026-07-01
2026,7,16,1,58757.26,2026-07-01
2026,7,17,4,67133.28,2026-07-01
2026,7,18,24,92411.21,2026-07-01
2026,7,19,7,87882.65,2026-07-01
2026,7,20,22,82978.62,2026-07-01
2026,7,21,9,64880.73,2026-07-01
2026,7,22,23,79992.58,2026-07-01
2026,7,23,27,58987.15,2026-07-01
2026,7,24,23,91815.64,2026-07-01
2026,7,25,10,64890.38,2026-07-01
2026,7,26,28,72992.39,2026-07-01
2026,7,27,27,83083.30,2026-07-01
2026,7,28,12,80785.27,2026-07-01
2026,7,29,6,98998.95,2026-07-01
2026,7,30,5,116266.98,2026-07-01
2026,7,31,7,92576.24,2026-07-01
2026,7,32,12,52163.27,2026-07-01
2026,7,33,14,81584.37,2026-07-01
2026,7,34,1,110635.39,2026-07-01
2026,7,35,15,52273.69,2026-07-01
2026,7,36,5,92866.32,2026-07-01
2026,7,37,27,83812.67,2026-07-01
2026,7,38,18,82757.25,2026-07-01
2026,7,39,19,82742.29,2026-07-01
2026,7,40,23,79252.16,2026-07-01
2026,7,41,25,93346.23,2026-07-01
2026,7,42,28,44061.30,2026-07-01
2026,7,43,13,98266.89,2026-07-01
2026,7,44,22,82606.59,2026-07-01
2026,7,45,30,138490.44,2026-07-01
2026,7,46,12,80017.59,2026-07-01
2026,7,47,30,68243.83,2026-07-01
2026,7,48,12,59054.89,2026-07-01
2026,7,49,3,88083.62,2026-07-01
2026,7,50,11,89324.56,2026-07-01
2026,7,51,25,63859.13,2026-07-01
2026,7,52,16,90115.17,2026-07-01
2026,7,53,13,50335.76,2026-07-01
2026,7,54,15,76429.83,2026-07-01
2026,7,55,6,56602.26,2026-07-01
2026,7,56,29,114780.88,2026-07-01
2026,7,57,13,92131.22,2026-07-01
2026,7,58,25,95846.86,2026-07-01
2026,7,59,17,64842.04,2026-07-01
2026,7,60,8,70768.26,2026-07-01
2026,7,61,28,83619.96,2026-07-01
2026,7,62,21,80454.86,2026-07-01
2026,7,63,16,129219.33,2026-07-01
2026,7,64,29,90072.35,2026-07-01
2026,7,65,19,76020.57,2026-07-01
2026,7,66,23,87182.61,2026-07-01
2026,7,67,13,68960.28,2026-07-01
2026,7,68,12,94692.82,2026-07-01
2026,7,69,6,72320.15,2026-07-01
2026,7,70,3,116558.03,2026-07-01
2026,7,71,4,67734.48,2026-07-01
2026,7,72,27,77016.97,2026-07-01
2026,7,73,1,68081.20,2026-07-01
2026,7,74,2,70211.14,2026-07-01
2026,7,75,30,72969.58,2026-07-01
2026,7,76,3,116303.03,2026-07-01
2026,7,77,2,82840.52,2026-07-01
2026,7,78,29,56007.67,2026-07-01
2026,7,79,19,63786.66,2026-07-01
2026,7,80,13,106491.56,2026-07-01
2026,7,81,23,45612.87,2026-07-01
2026,7,82,11,90237.55,2026-07-01
2026,7,83,13,83755.25,2026-07-01
2026,7,84,1,58135.18,2026-07-01
2026,7,85,28,72697.99,2026-07-01
2026,7,86,26,86665.07,2026-07-01
2026,7,87,25,75586.90,2026-07-01
2026,7,88,17,104175.37,2026-07-01
2026,7,89,24,73658.64,2026-07-01
2026,7,90,13,79695.68,2026-07-01
2026,7,91,12,69482.38,2026-07-01
2026,7,92,12,80491.69,2026-07-01
2026,7,93,30,119251.81,2026-07-01
2026,7,94,19,95774.10,2026-07-01
2026,7,95,14,102737.73,2026-07-01
2026,7,96,29,76046.29,2026-07-01
2026,7,97,24,78111.73,2026-07-01
2026,7,98,30,67367.89,2026-07-01
2026,7,99,30,76015.65,2026-07-01
2026,7,100,16,87862.47,2026-07-01
2026,7,101,26,76213.93,2026-07-01
2026,7,102,6,73432.77,2026-07-01
2026,7,103,20,76418.62,2026-07-01
2026,7,104,1,69954.63,2026-07-01
2026,7,105,18,116496.13,2026-07-01
2026,7,106,6,86517.48,2026-07-01
2026,7,107,18,67918.05,2026-07-01
2026,7,108,7,91056.92,2026-07-01
2026,7,109,12,68107.06,2026-07-01
2026,7,110,25,106592.61,2026-07-01
2026,7,111,8,76153.22,2026-07-01
2026,7,112,12,72338.35,2026-07-01
2026,7,113,30,75032.78,2026-07-01
2026,7,114,8,88210.89,2026-07-01
2026,7,115,10,107718.34,2026-07-01
2026,7,116,5,68960.65,2026-07-01
2026,7,117,23,87216.14,2026-07-01
2026,7,118,17,111030.31,2026-07-01
2026,7,119,26,68891.71,2026-07-01
2026,7,120,4,54974.23,2026-07-01
2026,7,121,3,78162.62,2026-07-01
2026,7,122,12,71244.79,2026-07-01
2026,7,123,29,57233.09,2026-07-01
2026,7,124,10,63762.75,2026-07-01
2026,7,125,12,53952.90,2026-07-01
2026,7,126,12,62361.96,2026-07-01
2026,7,127,7,46424.66,2026-07-01
2026,7,128,10,130460.41,2026-07-01
2026,7,129,29,62747.90,2026-07-01
2026,7,130,22,99319.30,2026-07-01
2026,7,131,10,60766.02,2026-07-01
2026,7,132,19,66379.87,2026-07-01
2026,7,133,8,69633.27,2026-07-01
2026,7,134,1,76345.98,2026-07-01
2026,7,135,26,67573.59,2026-07-01
2026,7,136,6,131865.56,2026-07-01
2026,7,137,10,77200.82,2026-07-01
2026,7,138,26,71117.01,2026-07-01
2026,7,139,9,89908.61,2026-07-01
2026,7,140,21,82111.89,2026-07-01
2026,7,141,3,45339.22,2026-07-01
2026,7,142,19,69151.97,2026-07-01
2026,7,143,2,53616.74,2026-07-01
2026,7,144,5,82780.85,2026-07-01
2026,7,145,29,53341.47,2026-07-01
2026,7,146,11,96366.93,2026-07-01
2026,7,147,12,126687.68,2026-07-01
2026,7,148,4,71095.62,2026-07-01
2026,7,149,19,79646.83,2026-07-01
2026,7,150,21,78909.94,2026-07-01
2026,7,151,29,73305.30,2026-07-01
2026,7,152,2,73359.42,2026-07-01
2026,7,153,18,66233.99,2026-07-01
2026,7,154,4,96174.66,2026-07-01
2026,7,155,1,79102.85,2026-07-01
2026,7,156,14,66148.51,2026-07-01
2026,7,157,10,69324.65,2026-07-01
2026,7,158,25,64047.15,2026-07-01
2026,7,159,13,61319.50,2026-07-01
2026,7,160,17,64782.92,2026-07-01
2026,7,161,7,73381.76,2026-07-01
2026,7,162,17,93443.47,2026-07-01
2026,7,163,17,87251.62,2026-07-01
2026,7,164,16,69801.48,2026-07-01
2026,7,165,1,87202.37,2026-07-01
2026,7,166,10,78517.58,2026-07-01
2026,7,167,26,71921.66,2026-07-01
2026,7,168,30,69251.93,2026-07-01
2026,7,169,15,84087.19,2026-07-01
2026,7,170,2,82613.98,2026-07-01
2026,7,171,17,58729.26,2026-07-01
2026,7,172,19,76199.91,2026-07-01
2026,7,173,13,108278.05,2026-07-01
2026,7,174,11,53842.60,2026-07-01
2026,7,175,20,125894.44,2026-07-01
2026,7,176,24,91297.47,2026-07-01
2026,7,177,16,74194.36,2026-07-01
2026,7,178,4,77433.14,2026-07-01
2026,7,179,26,98495.55,2026-07-01
2026,7,180,12,78907.19,2026-07-01
2026,7,181,6,66051.05,2026-07-01
2026,7,182,14,105155.50,2026-07-01
2026,7,183,22,83555.23,2026-07-01
2026,7,184,15,54697.30,2026-07-01
2026,7,185,6,113548.84,2026-07-01
2026,7,186,11,103549.15,2026-07-01
2026,7,187,2,55300.78,2026-07-01
2026,7,188,12,55380.45,2026-07-01
2026,7,189,21,95075.70,2026-07-01
2026,7,190,20,55945.41,2026-07-01
2026,7,191,18,67212.91,2026-07-01
2026,7,192,28,82123.27,2026-07-01
2026,7,193,5,55071.32,2026-07-01
2026,7,194,5,96011.12,2026-07-01
2026,7,195,14,71984.34,2026-07-01
2026,7,196,6,114969.34,2026-07-01
2026,7,197,11,66503.40,2026-07-01
2026,7,198,3,59097.23,2026-07-01
2026,7,199,19,75552.46,2026-07-01
2026,7,200,24,93843.79,2026-07-01
